price_id,resto_id,avg_price,min_price,max_price,std_price
1,1,38642.857142857145,25000.0,58000.0,8755.464765808045
2,2,66906.66666666667,2800.0,349000.0,67317.69587395113
3,3,62767.69230769231,13750.0,144650.0,30177.2984348898
4,4,77113.3,31999.0,286000.0,51382.407785252726
5,5,61286.16279069767,1000.0,295900.0,47815.464311560216
6,6,60927.77777777778,15000.0,199900.0,42676.95586295249
7,7,18125.0,8000.0,40000.0,9426.525075551435
8,8,55808.70967741936,18000.0,94990.0,21655.639322451323
9,9,61443.13725490196,1300.0,148000.0,37822.23775226691
10,10,58125.0,1000.0,130000.0,43365.99330120319
11,11,63086.09271523179,15000.0,350000.0,63549.5260164744
12,12,46518.68686868687,4800.0,200000.0,37277.38000305075
13,13,110272.0,40000.0,202000.0,38301.20123442606
14,14,103143.75,5000.0,375000.0,103658.29964811068
15,15,29117.647058823528,5000.0,50000.0,18489.68664176672
16,16,133555.1,0.0,320000.0,61437.53920934659
17,17,49700.0,39000.0,56500.0,5265.611708687478
18,18,154041.17647058822,0.0,1166000.0,236948.963909479
19,19,,,,
20,20,86217.0542635659,22000.0,495000.0,75981.15956193944
21,21,34402.17391304348,3500.0,99500.0,18435.144710348584
22,22,47572.794117647056,4800.0,200000.0,38851.82109614714
23,23,36436.69822485207,0.0,350000.0,41778.21651465771
24,24,101044.11764705884,5500.0,701500.0,174079.5767009959
25,25,149512.8205128205,20000.0,324000.0,79412.22272223423
26,26,109392.16666666669,1.0,465000.0,95722.03400236882
27,27,60216.675,5500.0,196800.0,44219.58265937588
28,28,41568.181818181816,6900.0,208100.0,40303.38792846572
29,29,20989.473684210527,7000.0,250000.0,25676.733165236983
30,30,16500.0,5000.0,68000.0,15216.29765369074
31,31,122520.06666666668,7000.0,1202000.0,205181.3269867953
32,32,14000.0,3500.0,35000.0,14849.2424049175
33,33,22850.0,5500.0,85000.0,21014.340341776136
34,34,44361.64383561644,17600.0,154000.0,29394.578896978288
35,35,113471.42857142857,2500.0,390000.0,115252.70017643484
36,36,45000.0,12000.0,185000.0,47128.302781629245
37,37,64441.17647058824,11000.0,218000.0,38154.63211141071
38,38,93022.5,2500.0,380000.0,104837.9737678576
39,39,,,,
40,40,18280.0,5000.0,57000.0,10630.221070137724
41,41,55410.71428571428,26000.0,125000.0,19938.097761495173
42,42,29342.85714285714,23000.0,46000.0,7034.376232445336
43,43,22964.285714285717,5000.0,41000.0,7835.278018848665
44,44,46167.5,5000.0,165000.0,26807.2880715301
45,45,,,,
46,46,50116.27906976744,1500.0,177000.0,39376.88160277969
47,47,42935.48387096774,5000.0,120000.0,34860.02931898807
48,48,28766.666666666668,5000.0,99000.0,17849.712104743376
49,49,200864.8,14300.0,969100.0,211055.987770923
50,50,20818.18181818182,8000.0,50000.0,6798.638658092204
51,51,130685.18518518518,3000.0,294000.0,97364.49730819144
52,52,52272.0,5500.0,134200.0,27368.778123986463
53,53,142964.1377245509,7000.0,986000.0,191603.32018724893
54,54,298121.9512195122,37000.0,598500.0,238554.6360819524
55,55,97810.60606060606,12500.0,250000.0,62917.13918053643
56,56,132533.33333333334,83000.0,200000.0,33517.65040823848
57,57,39814.28571428572,3000.0,160000.0,33543.27390833811
58,58,45368.42105263158,9000.0,138000.0,39585.13214554942
59,59,30777.26785714286,4500.0,290000.0,54216.31773901887
60,60,51301.38888888889,10000.0,192000.0,44843.58694102931
61,61,105932.43243243244,35000.0,197000.0,39691.53224456206
62,62,84318.18181818182,22500.0,165000.0,33256.08128070354
63,63,66808.33333333333,6500.0,136500.0,44207.945332887335
64,64,40638.29787234042,1500.0,231250.0,48626.41568917578
65,65,70046.875,1500.0,275000.0,81030.11683309099
66,66,89468.18181818182,25000.0,660000.0,101811.00867589567
67,67,39101.92307692308,9500.0,65000.0,9756.580429965745
68,68,131503.8961038961,10000.0,376200.0,73285.53203463556
69,69,35300.0,3600.0,66000.0,17184.262826460985
70,70,41000.05555555556,1.0,185000.0,41589.20666667712
71,71,51138.25136612022,20000.0,162500.0,29931.191786345946
72,72,55163.960396039605,6000.0,160550.0,34940.39445274313
73,73,32928.5393258427,4990.0,134000.0,25658.157541573964
74,74,47130.0,9500.0,180000.0,31616.381829678103
75,75,59262.69491525424,5000.0,254500.0,45076.74068581352
76,76,32302.795,1500.0,73500.0,15812.83944214242
77,77,19272.5,2500.0,137000.0,17376.38465705683
78,78,32666.666666666668,4000.0,120000.0,32894.61286526345
79,79,28263.157894736843,10000.0,149000.0,22156.957099801355
80,80,25383.33333333333,7500.0,42000.0,8348.982365291455
81,81,47558.09523809524,1000.0,135000.0,31788.937321880105
82,82,26273.28244274809,5000.0,150000.0,19149.79849385733
83,83,16500.0,3500.0,65000.0,22263.037913610468
84,84,53628.769230769234,5000.0,109900.0,27110.58886120497
85,85,52937.93805309734,7000.0,218999.0,34838.11954382936
86,86,58125.0,1000.0,130000.0,43365.99330120319
87,87,42000.0,6000.0,72000.0,19976.45673109753
88,88,28190.47619047619,15000.0,90000.0,17535.32230512662
89,89,27920.289855072464,14000.0,39500.0,7219.449971223467
90,90,13192.913385826772,4000.0,27000.0,5326.374446143406
91,91,54761.90476190476,43000.0,64000.0,5991.301328591087
92,92,23843.75,13000.0,59000.0,7440.847460975127
93,93,42282.65217391304,1.0,82500.0,27830.682535661177
94,94,110272.0,40000.0,202000.0,38301.20123442606
95,95,87620.68965517242,5000.0,315000.0,85516.44882836302
96,96,45966.66666666666,3000.0,115000.0,38779.27567944278
97,97,24416.666666666668,3000.0,47000.0,13767.161008073605
98,98,39300.0,36900.0,42900.0,2939.387691339813
99,99,24067.816091954024,4000.0,70000.0,13939.899686745332
100,100,30657.0,1.0,79990.0,19848.40943478618
101,101,47397.12698412698,7500.0,165000.0,34699.72972379626
102,102,36436.69822485207,0.0,350000.0,41778.21651465771
103,103,133555.1,0.0,320000.0,61437.53920934659
104,104,28431.03448275862,5500.0,59000.0,12536.652565598804
105,105,20606.97674418605,7650.0,113000.0,13924.034271532371
106,106,8243.116883116883,1800.0,34700.0,7630.376454048265
107,107,34486.45,1.0,73500.0,12445.43022870242
108,108,30788.46153846154,2500.0,109000.0,27611.02520765485
109,109,49678.66071428572,6500.0,116001.0,25863.25550274678
110,110,45243.24324324324,3000.0,284000.0,56136.612037982784
111,111,23791.42857142857,11000.0,34100.0,5809.271969560948
112,112,16500.0,5000.0,68000.0,15216.29765369074
113,113,57624.02857142857,12000.0,329000.0,70992.84590374913
114,114,39857.142857142855,15000.0,102000.0,24127.213866909537
115,115,15289.473684210529,3000.0,96000.0,21080.24504843193
116,116,14816.530612244898,6001.0,39001.0,8565.834627244902
117,117,,,,
118,118,44361.64383561644,17600.0,154000.0,29394.578896978288
119,119,55666.66666666666,9000.0,166000.0,42269.91875726794
120,120,34444.444444444445,6000.0,109500.0,20492.335212687107
121,121,22108.108108108107,1000.0,70000.0,11886.362350789184
122,122,50608.69565217391,3000.0,136000.0,33093.72609716725
123,123,101200.0,32000.0,216000.0,69691.893359271
124,124,60458.2,2750.0,500060.0,93002.19795660744
125,125,19000.0,12000.0,24000.0,3316.6247903554
126,126,34214.28571428572,2500.0,75000.0,15469.4564103802
127,127,,,,
128,128,27032.79069767442,1000.0,100000.0,15159.914144320515
129,129,32526.315789473683,7000.0,43000.0,12836.49575502201
130,130,22964.285714285717,5000.0,41000.0,7835.278018848665
131,131,30272.78787878788,14500.0,145000.0,27884.923897568493
132,132,25045.454545454544,12500.0,150000.0,30293.604594680422
133,133,22963.93442622951,13050.0,38700.0,7862.413861747867
134,134,47175.649122807015,1.0,124201.0,25488.13766640173
135,135,19092.5,4000.0,99000.0,18088.330319573444
136,136,28766.666666666668,5000.0,99000.0,17849.712104743376
137,137,53768.11594202898,5000.0,94000.0,25112.43985718553
138,138,47537.73584905661,9000.0,140000.0,25819.83095113752
139,139,21142.92857142857,1.0,37000.0,13238.666314270944
140,140,32931.818181818184,1500.0,40000.0,10917.35009321636
141,141,78719.50588235294,3400.0,202101.0,60771.65602920755
142,142,70468.1875,15000.0,360000.0,58132.95373454151
143,143,74890.43103448275,7999.0,176000.0,49719.26700957468
144,144,46232.188405797104,7500.0,165000.0,33041.829908301705
145,145,142066.66666666666,1000.0,300000.0,98049.96458722236
146,146,64506.57894736842,7500.0,275000.0,60004.99531952651
147,147,79403.61445783133,7500.0,245000.0,52025.21734647288
148,148,,,,
149,149,36250.0,9000.0,109000.0,18732.41599716676
150,150,130288.26923076923,8000.0,1500000.0,283494.9573169156
151,151,59702.22222222222,12100.0,338800.0,64722.92360134988
152,152,17805.555555555555,13000.0,25000.0,3227.007940323913
153,153,113215.3846153846,103800.0,120000.0,5423.857008814946
154,154,68148.4375,34375.0,178750.0,33164.19316817603
155,155,16375.0,5000.0,30000.0,9232.24647634583
156,156,12362.06896551724,9000.0,22000.0,3823.46780609034
157,157,54610.9756097561,12100.0,198000.0,37642.40280975815
158,158,69333.796875,15000.0,360000.0,58168.05390691797
159,159,18000.0,6000.0,24000.0,5954.371961386478
160,160,23500.0,19000.0,29000.0,3840.572873934304
161,161,30285.714285714286,24000.0,32000.0,2710.523708715754
162,162,87086.95652173914,12500.0,212000.0,61611.44941837428
163,163,92450.0,43000.0,170000.0,37403.174998922215
164,164,80406.73267326732,18150.0,302500.0,49815.045842545136
165,165,47600.0,17000.0,93000.0,25231.726060656256
166,166,32633.33333333333,2000.0,60000.0,21076.421792029963
167,167,19848.837209302324,4500.0,42000.0,6550.816462269143
168,168,43312.5,19000.0,135000.0,15801.750298621986
169,169,51237.456790123455,3234.0,183750.0,41614.52419055344
170,170,27067.16417910448,8000.0,43000.0,5048.93628695804
171,171,11071.42857142857,6000.0,25000.0,5535.138218874107
172,172,49922.5,7500.0,180000.0,28240.400913407728
173,173,98600.0,87000.0,123250.0,15567.94492188706
174,174,43565.239130434784,6500.0,91000.0,17542.074712065452
175,175,26500.0,25000.0,28000.0,1500.0
176,176,96525.0,52800.0,218900.0,70727.41247211014
177,177,158324.46808510635,10000.0,530000.0,108129.28597942
178,178,31551.08695652174,4500.0,138000.0,26305.153217098872
179,179,24766.666666666668,5000.0,85000.0,20572.932594930546
180,180,,,,
181,181,50000.0,50000.0,50000.0,0.0
182,182,77860.77215189874,1.0,289000.0,62676.06215707643
183,183,24000.0,4000.0,35000.0,7433.620983762392
184,184,72579.74137931035,15000.0,151250.0,35065.19711394778
185,185,83559.52380952382,500.0,356000.0,95648.4574329197
186,186,19206.896551724138,2000.0,40000.0,10873.502466356009
187,187,35096.77419354839,9000.0,109000.0,21291.91098669024
188,188,215525.8620689655,30250.0,1082950.0,218909.4288468405
189,189,31687.5,6000.0,142000.0,22005.65687860944
190,190,18126.315789473683,500.0,31700.0,8106.387481828152
191,191,26133.33333333333,4000.0,79000.0,22458.455472766207
192,192,19814.285714285717,2200.0,55000.0,13727.376564622198
193,193,20333.33333333333,8000.0,50000.0,9362.200256926448
194,194,86563.63636363637,52000.0,164000.0,28826.76384975578
195,195,178085.4854368932,10000.0,858000.0,184424.19494898137
196,196,37082.69230769231,1100.0,93500.0,27333.937212203997
197,197,50236.84210526316,8000.0,250000.0,57775.169593923725
198,198,,,,
199,199,646800.0,646800.0,646800.0,0.0
200,200,,,,
201,201,22857.14285714286,8000.0,27000.0,3955.535172818131
202,202,68057.65384615384,4400.0,579800.0,111688.1347573344
203,203,38255.31914893617,2000.0,380000.0,69433.64139099314
204,204,43441.444444444445,3000.0,135000.0,34873.438863063144
205,205,31641.02564102564,3000.0,244000.0,40641.95582531721
206,206,26176.470588235294,4000.0,52000.0,15325.815568424743
207,207,26750.0,3500.0,55000.0,16598.999539559176
208,208,16240.74074074074,2000.0,55500.0,11363.008836645053
209,209,30230.76923076923,3000.0,55000.0,14626.918525859444
210,210,31916.666666666668,4000.0,106000.0,24280.33612251325
211,211,44500.0,5500.0,90000.0,22795.86428656366
212,212,109750.0,6000.0,650000.0,145526.12881083132
213,213,56466.66666666666,5000.0,250000.0,61129.225598090336
214,214,36150.38167938931,3000.0,294000.0,41460.148020721324
215,215,17531.496062992126,3000.0,110000.0,17015.13314756932
216,216,36351.851851851854,5000.0,68000.0,19166.04579420229
217,217,20662.162162162163,2000.0,34000.0,11743.344322023231
218,218,26339.285714285717,3000.0,60000.0,16776.925890846
219,219,83114.86486486487,3000.0,725000.0,131361.64613894382
220,220,17911.764705882353,5000.0,40000.0,11810.682221314397
221,221,73769.23076923077,39000.0,120000.0,31238.915193796456
222,222,38881.05882352941,4000.0,125000.0,37335.752041789005
223,223,23270.83333333333,2500.0,110000.0,23839.296675284324
224,224,28901.020408163266,2500.0,51000.0,14887.703766819215
225,225,32454.545454545456,3000.0,60000.0,16394.919592049
226,226,40771.79487179488,4500.0,285000.0,49821.52736605059
227,227,25500.0,2500.0,93000.0,21508.137994721907
228,228,43382.35294117647,5000.0,85000.0,20344.119985712816
229,229,50717.94871794872,5500.0,215000.0,41503.2891609431
230,230,44291.66666666666,5000.0,78000.0,20157.66844707548
231,231,89222.22222222222,9000.0,290000.0,82197.29351826858
232,232,95967.39130434782,4000.0,480000.0,103500.70374544997
233,233,64150.0,4000.0,298000.0,70406.81193369479
234,234,27243.589743589742,3500.0,130000.0,27648.40418144251
235,235,19647.058823529413,4000.0,40000.0,12404.653664087184
236,236,52894.73684210526,2000.0,147000.0,37197.58019413587
237,237,74487.80487804877,2500.0,250000.0,75498.06069265734
238,238,33684.21052631579,7000.0,50000.0,12544.877887761068
239,239,26679.61165048544,2000.0,83000.0,16384.46670977569
240,240,34519.48051948052,6000.0,150000.0,29785.209608435725
241,241,98142.85714285714,6000.0,650000.0,129466.408849586
242,242,23772.727272727272,3000.0,48000.0,15020.990822487584
243,243,31031.25,5000.0,72000.0,18120.662196440284
244,244,85105.505,300.0,542300.0,82201.43170103531
245,245,30852.0,2500.0,133000.0,24422.66357300121
246,246,23190.47619047619,2500.0,50000.0,15614.76422101866
247,247,19918.75,2500.0,60000.0,11085.5180725801
248,248,67195.12195121951,3500.0,290000.0,54893.16431396319
249,249,33840.98591549296,3530.0,168800.0,24827.642089091485
250,250,8142.857142857143,3000.0,22000.0,6495.681453936947
251,251,34000.0,8000.0,55000.0,11905.880899790658
252,252,25727.272727272728,7000.0,35000.0,7218.548193129205
253,253,,,,
254,254,91714.28571428572,3600.0,360000.0,113399.46369955609
255,255,33836.73469387755,5000.0,169000.0,31680.385316905034
256,256,41750.0,5000.0,125000.0,36347.928070249065
257,257,60612.0,5500.0,133000.0,34875.78323134837
258,258,14447.5,1200.0,38000.0,9808.567364809196
259,259,33860.27272727273,3000.0,290000.0,35933.89316170444
260,260,50644.06779661017,4000.0,230000.0,46320.46174935403
261,261,34925.0,2000.0,230000.0,39803.50958144269
262,262,41600.0,9000.0,78000.0,23060.78923194087
263,263,40852.65934065934,3500.0,318050.0,37893.93480426499
264,264,30666.666666666668,6000.0,65000.0,16429.986136465373
265,265,38648.0,12500.0,80000.0,9734.298690712136
266,266,27329.025,6450.0,88500.0,13257.069827996494
267,267,32302.795,1500.0,73500.0,15812.83944214242
268,268,26546.938775510203,3000.0,50000.0,8231.958678839996
269,269,28666.666666666668,7000.0,115000.0,15147.34565454458
270,270,27329.025,6450.0,88500.0,13257.069827996494
271,271,28640.0,4000.0,50000.0,10005.140107536154
272,272,42090.90909090909,21000.0,202000.0,44625.623592189
273,273,21509.43396226415,7000.0,46000.0,11001.92546014309
274,274,17918.91891891892,12000.0,24000.0,3165.509893416501
275,275,83387.75510204081,5000.0,105000.0,29798.74648771899
276,276,60823.52941176471,10000.0,120000.0,19462.58943571622
277,277,54940.0,8000.0,97000.0,16655.821805002597
278,278,34486.45,1.0,73500.0,12445.43022870242
279,279,115580.88235294116,5000.0,400000.0,104486.78358213112
280,280,35724.137931034486,17000.0,79000.0,15267.492063597398
281,281,49678.66071428572,6500.0,116001.0,25863.25550274678
282,282,27880.0,5000.0,45000.0,14580.31549727234
283,283,33268.36708860759,1.0,128000.0,24335.972319565608
284,284,22108.108108108107,1000.0,70000.0,11886.362350789184
285,285,,,,
286,286,23201.53846153846,4400.0,30800.0,5608.002312840857
287,287,48717.391304347824,10000.0,320000.0,43506.890030789706
288,288,21577.777777777777,5000.0,42750.0,8878.74681820179
289,289,88876.71232876713,8000.0,166000.0,31095.938688032045
290,290,55527.725,7201.0,108000.0,17946.39596825432
291,291,19830.508474576272,2000.0,47000.0,13229.592589359534
292,292,61946.68,10230.0,566912.0,61821.62567676137
293,293,42395.348837209305,10000.0,60000.0,7150.018815664691
294,294,83666.66666666667,7000.0,199000.0,62991.71021297609
295,295,39530.10989010989,7500.0,130000.0,25222.756491764914
296,296,53044.232558139534,550.0,299200.0,47772.30550070714
297,297,69454.54545454546,0.0,168000.0,36050.75623053403
298,298,48236.16666666666,5500.0,133448.0,34819.56027348549
299,299,47040.0,8900.0,137900.0,25068.91301991373
300,300,61904.76190476191,20000.0,200000.0,53060.52677022522
301,301,45402.439024390245,4000.0,320000.0,53294.16404148233
302,302,76329.47976878613,4000.0,325000.0,52834.1674160781
303,303,87855.26315789473,2000.0,199000.0,49005.02228487682
304,304,23432.035928143712,6000.0,65000.0,9039.947888735009
305,305,26829.02,6187.0,91575.0,15664.867309990212
306,306,43285.71428571428,3000.0,135000.0,40404.08142648917
307,307,11812.5,3500.0,52500.0,12671.171759154717
308,308,49290.24390243903,10000.0,99000.0,19878.077210813128
309,309,59125.0,8800.0,106700.0,34184.32833289881
310,310,64686.56716417911,7000.0,119000.0,26275.781343864237
311,311,39617.92452830189,31625.0,65000.0,8298.29400709967
312,312,30787.735849056604,8000.0,43500.0,9585.993150682994
313,313,88567.64705882352,3000.0,300000.0,69359.52560047172
314,314,26153.846153846152,5000.0,50000.0,7538.579276945551
315,315,32968.75,3750.0,65000.0,16487.892101099522
316,316,51808.72549019608,1.0,166500.0,44724.15102322428
317,317,95042.55319148937,11000.0,336600.0,59678.89280108573
318,318,73697.67441860466,12000.0,350000.0,50483.49252822635
319,319,59280.41666666666,6875.0,522500.0,79741.19610387336
320,320,49142.5,3000.0,175000.0,22436.82115964737
321,321,54459.42937853107,8900.0,411901.0,40601.49282561839
322,322,29650.0,4000.0,96000.0,28140.76224980411
323,323,65335.365853658535,7500.0,125000.0,29429.308114287414
324,324,69014.92537313433,2400.0,98000.0,19191.76793153029
325,325,30127.272727272728,12000.0,60000.0,10781.30460220932
326,326,84115.0442477876,8750.0,121250.0,14008.216433683105
327,327,25329.787234042557,5000.0,84500.0,21423.60911738041
328,328,78738.73873873874,5000.0,200000.0,27875.757723862687
329,329,23634.496240601504,3400.0,110000.0,15021.847463858414
330,330,34642.22222222222,5500.0,172100.0,36631.74997420734
331,331,22497.24770642202,3500.0,38000.0,7232.307849403936
332,332,26991.666666666668,3000.0,65000.0,16292.745062348047
333,333,26964.285714285717,4500.0,73000.0,17494.350400011066
334,334,83241.46341463414,6000.0,465500.0,102550.58472347542
335,335,22613.33333333333,3000.0,144000.0,16816.57383522445
336,336,33109.77272727273,4990.0,134000.0,25782.62875276477
337,337,20129.91452991453,3000.0,44000.0,8688.781104775971
338,338,13437.5,3000.0,35000.0,10709.650535070385
339,339,61222.34615384616,1000.0,295900.0,47636.71820781682
340,340,19643.886363636364,4750.0,45000.0,6401.350181499031
341,341,20000.0,6000.0,45000.0,12429.802894656052
342,342,51967.74193548387,15000.0,175000.0,38090.286519783614
343,343,25383.33333333333,7500.0,42000.0,8348.982365291455
344,344,27329.025,6450.0,88500.0,13257.069827996494
345,345,66730.57954545454,1.0,423700.0,76261.40017694546
346,346,46076.11111111111,11000.0,97800.0,20227.171990379557
347,347,39249.25373134328,1000.0,284000.0,43260.02385138256
348,348,30772.058823529413,1000.0,39700.0,6489.240995865552
349,349,,,,
350,350,30651.6,3000.0,123600.0,17044.205978572303
351,351,58125.0,1000.0,130000.0,43365.99330120319
352,352,52333.0,8260.0,100300.0,30962.972903130605
353,353,42282.65217391304,1.0,82500.0,27830.682535661177
354,354,63086.09271523179,15000.0,350000.0,63549.5260164744
355,355,66560.0,18000.0,270000.0,67491.86090847466
356,356,110646.01769911504,40000.0,202000.0,41585.64472234545
357,357,20307.69230769231,6000.0,105000.0,27263.34427080439
358,358,29702.0,5000.0,145000.0,14913.910318893566
359,359,79657.75862068965,7225.0,259200.0,57476.86982433721
360,360,26733.33333333333,7000.0,130000.0,30928.87898963613
361,361,42448.27586206896,13000.0,95000.0,12510.92269509011
362,362,87620.68965517242,5000.0,315000.0,85516.44882836302
363,363,175658.53658536586,10000.0,465000.0,133636.19795076657
364,364,49678.66071428572,6500.0,116001.0,25863.25550274678
365,365,32269.34375,6270.0,110000.0,21862.1619786753
366,366,133555.1,0.0,320000.0,61437.53920934659
367,367,30788.46153846154,2500.0,109000.0,27611.02520765485
368,368,69680.85106382979,9000.0,168000.0,45461.747484913874
369,369,8243.116883116883,1800.0,34700.0,7630.376454048265
370,370,54552.63157894737,6000.0,350000.0,52851.80242329094
371,371,43821.42857142857,5000.0,200000.0,49410.31093335289
372,372,62921.05263157895,2000.0,170000.0,43334.30729070964
373,373,57951.6129032258,12000.0,299000.0,58671.97699494467
374,374,25094.64285714286,3000.0,41250.0,9682.360058426892
375,375,26105.416666666668,1.0,60000.0,11283.153649911004
376,376,39010.0,2000.0,115500.0,23460.343134745493
377,377,22716.176470588234,4400.0,91000.0,15315.386441458506
378,378,10080.0,4000.0,17000.0,3519.033958347092
379,379,29074.074074074077,7000.0,100000.0,12649.86973804769
380,380,65878.94736842105,100.0,225150.0,50054.2705009592
381,381,32000.0,5000.0,41000.0,11535.897150933824
382,382,31722.85714285714,4130.0,60180.0,18644.890055188527
383,383,41053.83018867925,2500.0,180000.0,29181.296359099248
384,384,46820.53846153846,1.0,83000.0,23025.98863363337
385,385,33639.5,14250.0,157700.0,26720.42200733364
386,386,19997.163120567377,2700.0,44000.0,9809.330796518148
387,387,346410.5,28000.0,1800000.0,297008.8206430072
388,388,25500.0,2500.0,93000.0,21508.137994721907
389,389,27039.70588235294,2500.0,96000.0,18983.71507763401
390,390,39385.55421686747,13000.0,114000.0,25157.286874733985
391,391,154825.0,66000.0,253000.0,38831.519092098366
392,392,54550.0,11000.0,108000.0,26603.139766849807
393,393,47130.0,9500.0,180000.0,31616.381829678103
394,394,22737.256637168142,3000.0,62000.0,10353.216314227266
395,395,59262.69491525424,5000.0,254500.0,45076.74068581352
396,396,1297702.7027027027,30000.0,4300000.0,1304204.5284980638
397,397,32258.82352941177,23800.0,99000.0,17209.4043655182
398,398,,,,
399,399,38475.26050420168,10001.0,182000.0,20396.763465229164
400,400,29400.0,6000.0,63900.0,14248.21970303246
401,401,75211.46534653465,4000.0,355500.0,83835.99605424401
402,402,54295.718181818185,4499.0,241501.0,49509.57378713954
403,403,51945.864197530864,501.0,260000.0,52643.99118860108
404,404,23888.297872340427,4500.0,49250.0,9787.884460349153
405,405,44082.94117647059,1000.0,152500.0,28351.86600658523
406,406,62588.27941176471,7000.0,249000.0,62359.83424751714
407,407,31439.0625,4000.0,500000.0,52261.54637330805
408,408,27909.469696969696,5000.0,144000.0,14364.596014443729
409,409,42000.0,6000.0,72000.0,19976.45673109753
410,410,21219.51219512195,4500.0,38000.0,11678.648842500432
411,411,40297.0802919708,4900.0,158000.0,32009.16826143993
412,412,55470.26,4499.0,241501.0,51026.28269737469
413,413,30827.01754385965,3000.0,79900.0,12035.646028173216
414,414,60599.5,1000.0,295900.0,47395.32054088333
415,415,47397.12698412698,7500.0,165000.0,34699.72972379626
416,416,32269.34375,6270.0,110000.0,21862.1619786753
417,417,20271.34146341464,3500.0,44000.0,8380.090482396883
418,418,49678.66071428572,6500.0,116001.0,25863.25550274678
419,419,34167.77419354839,6001.0,48000.0,12661.25841910918
420,420,56476.90476190476,7000.0,165000.0,38747.064722504816
421,421,20623.809523809523,2000.0,37000.0,7649.826780603769
422,422,35334.5243902439,4000.0,85850.0,20779.533104232465
423,423,14816.530612244898,6001.0,39001.0,8565.834627244902
424,424,55666.66666666666,9000.0,166000.0,42269.91875726794
425,425,,,,
426,426,75521.56862745098,7000.0,294000.0,87819.97252339582
427,427,57862.06896551724,6000.0,140000.0,29178.669745777905
428,428,31722.85714285714,4130.0,60180.0,18644.890055188527
429,429,49845.73333333333,1000.0,80817.0,21196.22229538923
430,430,37666.6,10000.0,65000.0,19574.343186256167
431,431,15306.382978723404,7000.0,22500.0,3109.6558101472606
432,432,54550.0,11000.0,108000.0,26603.139766849807
433,433,66000.0,13800.0,245000.0,69578.37307669675
434,434,69154.93548387097,12000.0,290400.0,66885.94428984482
435,435,22964.285714285717,5000.0,41000.0,7835.278018848665
436,436,28941.176470588234,1000.0,73000.0,26318.123007082344
437,437,29342.85714285714,23000.0,46000.0,7034.376232445336
438,438,30000.0,6000.0,80000.0,26502.021486240305
439,439,28428.571428571428,20000.0,45000.0,10554.039752722218
440,440,61812.66666666666,19800.0,209000.0,27626.924781612757
441,441,43955.77142857143,0.0,102960.0,27905.093901688288
442,442,17556.756756756757,5700.0,38000.0,7523.172869336036
443,443,16725.0,5000.0,32000.0,9010.3759632992
444,444,71518.86363636363,6500.0,132210.0,33841.5304944779
445,445,42031.25,3000.0,69000.0,20113.01564752288
446,446,52481.48148148148,3000.0,93000.0,27135.28572059904
447,447,20166.666666666668,4000.0,100000.0,17309.642901392777
448,448,29000.0,14000.0,44000.0,10712.142642814277
449,449,32707.2,3600.0,137200.0,26309.6976067761
450,450,82521.27659574468,4000.0,548000.0,111782.79458095397
451,451,15787.179487179486,2000.0,43000.0,8245.11679838839
452,452,20999.0,3630.0,43560.0,11569.542514723737
453,453,24083.33333333333,7000.0,45000.0,11947.51252585891
454,454,23729.0780141844,5600.0,47200.0,8106.879479468224
455,455,31000.0,25000.0,36000.0,4301.162633521313
456,456,15705.882352941177,4000.0,25000.0,9681.78827600838
457,457,32653.225806451614,5000.0,55000.0,14168.154519816564
458,458,110272.0,40000.0,202000.0,38301.20123442606
459,459,57361.11111111111,35000.0,95000.0,21130.7474466551
460,460,133555.1,0.0,320000.0,61437.53920934659
461,461,69111.97916666667,40000.0,121500.0,16175.444746577015
462,462,39253.22580645161,27200.0,74700.0,11404.54377107786
463,463,47129.645161290326,27312.0,102000.0,15814.57069991078
464,464,48230.769230769234,32000.0,72000.0,7579.363136974648
465,465,62558.62068965517,3800.0,150000.0,38486.410653554776
466,466,77416.66666666667,52500.0,112500.0,18249.68289932529
467,467,103610.21978021978,36300.0,197450.0,38426.01227985954
468,468,147812.5,55000.0,253000.0,47694.66525461731
469,469,48000.0,6000.0,90000.0,18575.970140659323
470,470,16214.285714285714,2000.0,38000.0,7884.691962717299
471,471,36283.950617283954,27000.0,70000.0,7118.45899522482
472,472,47355.55555555556,14250.0,104500.0,16682.250122084926
473,473,37062.5,25000.0,60000.0,9423.831160945108
474,474,25200.0,18000.0,31000.0,4600.0
475,475,19334.821428571428,7000.0,99000.0,11974.55233148784
476,476,49462.96296296296,43000.0,69000.0,5665.728559482829
477,477,87963.92857142857,39500.0,180900.0,34454.985808534686
478,478,23779.06976744186,6000.0,42000.0,8253.330776244778
479,479,102773.91666666669,80003.0,144577.0,17732.71934851098
480,480,37850.0,30000.0,50000.0,5729.528776435283
481,481,62156.25,30000.0,350000.0,61426.84133127391
482,482,142403.84615384616,5000.0,225000.0,55448.26404142063
483,483,79580.64516129032,40000.0,100000.0,13331.442807352189
484,484,16318.181818181818,5000.0,73000.0,24382.15883430932
485,485,24919.205298013247,6000.0,100000.0,17583.016772972933
486,486,105932.43243243244,35000.0,197000.0,39691.53224456206
487,487,60323.52941176471,25000.0,200000.0,31133.062548064303
488,488,57731.25,9000.0,91000.0,29562.68168548821
489,489,91140.625,35000.0,180000.0,40393.326795516296
490,490,53186.66666666666,20000.0,120000.0,18448.2651999826
491,491,97446.525,36250.0,168925.0,24209.057298857693
492,492,52537.31343283582,10000.0,145000.0,31046.10358815156
493,493,63558.857142857145,38250.0,132300.0,23251.8647527374
494,494,103893.95,46980.0,168925.0,24796.36088516821
495,495,40250.0,2500.0,73000.0,25737.432684253312
496,496,38428.57142857143,36000.0,48000.0,4686.062704816208
497,497,81610.84615384616,48000.0,156650.0,24709.576085913777
498,498,38901.90476190476,7500.0,106000.0,25539.85505776965
499,499,33041.666666666664,15000.0,50000.0,12583.81621590031
500,500,39681.81818181818,23000.0,81000.0,13742.39083220689
501,501,,,,
502,502,45007.8125,4375.0,66250.0,12133.491610099038
503,503,62813.757225433525,26450.0,127000.0,19963.638688833405
504,504,70411.76470588235,20000.0,86000.0,15882.13507475843
505,505,14800.0,2500.0,30000.0,11048.076755707303
506,506,26544.594594594597,9500.0,57500.0,11914.346812594536
507,507,93388.53503184712,19000.0,265000.0,47588.22175125086
508,508,55942.02898550725,27000.0,108000.0,19662.28203982571
509,509,109482.75862068964,60000.0,165000.0,23729.612940818195
510,510,,,,
511,511,38040.0,5000.0,71000.0,11810.09737470441
512,512,58666.66666666666,30000.0,120000.0,19862.823214028413
513,513,81420.0,15000.0,185000.0,38714.3849234364
514,514,26062.5,3000.0,45000.0,11361.521109949064
515,515,41235.294117647056,30000.0,65000.0,8482.018431847499
516,516,39142.857142857145,24000.0,70000.0,11150.638308808942
517,517,48459.016393442624,32000.0,110000.0,14149.753830323258
518,518,57869.5652173913,25000.0,171000.0,28173.3315381034
519,519,52067.307692307695,30000.0,85000.0,12791.421722176008
520,520,38475.26050420168,10001.0,182000.0,20396.763465229164
521,521,75211.46534653465,4000.0,355500.0,83835.99605424401
522,522,47153.84615384616,1000.0,169000.0,38545.37017762545
523,523,54252.35922330097,7000.0,218999.0,35891.736405894066
524,524,27920.289855072464,14000.0,39500.0,7219.449971223467
525,525,52593.1568627451,4000.0,150000.0,29279.850668196123
526,526,60526.31313131313,1.0,370000.0,70264.82994978104
527,527,39552.4,501.0,170000.0,27239.703582370064
528,528,44402.61437908497,18000.0,175000.0,37211.83476744722
529,529,36882.35294117647,1100.0,93500.0,27848.798375051232
530,530,49567.46341463415,4000.0,189000.0,34163.98573458682
531,531,36181.08450704225,2000.0,114325.0,22651.58044216937
532,532,64704.69565217391,200.0,196020.0,37168.90807538026
533,533,35334.5243902439,4000.0,85850.0,20779.533104232465
534,534,44054.42857142857,30500.0,77000.0,13526.06881815516
535,535,39068.181818181816,2000.0,77000.0,28198.281481544167
536,536,25677.41935483871,6500.0,44500.0,10857.989764563576
537,537,50696.80357142857,2000.0,140002.0,34797.85452664926
538,538,59950.413223140495,3000.0,415000.0,71000.24458573508
539,539,45003.24,7000.0,150001.0,29875.33038382004
540,540,27138.655462184877,4000.0,70000.0,14555.804578645382
541,541,75211.11111111111,8000.0,398000.0,64680.79647081323
542,542,39530.10989010989,7500.0,130000.0,25222.756491764914
543,543,78090.90909090909,49000.0,105000.0,22904.761495670584
544,544,53732.72727272727,0.0,299000.0,41578.86287546268
545,545,32526.315789473683,7000.0,43000.0,12836.49575502201
546,546,101640.0,20790.0,519750.0,74400.69805175376
547,547,21343.75,5000.0,45000.0,12563.860311922446
548,548,36127.23728813559,1500.0,74000.0,25960.719622797915
549,549,36691.5306122449,10186.0,80018.0,20391.044809237414
550,550,22963.93442622951,13050.0,38700.0,7862.413861747867
551,551,44547.97297297297,6500.0,276500.0,41923.00410178389
552,552,83030.61224489796,0.0,209000.0,56154.880953036
553,553,71518.86363636363,6500.0,132210.0,33841.5304944779
554,554,,,,
555,555,43955.77142857143,0.0,102960.0,27905.093901688288
556,556,31613.46153846154,3000.0,97200.0,19752.965004760423
557,557,67696.12903225806,19800.0,264000.0,42259.92516957631
558,558,75574.07407407407,11000.0,163000.0,47916.10216164169
559,559,19092.5,4000.0,99000.0,18088.330319573444
560,560,52481.48148148148,3000.0,93000.0,27135.28572059904
561,561,39390.41095890411,1500.0,1000000.0,113340.74720304013
562,562,60478.165,11000.0,368500.0,70487.03286901624
563,563,49215.18987341772,5000.0,153000.0,25899.35285153869
564,564,33217.5,1000.0,64500.0,12970.695576953458
565,565,49520.0,3000.0,155000.0,41447.91430216966
566,566,51913.97849462365,6000.0,310000.0,38802.96405760069
567,567,26153.846153846152,5000.0,50000.0,7538.579276945551
568,568,56585.39024390244,1.0,187000.0,48890.08030708352
569,569,105233.33333333331,1000.0,320100.0,96996.71242996962
570,570,34128.57142857143,5400.0,95000.0,21575.076954167074
571,571,39378.31325301205,3300.0,316000.0,45672.61806080728
572,572,30240.0,12000.0,216000.0,24081.162762624237
573,573,36520.57352941176,1800.0,71400.0,20364.735833497147
574,574,91848.0,12000.0,360000.0,70058.41631096153
575,575,66208.33333333333,18500.0,135000.0,31696.12116998265
576,576,83165.625,11500.0,213000.0,42618.15396666122
577,577,51833.72222222222,2000.0,140002.0,35023.666872568
578,578,63133.333333333336,17000.0,285000.0,73089.77736698586
579,579,68276.93220338984,15250.0,349270.0,46552.58329042925
580,580,61946.66666666666,7000.0,136000.0,33990.07498112092
581,581,65638.94444444444,5000.0,299000.0,55639.94110662561
582,582,50679.31034482759,6000.0,234000.0,51240.23122582586
583,583,66479.6511627907,13750.0,93500.0,17214.36178376935
584,584,27329.025,6450.0,88500.0,13257.069827996494
585,585,24912.79069767442,3000.0,60000.0,10390.330327041089
586,586,20020.967741935485,14000.0,35000.0,3617.6488130335824
587,587,26988.636363636364,1250.0,47000.0,11972.540537762849
588,588,25495.762711864405,1250.0,46250.0,12911.324972823812
589,589,25383.33333333333,7500.0,42000.0,8348.982365291455
590,590,39249.25373134328,1000.0,284000.0,43260.02385138256
591,591,30203.125,6500.0,87000.0,22832.905043694616
592,592,52333.0,8260.0,100300.0,30962.972903130605
593,593,18532.25806451613,1000.0,58000.0,11914.97802569344
594,594,43086.206896551725,8000.0,94000.0,16138.713877269349
595,595,24636.17021276596,3000.0,65000.0,17938.65937650712
596,596,64916.66666666666,1000.0,169000.0,43828.81789163128
597,597,21822.03389830509,800.0,61300.0,12846.76399004045
598,598,60720.58823529412,7000.0,156000.0,29802.213492721374
599,599,24365.0,2300.0,42000.0,14367.890415784776
600,600,56505.28421052632,4000.0,150000.0,36259.14786198262
601,601,53829.545454545456,5000.0,375000.0,66279.23396010882
602,602,53848.21428571428,6250.0,162500.0,25905.50645458157
603,603,18911.764705882357,4000.0,40000.0,9592.790329074114
604,604,18441.176470588234,3000.0,87000.0,15129.229941273185
605,605,41384.76811594203,10000.0,139502.0,26917.51971160215
606,606,23791.42857142857,11000.0,34100.0,5809.271969560948
607,607,54940.0,8000.0,97000.0,16655.821805002597
608,608,21346.153846153848,2000.0,79000.0,16594.582776159
609,609,12707.04918032787,3000.0,28500.0,5326.657702187163
610,610,34529.41176470588,19000.0,57500.0,14089.493987736032
611,611,48437.5,3750.0,81250.0,18720.664551505644
612,612,,,,
613,613,49796.0,3540.0,76700.0,17207.782657855718
614,614,16612.5,3000.0,37000.0,12806.486393621008
615,615,16906.25,5000.0,58000.0,9943.93463059266
616,616,91540.6976744186,12000.0,649000.0,82044.25617681151
617,617,33763.75,8750.0,98970.0,21178.586436244983
618,618,25500.0,2500.0,93000.0,21508.137994721907
619,619,18828.947368421053,4000.0,38000.0,8718.383719557223
620,620,55527.725,7201.0,108000.0,17946.39596825432
621,621,23750.0,15000.0,35000.0,6959.705453537527
622,622,48405.40540540541,5000.0,375000.0,60079.28371029362
623,623,47870.967741935485,2000.0,99000.0,23696.660899231203
624,624,33425.0,500.0,60000.0,14747.446812923246
625,625,37568.96551724138,3000.0,96000.0,15892.811288566394
626,626,50173.14035087719,2500.0,99999.0,27207.56677156972
627,627,36691.5306122449,10186.0,80018.0,20391.044809237414
628,628,30066.666666666668,14000.0,50000.0,7809.965144323984
629,629,69454.54545454546,0.0,168000.0,36050.75623053403
630,630,32526.315789473683,7000.0,43000.0,12836.49575502201
631,631,12637.93103448276,4000.0,32000.0,6802.505308928643
632,632,59440.0,10000.0,138000.0,21567.623883960885
633,633,24779.19480519481,7500.0,45999.0,7701.01770309286
634,634,14454.166666666666,2700.0,26000.0,7707.354667603031
635,635,13580.357142857143,5000.0,32000.0,6457.814193530444
636,636,,,,
637,637,41058.82352941176,7500.0,55000.0,15910.94920167461
638,638,12326.315789473683,3000.0,27000.0,4659.889552030081
639,639,47040.0,8900.0,137900.0,25068.91301991373
640,640,79468.42105263157,4400.0,688000.0,147142.29436923895
641,641,76329.47976878613,4000.0,325000.0,52834.1674160781
642,642,15333.333333333334,6500.0,29000.0,8682.677518420736
643,643,31846.278846153848,9600.0,102000.0,13525.31532154592
644,644,17629.25,3150.0,99000.0,16514.85337317592
645,645,39035.08771929824,5000.0,55000.0,13358.701628632612
646,646,32714.285714285717,7000.0,42000.0,11756.023206537704
647,647,21086.95652173913,5000.0,40000.0,8701.764156358884
648,648,18764.70588235294,12000.0,24000.0,3819.907787071581
649,649,17587.5,4500.0,37000.0,6396.178058028091
650,650,30770.408163265307,7500.0,89250.0,23161.83176810096
651,651,35684.93150684932,25000.0,50000.0,5375.940089381927
652,652,,,,
653,653,41702.439024390245,18700.0,130000.0,31860.385126244528
654,654,12718.367346938776,7000.0,15000.0,1255.6278971401655
655,655,18589.285714285717,6500.0,63000.0,10549.67295653263
656,656,,,,
657,657,10199.8,2500.0,22999.0,6830.496333356748
658,658,49245.81355932204,33000.0,135000.0,14746.262364104425
659,659,29948.275862068964,12000.0,80000.0,14639.2509863429
660,660,50906.976744186046,19000.0,137000.0,36238.7521946792
661,661,35773.07692307692,18000.0,103500.0,24289.124785389795
662,662,41468.84375,17001.0,125000.0,30917.167867791017
663,663,37212.96296296296,6000.0,82000.0,18605.5800699513
664,664,26560.0,18000.0,30000.0,2601.2304780622576
665,665,15413.793103448275,4000.0,24000.0,5720.605474220065
666,666,14117.64705882353,10000.0,18000.0,2514.250044684743
667,667,17609.302325581397,8000.0,57000.0,8244.541928225828
668,668,18815.78947368421,17000.0,27500.0,3787.8285902826806
669,669,62912.75862068965,14520.0,309000.0,39695.42093195038
670,670,42077.92222222222,5000.0,116001.0,25366.92149378258
671,671,17398.14814814815,7000.0,23500.0,4321.971889669016
672,672,,,,
673,673,45100.0,26800.0,75600.0,15246.311029229331
674,674,13000.0,2000.0,18000.0,5621.387729022078
675,675,30000.0,30000.0,30000.0,0.0
676,676,12678.57142857143,12500.0,15000.0,643.848442047141
677,677,15893.258426966291,3000.0,88000.0,16185.454683611391
678,678,28815.384615384617,15000.0,69000.0,9144.804843259464
679,679,23283.01886792453,7000.0,160000.0,29105.12978094552
680,680,24986.666666666668,4000.0,75000.0,10378.387800296025
681,681,,,,
682,682,12500.0,12500.0,12500.0,0.0
683,683,11833.333333333334,5000.0,78000.0,14683.35827053914
684,684,21000.0,14000.0,30000.0,4213.973867690183
685,685,18060.60606060606,4000.0,70000.0,16529.01836521271
686,686,15923.076923076924,8500.0,60000.0,10886.38202569924
687,687,63888.58928571428,1.0,126000.0,28782.31975584564
688,688,9833.333333333334,3500.0,12000.0,1615.893285805443
689,689,22489.36170212766,13000.0,39000.0,6512.254701307642
690,690,55440.0,5000.0,280000.0,53552.80450721732
691,691,15995.454545454546,12500.0,20000.0,1885.0433495684035
692,692,10500.0,8000.0,13000.0,2500.0
693,693,22870.967741935485,4500.0,93000.0,16607.567782960457
694,694,10333.333333333334,8000.0,12000.0,1374.3685418725536
695,695,21880.392156862745,6000.0,34000.0,7067.157389764515
696,696,26954.545454545456,22000.0,33000.0,2836.086816328454
697,697,17993.243243243243,4000.0,88000.0,16527.923391749355
698,698,25752.59259259259,9000.0,41500.0,9188.40355802521
699,699,19888.88888888889,10000.0,28000.0,3572.87448684745
700,700,17611.11111111111,14500.0,18000.0,1099.9438818457406
701,701,9375.0,9000.0,10000.0,484.12291827592713
702,702,21804.34782608696,1500.0,112000.0,28838.281898121782
703,703,49090.90909090909,1000.0,205000.0,39843.453997442055
704,704,20166.666666666668,10000.0,65000.0,14016.8549333373
705,705,14286.206896551725,6900.0,22000.0,5008.525430870505
706,706,5363.636363636364,3500.0,10000.0,1784.92308327926
707,707,37879.64071856288,12000.0,186000.0,34166.691660630444
708,708,36326.5306122449,14000.0,125000.0,32121.19127273575
709,709,10883.116883116883,3500.0,32000.0,4824.784568164208
710,710,52739.13043478261,40000.0,109000.0,16217.1873165863
711,711,38734.0,8880.0,103740.0,23333.55376154385
712,712,40272.72727272727,25000.0,70000.0,16782.51746794811
713,713,66037.32894736843,10000.0,270000.0,71634.83311548858
714,714,80571.42857142857,45000.0,225000.0,59160.45286907013
715,715,26666.666666666668,7000.0,75000.0,16244.657241348274
716,716,184617.64705882352,10000.0,360000.0,137120.92445675615
717,717,49461.53846153846,7000.0,90000.0,24968.026891685
718,718,25833.59375,3000.0,42000.0,8833.452727272668
719,719,22497.24770642202,3500.0,38000.0,7232.307849403936
720,720,26991.666666666668,3000.0,65000.0,16292.745062348047
721,721,27329.025,6450.0,88500.0,13257.069827996494
722,722,59262.69491525424,5000.0,254500.0,45076.74068581352
723,723,22857.14285714286,8000.0,27000.0,3955.535172818131
724,724,58793.82882882883,9000.0,302500.0,54023.11307056976
725,725,29417.85714285714,8000.0,50000.0,9428.449358877904
726,726,38475.26050420168,10001.0,182000.0,20396.763465229164
727,727,20129.91452991453,3000.0,44000.0,8688.781104775971
728,728,22750.0,3000.0,60000.0,16872.201861410205
729,729,52500.26771653543,4499.0,340501.0,55663.39606696537
730,730,59569.5,5000.0,249900.0,51463.790914792015
731,731,20000.0,6000.0,45000.0,12429.802894656052
732,732,19643.886363636364,4750.0,45000.0,6401.350181499031
733,733,27329.025,6450.0,88500.0,13257.069827996494
734,734,44082.94117647059,1000.0,152500.0,28351.86600658523
735,735,52643.93939393939,2500.0,145000.0,32119.65851731699
736,736,25383.33333333333,7500.0,42000.0,8348.982365291455
737,737,47558.09523809524,1000.0,135000.0,31788.937321880105
738,738,26971.311475409835,5000.0,150000.0,19714.280750084366
739,739,53628.769230769234,5000.0,109900.0,27110.58886120497
740,740,46076.11111111111,11000.0,97800.0,20227.171990379557
741,741,42678.10112359551,5500.0,79200.0,17905.015435732497
742,742,42000.0,6000.0,72000.0,19976.45673109753
743,743,30651.6,3000.0,123600.0,17044.205978572303
744,744,39249.25373134328,1000.0,284000.0,43260.02385138256
745,745,54252.35922330097,7000.0,218999.0,35891.736405894066
746,746,52333.0,8260.0,100300.0,30962.972903130605
747,747,58863.63636363636,6500.0,260000.0,63826.64409059721
748,748,28559.090909090908,3000.0,69000.0,18434.0674187168
749,749,26020.408163265307,4000.0,55000.0,14587.511846583677
750,750,29733.33333333333,7000.0,60000.0,20699.32902830964
751,751,10583.333333333334,3000.0,30000.0,8097.924974268956
752,752,56505.28421052632,4000.0,150000.0,36259.14786198262
753,753,43177.90697674418,10000.0,228000.0,28798.166532250863
754,754,29702.0,5000.0,145000.0,14913.910318893566
755,755,30495.40707964602,3300.0,66000.0,15202.05621492434
756,756,30657.0,1.0,79990.0,19848.40943478618
757,757,49678.66071428572,6500.0,116001.0,25863.25550274678
758,758,108718.75,8000.0,398000.0,104928.61691853896
759,759,42395.348837209305,3000.0,250000.0,28028.617326214968
760,760,41384.76811594203,10000.0,139502.0,26917.51971160215
761,761,32269.34375,6270.0,110000.0,21862.1619786753
762,762,14980.392156862745,3000.0,60000.0,9764.863373798842
763,763,34472.02127659575,5000.0,91800.0,15773.72406613102
764,764,49501.92307692308,7000.0,110000.0,27400.74283373056
765,765,15291.29411764706,1980.0,52800.0,12000.97353778731
766,766,55666.66666666666,6000.0,470000.0,87081.14452046523
767,767,31722.85714285714,4130.0,60180.0,18644.890055188527
768,768,54781.98181818182,4001.0,232000.0,46191.46994314817
769,769,81514.0,7900.0,2000000.0,229227.78539697145
770,770,29074.074074074077,7000.0,100000.0,12649.86973804769
771,771,49219.47368421053,3500.0,101970.0,33087.522131093814
772,772,25500.0,2500.0,93000.0,21508.137994721907
773,773,65878.94736842105,100.0,225150.0,50054.2705009592
774,774,43821.42857142857,5000.0,200000.0,49410.31093335289
775,775,64736.32352941176,1000.0,225900.0,50945.55930313312
776,776,44281.265625,5000.0,169000.0,40034.3545709659
777,777,84302.31578947368,7900.0,2000000.0,234847.75581529245
778,778,28941.176470588234,1000.0,73000.0,26318.123007082344
779,779,73769.23076923077,39000.0,120000.0,31238.915193796456
780,780,9798.507462686568,2000.0,26000.0,6408.401494337793
781,781,25500.0,5000.0,33000.0,6981.560534722878
782,782,27329.025,6450.0,88500.0,13257.069827996494
783,783,32258.82352941177,23800.0,99000.0,17209.4043655182
784,784,21724.242424242424,2500.0,46500.0,9840.88657939432
785,785,27329.025,6450.0,88500.0,13257.069827996494
786,786,22301.25,3500.0,61750.0,12654.544576455528
787,787,59569.5,5000.0,249900.0,51463.790914792015
788,788,19643.886363636364,4750.0,45000.0,6401.350181499031
789,789,28666.666666666668,7000.0,115000.0,15147.34565454458
790,790,28640.0,4000.0,50000.0,10005.140107536154
791,791,27809.52380952381,2500.0,75000.0,23522.267155914094
792,792,31809.07438016529,1000.0,99999.0,20858.481684150007
793,793,17622.222222222223,3000.0,55000.0,11431.513730597517
794,794,30651.6,3000.0,123600.0,17044.205978572303
795,795,25130.76923076923,3000.0,143000.0,17053.58303348827
796,796,18598.68421052632,3000.0,65000.0,12174.720286650192
797,797,49678.66071428572,6500.0,116001.0,25863.25550274678
798,798,29458.367346938776,3000.0,64860.0,19913.236634279507
799,799,20619.04761904762,2500.0,35000.0,9526.160424132268
800,800,25407.067039106147,3000.0,49999.0,9521.743070554414
801,801,39584.74576271186,5400.0,471000.0,66522.1004783674
802,802,25567.567567567567,1500.0,78500.0,21616.173300039176
803,803,34921.77419354839,2000.0,208000.0,27466.187234617693
804,804,21900.454545454544,3000.0,69000.0,11409.695628667883
805,805,28865.4,4500.0,71000.0,11932.443330684626
806,806,42445.55,3700.0,125000.0,16087.899970086211
807,807,100180.72289156629,6000.0,200000.0,46994.781709368144
808,808,36693.87755102041,6000.0,68000.0,16425.719108456233
809,809,30087.86,3500.0,102102.0,17933.77853159785
810,810,25355.0,4000.0,64000.0,13229.14195022226
811,811,60458.2,2750.0,500060.0,93002.19795660744
812,812,66057.03703703704,12100.0,157300.0,53134.23307580702
813,813,38498.7012987013,4400.0,145200.0,28442.01434729187
814,814,30560.8547008547,4300.0,176000.0,20484.00245397476
815,815,40497.80701754386,3750.0,120000.0,22941.91979297546
816,816,28220.86330935252,6050.0,75400.0,15112.352491119576
817,817,19150.0,5000.0,44000.0,9829.928789162208
818,818,14714.130434782608,2000.0,65000.0,9901.941110366852
819,819,33674.41860465116,1500.0,450000.0,73351.24828291594
820,820,55430.55555555556,2500.0,254400.0,52477.77211694514
821,821,53044.232558139534,550.0,299200.0,47772.30550070714
822,822,20034.48275862069,2000.0,29000.0,9767.937553179085
823,823,22824.05,10000.0,42250.0,5194.028311195463
824,824,29916.95833333333,2000.0,200000.0,23608.733837312026
825,825,44280.0,3000.0,105000.0,28205.22882965733
826,826,26829.02,6187.0,91575.0,15664.867309990212
827,827,85105.505,300.0,542300.0,82201.43170103531
828,828,36625.0,5000.0,55000.0,12189.952908977004
829,829,23625.0,6000.0,39000.0,11736.028928048874
830,830,40885.55555555556,8085.0,100485.0,28645.16843667413
831,831,19453.634146341465,1.0,35500.0,9942.757802531933
832,832,26679.61165048544,2000.0,83000.0,16384.46670977569
833,833,35471.02419354839,3900.0,228840.0,27682.48675008749
834,834,88567.64705882352,3000.0,300000.0,69359.52560047172
835,835,93366.31176470588,5000.0,320000.0,75421.68619312729
836,836,71518.86363636363,6500.0,132210.0,33841.5304944779
837,837,33421.53846153846,2000.0,180000.0,31153.177352745213
838,838,33593.75,8000.0,68000.0,13402.097258918098
839,839,37175.54054054054,8855.0,86020.0,22475.44503313662
840,840,16232.5,2000.0,26000.0,4800.749290475394
841,841,64154.545454545456,8800.0,198000.0,49534.2602032603
842,842,57463.41463414634,3000.0,90000.0,28646.795726807635
843,843,55862.05,9625.0,213125.0,33806.984244938205
844,844,24765.822784810127,3500.0,76000.0,10563.202023120306
845,845,68057.65384615384,4400.0,579800.0,111688.1347573344
846,846,26991.666666666668,3000.0,65000.0,16292.745062348047
847,847,37800.0,2000.0,110000.0,38473.88724836626
848,848,55976.73584905661,4499.0,340501.0,57730.19701918244
849,849,58756.86274509804,6600.0,131700.0,28107.93625212833
850,850,30772.058823529413,1000.0,39700.0,6489.240995865552
851,851,41468.84375,17001.0,125000.0,30917.167867791017
852,852,19643.886363636364,4750.0,45000.0,6401.350181499031
853,853,26971.311475409835,5000.0,150000.0,19714.280750084366
854,854,27323.529411764703,7500.0,75000.0,19257.242978970167
855,855,49350.0,500.0,165000.0,33768.71086276959
856,856,66560.0,18000.0,270000.0,67491.86090847466
857,857,43177.90697674418,10000.0,228000.0,28798.166532250863
858,858,46518.68686868687,4800.0,200000.0,37277.38000305075
859,859,86576.0,22000.0,495000.0,77030.65509263179
860,860,,,,
861,861,18739.130434782608,12000.0,24000.0,3390.746888407868
862,862,36436.69822485207,0.0,350000.0,41778.21651465771
863,863,53178.61983471074,8000.0,165000.0,37104.05572522272
864,864,28310.83783783784,15000.0,68000.0,12218.6444320754
865,865,45243.24324324324,3000.0,284000.0,56136.612037982784
866,866,53829.545454545456,5000.0,375000.0,66279.23396010882
867,867,20606.97674418605,7650.0,113000.0,13924.034271532371
868,868,21138.305084745763,2000.0,149000.0,22932.440655442628
869,869,47626.119402985074,4800.0,200000.0,39162.61482417051
870,870,15289.473684210529,3000.0,96000.0,21080.24504843193
871,871,49567.46341463415,4000.0,189000.0,34163.98573458682
872,872,14119.047619047618,2500.0,25000.0,4601.74594688116
873,873,36500.0,26000.0,46000.0,6224.949798994367
874,874,49501.92307692308,7000.0,110000.0,27400.74283373056
875,875,57862.06896551724,6000.0,140000.0,29178.669745777905
876,876,33978.260869565216,15000.0,92000.0,23828.407535357404
877,877,66000.0,13800.0,245000.0,69578.37307669675
878,878,55666.66666666666,6000.0,470000.0,87081.14452046523
879,879,24878.713114754097,8000.0,104000.0,14248.19181077772
880,880,58956.52427184466,12000.0,329000.0,71206.45651821524
881,881,20269.23076923077,2500.0,55000.0,14728.45934892375
882,882,48341.46341463415,12000.0,83000.0,19676.170750920854
883,883,30272.78787878788,14500.0,145000.0,27884.923897568493
884,884,28693.50649350649,1.0,55000.0,17836.168841017472
885,885,22062.5,5000.0,30000.0,6415.009255644141
886,886,28766.666666666668,5000.0,99000.0,17849.712104743376
887,887,137707.8651685393,1000.0,850000.0,158547.77766751466
888,888,57951.6129032258,12000.0,299000.0,58671.97699494468
889,889,32836.73469387755,7000.0,85000.0,20265.932949592225
890,890,37543.75,5000.0,83000.0,23172.774131240734
891,891,19285.714285714286,15000.0,28000.0,3387.317951195951
892,892,28403.739884393064,7500.0,100000.0,17139.02697261948
893,893,58023.28767123288,0.0,258700.0,47873.11574473742
894,894,42826.92307692308,18000.0,140000.0,33856.43965211286
895,895,37646.4756097561,5000.0,116001.0,21902.63869125474
896,896,37235.294117647056,18000.0,110000.0,26994.61691820341
897,897,9111.111111111111,9000.0,10000.0,314.26968052735447
898,898,46759.375,6000.0,130000.0,22187.31051855711
899,899,18842.105263157893,12000.0,24000.0,3652.874252518028
900,900,32062.90322580645,5500.0,100000.0,21576.57207572653
901,901,48945.8152173913,15000.0,132000.0,30455.70766522703
902,902,53153.97435897436,35000.0,75000.0,12206.643198636948
903,903,28289.83177570093,7000.0,77000.0,18597.190961880104
904,904,61327.45098039216,6600.0,131700.0,29394.91638342885
905,905,157238.09523809524,27500.0,660000.0,134825.55917145565
906,906,29948.275862068964,12000.0,80000.0,14639.2509863429
907,907,23827.58620689655,13000.0,69000.0,14584.046469172476
908,908,40454.28571428572,7400.0,176000.0,25498.05979013353
909,909,26500.0,12000.0,49000.0,8780.44155188985
910,910,11911.764705882351,2000.0,19000.0,5549.868292336651
911,911,37500.0,5000.0,85000.0,26870.41553026731
912,912,16725.0,5000.0,32000.0,9010.3759632992
913,913,33250.0,15000.0,95000.0,15763.486289523647
914,914,19500.0,3000.0,26000.0,6381.061723408474
915,915,52279.23333333333,19337.0,135337.0,33807.07393597118
916,916,17680.95238095238,800.0,30500.0,8824.890073380871
917,917,18500.0,3500.0,32000.0,10514.6955985141
918,918,9650.0,5000.0,20000.0,4364.916952245483
919,919,14793.035714285714,5500.0,28000.0,6162.245842235854
920,920,31609.34375,8000.0,98500.0,22461.32259519875
921,921,13250.0,5000.0,17000.0,3799.671038392666
922,922,13307.692307692309,7000.0,17000.0,3219.761467147131
923,923,13966.666666666666,2000.0,25000.0,7493.256227361299
924,924,19284.574468085106,5000.0,43900.0,9699.429070157052
925,925,37821.72,4286.0,148500.0,27755.37591461517
926,926,14500.0,2000.0,29000.0,9049.861877399013
927,927,47130.0,9500.0,180000.0,31616.381829678103
928,928,37800.0,2000.0,110000.0,38473.88724836626
929,929,18642.85714285714,12000.0,24000.0,3564.517121985132
930,930,52937.93805309734,7000.0,218999.0,34838.11954382936
931,931,49350.0,500.0,165000.0,33768.71086276959
932,932,87620.68965517242,5000.0,315000.0,85516.44882836302
933,933,42448.27586206896,13000.0,95000.0,12510.92269509011
934,934,46518.68686868687,4800.0,200000.0,37277.38000305075
935,935,57951.6129032258,12000.0,299000.0,58671.97699494467
936,936,53178.61983471074,8000.0,165000.0,37104.05572522272
937,937,86576.0,22000.0,495000.0,77030.65509263179
938,938,133555.1,0.0,320000.0,61437.53920934659
939,939,36436.69822485207,0.0,350000.0,41778.21651465771
940,940,34486.45,1.0,73500.0,12445.43022870242
941,941,20606.97674418605,7650.0,113000.0,13924.034271532371
942,942,47626.119402985074,4800.0,200000.0,39162.61482417051
943,943,122520.06666666668,7000.0,1202000.0,205181.3269867953
944,944,36181.08450704225,2000.0,114325.0,22651.58044216937
945,945,39385.55421686747,13000.0,114000.0,25157.286874733985
946,946,27377.35849056604,3000.0,90000.0,19075.05178419177
947,947,40008.395833333336,12900.0,136000.0,31063.45428496562
948,948,57624.02857142857,12000.0,329000.0,70992.84590374913
949,949,22964.285714285717,5000.0,41000.0,7835.278018848665
950,950,32836.73469387755,7000.0,85000.0,20265.932949592225
951,951,41702.439024390245,18700.0,130000.0,31860.385126244528
952,952,58023.28767123288,0.0,258700.0,47873.11574473742
953,953,11186.567164179103,2500.0,23000.0,4306.222347046816
954,954,30770.408163265307,7500.0,89250.0,23161.83176810096
955,955,190538.13559322036,2500.0,1125000.0,239654.2579971927
956,956,32062.90322580645,5500.0,100000.0,21576.57207572653
957,957,48945.8152173913,15000.0,132000.0,30455.70766522703
958,958,22992.85714285714,4000.0,50000.0,12641.906743938944
959,959,31846.278846153848,9600.0,102000.0,13525.31532154592
960,960,50138.88888888889,9000.0,138000.0,42563.94064475089
961,961,27529.41176470588,12000.0,85000.0,20379.105929297013
962,962,37225.8064516129,7000.0,95000.0,22514.09548077332
963,963,76100.0,18700.0,242000.0,77969.8625076347
964,964,39814.28571428572,3000.0,160000.0,33543.27390833811
965,965,78527.87037037036,8000.0,390000.0,84094.85683177819
966,966,37235.294117647056,18000.0,110000.0,26994.61691820341
967,967,37882.35294117647,18000.0,105000.0,26195.82892918637
968,968,17333.0,3000.0,96000.0,14678.344968013254
969,969,21218.75,5000.0,65000.0,9333.188010401376
970,970,29948.275862068964,12000.0,80000.0,14639.2509863429
971,971,26370.83333333333,12000.0,40500.0,8377.772136566035
972,972,42955.55555555556,0.0,197000.0,28541.55298706747
973,973,,,,
974,974,23179.245283018867,9000.0,31000.0,4887.502680231511
975,975,26560.0,18000.0,30000.0,2601.2304780622576
976,976,50645.16129032258,15000.0,120000.0,28375.987562290687
977,977,29206.349206349205,10000.0,50000.0,9053.143328812552
978,978,49203.65853658537,23000.0,125000.0,26504.14806523482
979,979,92804.44444444444,4290.0,510400.0,130806.1851427712
980,980,75494.62365591398,5000.0,233000.0,49202.15566042365
981,981,38805.55555555556,18000.0,92000.0,19660.761040492765
982,982,37270.27027027027,10000.0,113000.0,24490.64757914484
983,983,72312.14184397164,17000.0,360000.0,60158.43066703374
984,984,76025.74285714286,14300.0,275000.0,52041.12532841852
985,985,27322.58064516129,15000.0,43000.0,7455.83597690186
986,986,37483.333333333336,7000.0,95000.0,22862.262695445428
987,987,28402.597402597403,11000.0,100000.0,12077.950006949974
988,988,45759.52380952381,14000.0,170000.0,34810.5557302585
989,989,,,,
990,990,29218.585365853654,2500.0,102000.0,20483.966746149217
991,991,14252.222222222224,4000.0,45000.0,4053.906970860957
992,992,34600.0,3900.0,71800.0,21079.3589798172
993,993,27400.0,2500.0,44900.0,10749.229085191457
994,994,53693.1724137931,7500.0,102837.0,21173.90853608307
995,995,38308.19672131148,2900.0,600000.0,81474.78196809236
996,996,42479.517857142855,2500.0,180000.0,29680.92765323928
997,997,34986.48648648649,1000.0,284000.0,41459.89049777695
998,998,26500.0,12000.0,49000.0,8780.44155188985
999,999,28413.793103448275,2000.0,100000.0,23499.10818759653
1000,1000,23868.71794871795,6500.0,48000.0,10863.00076110794
1001,1001,32871.52777777778,2000.0,100000.0,15829.138317928657
1002,1002,31473.0,4500.0,68400.0,14737.320685932023
1003,1003,25937.85567010309,4493.0,70400.0,11927.02635660405
1004,1004,42001.76,7000.0,125000.0,40921.83008056213
1005,1005,22454.41176470588,2250.0,68400.0,14957.860503108384
1006,1006,26310.85271317829,3500.0,68400.0,15462.01015998919
1007,1007,10333.333333333334,6500.0,24000.0,6433.419688539594
1008,1008,11250.0,5000.0,32000.0,10615.436872781072
1009,1009,12538.46153846154,5000.0,60000.0,11741.546121590793
1010,1010,43851.851851851854,2500.0,999000.0,135533.67183203716
1011,1011,18230.76923076923,6000.0,36000.0,8885.1981160878
1012,1012,19673.07692307692,2000.0,50000.0,14076.673495055236
1013,1013,26882.352941176472,9000.0,33500.0,6243.889746748429
1014,1014,23271.42857142857,16000.0,28000.0,3013.8794580664803
1015,1015,29131.57894736842,6500.0,75000.0,17895.781703241777
1016,1016,,,,
1017,1017,26125.0,20000.0,30000.0,2666.341125962693
1018,1018,66321.42857142857,10000.0,250000.0,46927.03574351856
1019,1019,16043.589743589744,1200.0,40000.0,6540.242090390879
1020,1020,35000.0,30000.0,40000.0,5000.0
1021,1021,23737.28205128205,3000.0,44900.0,11677.14428109342
1022,1022,24875.0,14000.0,30000.0,3827.123593509883
1023,1023,15800.0,15000.0,17000.0,979.7958971132712
1024,1024,16681.81818181818,5000.0,22000.0,4751.90262025609
1025,1025,9000.0,5000.0,15000.0,4898.979485566356
1026,1026,47931.77272727273,10000.0,69000.0,24552.0260151448
1027,1027,16100.0,4000.0,41500.0,11317.685275708987
1028,1028,15336.95652173913,6250.0,25000.0,5211.613648784472
1029,1029,24142.85714285714,7000.0,28000.0,7119.9633110726345
1030,1030,16440.0,4000.0,37000.0,6800.470571953091
1031,1031,18684.21052631579,3000.0,30000.0,8645.367677055045
1032,1032,23400.0,10000.0,30000.0,7364.781055808788
1033,1033,68053.91666666667,8800.0,155000.0,34266.002820721915
1034,1034,27100.0,15000.0,55000.0,9184.770002564028
1035,1035,23911.11111111111,5500.0,30100.0,9684.259214994703
1036,1036,15729.166666666666,5000.0,32000.0,8106.040914377101
1037,1037,16545.454545454544,3000.0,28500.0,9264.925416602478
1038,1038,14000.0,5000.0,23000.0,6463.573143221772
1039,1039,15500.0,13000.0,19500.0,2857.738033247041
1040,1040,21181.81818181818,16000.0,26000.0,3297.883117675828
1041,1041,15775.0,3000.0,45000.0,9238.11172985764
1042,1042,,,,
1043,1043,28333.33333333333,20000.0,40000.0,5270.462766947298
1044,1044,15000.0,8500.0,18000.0,3889.0872965260114
1045,1045,11153.846153846154,3000.0,35000.0,7631.878021180469
1046,1046,25833.59375,3000.0,42000.0,8833.452727272668
1047,1047,47130.0,9500.0,180000.0,31616.381829678103
1048,1048,26991.666666666668,3000.0,65000.0,16292.745062348047
1049,1049,27329.025,6450.0,88500.0,13257.069827996494
1050,1050,26964.285714285717,4500.0,73000.0,17494.350400011066
1051,1051,41109.14606741573,2200.0,250470.0,36700.28567030555
1052,1052,59262.69491525424,5000.0,254500.0,45076.74068581352
1053,1053,46008.47457627119,8500.0,139000.0,19709.434101169336
1054,1054,29367.5421686747,1.0,119000.0,21144.34464382608
1055,1055,58793.82882882883,9000.0,302500.0,54023.11307056976
1056,1056,29125.714285714286,6000.0,63900.0,13990.616097066995
1057,1057,32302.795,1500.0,73500.0,15812.83944214242
1058,1058,51368.42105263158,7000.0,205000.0,44016.39709581418
1059,1059,54295.718181818185,4499.0,241501.0,49509.57378713954
1060,1060,20000.0,6000.0,45000.0,12014.69688242157
1061,1061,51967.74193548387,15000.0,175000.0,38090.286519783614
1062,1062,19643.886363636364,4750.0,45000.0,6401.350181499031
1063,1063,25383.33333333333,7500.0,42000.0,8348.982365291455
1064,1064,52643.93939393939,2500.0,145000.0,32119.65851731699
1065,1065,27329.025,6450.0,88500.0,13257.069827996494
1066,1066,19687.5,3000.0,65000.0,20629.828980144262
1067,1067,37773.55371900826,3000.0,320000.0,55826.53441887935
1068,1068,49022.74242424242,1.0,179000.0,44917.19955797138
1069,1069,27124.0,5000.0,150000.0,19447.020954377564
1070,1070,42678.10112359551,5500.0,79200.0,17905.015435732497
1071,1071,46076.11111111111,11000.0,97800.0,20227.171990379557
1072,1072,53628.769230769234,5000.0,109900.0,27110.58886120497
1073,1073,42000.0,6000.0,72000.0,19976.45673109753
1074,1074,39249.25373134328,1000.0,284000.0,43260.02385138256
1075,1075,30651.6,3000.0,123600.0,17044.205978572303
1076,1076,54252.35922330097,7000.0,218999.0,35891.736405894066
1077,1077,58863.63636363636,6500.0,260000.0,63826.64409059721
1078,1078,44181.32075471698,4490.0,195960.0,29869.99147486382
1079,1079,23573.529411764703,3000.0,48000.0,14906.63706943062
1080,1080,26020.408163265307,4000.0,55000.0,14587.511846583677
1081,1081,19093.75,2000.0,27000.0,8405.204395938268
1082,1082,29702.0,5000.0,145000.0,14913.910318893566
1083,1083,30657.0,1.0,79990.0,19848.40943478618
1084,1084,49678.66071428572,6500.0,116001.0,25863.25550274678
1085,1085,30495.40707964602,3300.0,66000.0,15202.05621492434
1086,1086,32282.19047619048,6270.0,110000.0,22034.748407017138
1087,1087,28431.03448275862,5500.0,59000.0,12536.652565598804
1088,1088,16994.074074074073,3000.0,48000.0,11765.069220888196
1089,1089,44719.8969072165,500.0,195000.0,36677.33805490109
1090,1090,42732.142857142855,3000.0,110000.0,31246.851882246
1091,1091,35500.0,3000.0,164000.0,35630.43330886923
1092,1092,21900.454545454544,3000.0,69000.0,11409.69562866788
1093,1093,49567.46341463415,4000.0,189000.0,34163.98573458682
1094,1094,56476.90476190476,7000.0,165000.0,38747.064722504816
1095,1095,88884.70588235294,7900.0,2000000.0,247850.02128938536
1096,1096,39142.857142857145,12000.0,120000.0,34169.44571409029
1097,1097,54973.38392857143,4001.0,232000.0,45803.13753255134
1098,1098,55666.66666666666,6000.0,470000.0,87081.14452046523
1099,1099,15291.29411764706,1980.0,52800.0,12000.97353778731
1100,1100,81514.0,7900.0,2000000.0,229227.78539697145
1101,1101,43821.42857142857,5000.0,200000.0,49410.31093335289
1102,1102,70400.0,7000.0,169650.0,37912.07559855403
1103,1103,44281.265625,5000.0,169000.0,40034.3545709659
1104,1104,,,,
1105,1105,65878.94736842105,100.0,225150.0,50054.2705009592
1106,1106,64736.32352941176,1000.0,225900.0,50945.55930313312
1107,1107,78090.90909090909,49000.0,105000.0,22904.761495670584
1108,1108,27581.39534883721,2500.0,82000.0,22072.00959032338
1109,1109,27329.025,6450.0,88500.0,13257.069827996494
1110,1110,19632.30769230769,14000.0,26000.0,2932.882944623584
1111,1111,27329.025,6450.0,88500.0,13257.069827996494
1112,1112,29240.20618556701,3000.0,53600.0,11423.855125870115
1113,1113,49678.66071428572,6500.0,116001.0,25863.25550274678
1114,1114,33268.36708860759,1.0,128000.0,24335.972319565608
1115,1115,26632.0,6500.0,32000.0,5526.859506084807
1116,1116,81514.0,7900.0,2000000.0,229227.78539697145
1117,1117,100180.72289156629,6000.0,200000.0,46994.781709368144
1118,1118,39530.10989010989,7500.0,130000.0,25222.756491764914
1119,1119,16824.428571428572,2200.0,28215.0,6680.873849112488
1120,1120,20720.58823529412,2500.0,60000.0,12800.040887153556
1121,1121,36978.57142857143,3000.0,57000.0,14219.631980943435
1122,1122,48802.083333333336,3500.0,170000.0,44470.23109893916
1123,1123,26632.0,6500.0,32000.0,5526.859506084807
1124,1124,42600.0,3000.0,60000.0,13300.170880652078
1125,1125,36413.10344827586,6500.0,48900.0,10724.409509811068
1126,1126,34071.42857142857,26250.0,43750.0,4252.550255255002
1127,1127,84162.12765957447,7900.0,2000000.0,236105.0625808861
1128,1128,32968.75,3750.0,65000.0,16487.892101099522
1129,1129,16560.0,2500.0,37000.0,11819.746190168384
1130,1130,24153.846153846152,7000.0,39000.0,11614.62045372227
1131,1131,68569.76744186046,6500.0,130000.0,35154.903292816954
1132,1132,34984.782608695656,4950.0,66000.0,19530.29661378204
1133,1133,34168.0,5000.0,75000.0,13907.543852168865
1134,1134,21352.941176470587,5000.0,29500.0,6451.7774702752695
1135,1135,26727.272727272728,6500.0,32000.0,8912.105241451693
1136,1136,,,,
1137,1137,25333.33333333333,20100.0,28900.0,3027.4668545758773
1138,1138,56057.77777777778,0.0,217800.0,39727.35127725196
1139,1139,66216.21621621621,4000.0,155500.0,38965.60169447804
1140,1140,60924.92473118279,4000.0,181500.0,32125.45064199604
1141,1141,24803.73831775701,6000.0,50000.0,7250.445364775682
1142,1142,49360.86956521739,2500.0,230000.0,48601.12710386041
1143,1143,60322.03389830508,4000.0,168000.0,34689.392057039375
1144,1144,33567.47572815534,3000.0,450000.0,43225.85397514406
1145,1145,45100.0,26800.0,75600.0,15246.311029229331
1146,1146,103615.81818181818,9900.0,2000000.0,301438.6630534004
1147,1147,26813.86861313869,6000.0,88000.0,13980.69671562438
1148,1148,29481.443298969072,1000.0,165600.0,25697.496086844392
1149,1149,,,,
1150,1150,74589.79591836735,0.0,132000.0,29153.235161239205
1151,1151,14250.0,3000.0,28000.0,6191.011955428455
1152,1152,16784.0,3000.0,33900.0,7703.956386169381
1153,1153,14791.142857142857,1900.0,29900.0,9656.239070134492
1154,1154,43414.89361702128,8000.0,100000.0,16090.166752505533
1155,1155,,,,
1156,1156,31476.19047619048,3000.0,50000.0,17831.537197360794
1157,1157,30458.33333333333,2000.0,125000.0,18863.278185111118
1158,1158,25529.41176470588,10000.0,37000.0,10765.509452488828
1159,1159,23522.222222222223,3500.0,35000.0,14447.127955854738
1160,1160,,,,
1161,1161,24920.0,22000.0,35000.0,3451.60832076874
1162,1162,25589.74358974359,7000.0,35000.0,6643.747585928881
1163,1163,46227.64227642276,8000.0,140000.0,22312.56637006096
1164,1164,28635.0,5000.0,150000.0,21134.114010291512
1165,1165,,,,
1166,1166,18064.36,2475.0,59840.0,11663.916878150323
1167,1167,34985.0,8000.0,38000.0,3536.209128431179
1168,1168,30547.61904761905,17000.0,41000.0,7473.611930214648
1169,1169,25719.0,6450.0,53100.0,7290.728667286968
1170,1170,43901.898734177215,2000.0,130000.0,25740.27153456796
1171,1171,27581.904761904763,6000.0,45000.0,7961.550829453852
1172,1172,22406.25,5500.0,27000.0,5400.285727394431
