manhwa,score,ranked,popularity_rank,members,favorites
1,8.68,56,7,432195,40055
2,8.67,58,187,76113,4056
3,8.58,92,365,42621,2697
4,8.5,139,84,126296,6461
5,8.44,173,347,44588,2658
6,8.42,183,547,29616,1226
7,8.4,201,77,138625,6193
8,8.4,204,151,87466,4275
9,8.39,210,42,176104,12007
10,8.39,211,647,25850,830
11,8.39,214,1093,15799,772
12,8.37,232,144,90663,4292
13,8.34,261,3006,6245,356
14,8.3,300,6967,2479,209
15,8.28,326,220,66004,2788
16,8.26,339,208,69578,2552
17,8.24,362,709,23603,846
18,8.23,385,4741,3874,115
19,8.22,387,2895,6460,310
20,8.2,411,2039,8987,281
21,8.19,421,848,19929,736
22,8.18,439,1611,11400,369
23,8.15,477,2294,8103,224
24,8.14,499,1718,10640,272
25,8.14,503,612,27039,731
26,8.13,511,895,18927,364
27,8.13,517,593,27786,800
28,8.12,522,2317,8024,164
29,8.12,527,2993,6262,183
30,8.12,540,2068,8900,94
31,8.11,547,120,104467,4931
32,8.1,566,2834,6595,294
33,8.08,593,1133,15361,500
34,8.08,600,1630,11277,328
35,8.07,616,1716,10653,251
36,8.07,617,1900,9531,66
37,8.06,621,1991,9156,387
38,8.06,630,892,18957,600
39,8.06,633,4384,4201,164
40,8.05,646,2187,8464,226
41,8.05,648,3592,5240,162
42,8.04,672,1382,13154,426
43,8.02,698,1171,14959,488
44,8.0,725,4528,4060,141
45,7.98,766,3861,4857,99
46,7.98,773,1344,13431,473
47,7.97,799,310,48913,2262
48,7.97,801,816,20645,558
49,7.96,802,1424,12843,323
50,7.96,811,668,24970,738
51,7.96,814,819,20574,543
52,7.96,816,1316,13706,345
53,7.96,817,3798,4935,119
54,7.95,818,932,18253,457
55,7.95,824,4221,4371,168
56,7.95,825,3522,5343,108
57,7.95,841,1838,9859,297
58,7.94,848,6095,2899,147
59,7.93,872,2280,8139,178
60,7.93,873,2700,6964,284
61,7.93,884,1555,11850,251
62,7.93,893,1586,11632,235
63,7.92,903,2759,6808,154
64,7.92,920,983,17290,468
65,7.91,923,4783,3839,54
66,7.9,948,825,20450,463
67,7.9,955,3761,4986,176
68,7.89,985,2560,7319,157
69,7.89,986,2695,6971,179
70,7.89,987,6457,2717,110
71,7.88,1008,3395,5557,139
72,7.87,1038,1777,10253,173
73,7.86,1048,4448,4132,124
74,7.86,1067,3533,5329,105
75,7.85,1095,10021,1574,75
76,7.85,1100,4746,3864,65
77,7.85,1105,1641,11193,157
78,7.85,1111,4166,4431,67
79,7.84,1112,2272,8169,184
80,7.84,1114,1517,12168,243
81,7.84,1116,4511,4067,90
82,7.84,1119,389,40868,871
83,7.84,1122,1873,9689,186
84,7.84,1124,3680,5122,83
85,7.83,1157,3834,4886,178
86,7.83,1163,2330,7971,239
87,7.82,1205,6578,2649,50
88,7.8100000000000005,1212,5123,3541,60
89,7.79,1279,3682,5121,113
90,7.79,1280,5214,3473,61
91,7.79,1281,2614,7186,114
92,7.78,1339,1681,10889,268
93,7.77,1350,542,29896,690
94,7.77,1354,3707,5075,76
95,7.77,1359,1813,9987,308
96,7.77,1360,5012,3621,52
97,7.76,1391,5915,3000,33
98,7.76,1397,9166,1762,43
99,7.76,1419,2043,8984,160
100,7.76,1420,1423,12850,165
101,7.75,1424,9777,1626,33
102,7.75,1425,1636,11233,256
103,7.75,1426,1613,11375,207
104,7.75,1427,6272,2817,18
105,7.75,1428,9528,1682,15
106,7.75,1434,3435,5482,108
107,7.75,1437,748,22223,333
108,7.75,1459,3314,5705,97
109,7.74,1486,4331,4253,62
110,7.74,1503,1798,10085,268
111,7.74,1507,8259,2015,56
112,7.73,1510,5016,3618,46
113,7.73,1524,6196,2853,73
114,7.73,1525,5422,3319,41
115,7.73,1557,3850,4866,52
116,7.72,1568,2095,8803,230
117,7.72,1581,2585,7273,167
118,7.72,1588,12845,1108,25
119,7.72,1589,6530,2682,33
120,7.71,1630,2712,6929,105
121,7.7,1641,557,29247,805
122,7.7,1655,2557,7338,98
123,7.69,1686,5457,3292,32
124,7.69,1687,8480,1945,36
125,7.69,1705,5182,3498,42
126,7.68,1724,205,69604,2106
127,7.68,1729,8231,2023,76
128,7.68,1737,2752,6830,138
129,7.68,1738,6890,2516,23
130,7.68,1739,6624,2630,59
131,7.68,1750,7578,2251,32
132,7.68,1765,3583,5257,63
133,7.68,1766,2691,6980,139
134,7.68,1778,2613,7187,144
135,7.67,1784,2627,7156,234
136,7.67,1791,857,19751,466
137,7.67,1811,1450,12650,205
138,7.67,1815,6352,2773,47
139,7.67,1816,10855,1404,115
140,7.66,1862,1885,9613,150
141,7.65,1903,1308,13760,275
142,7.65,1928,6705,2598,25
143,7.65,1934,4260,4329,41
144,7.65,1942,3479,5415,71
145,7.65,1944,7319,2345,25
146,7.63,1946,4693,3904,52
147,7.64,1947,4758,3857,47
148,7.64,1949,13151,1071,14
149,7.64,1989,3931,4769,50
150,7.63,2004,5935,2985,59
151,7.63,2010,1686,10849,122
152,7.63,2035,8115,2057,38
153,7.62,2053,9277,1736,19
154,7.62,2055,5468,3283,48
155,7.62,2057,2963,6319,99
156,7.62,2087,4191,4399,74
157,7.61,2095,2473,7587,121
158,7.61,2112,1938,9362,188
159,7.61,2141,2134,8665,108
160,7.61,2143,5382,3350,50
161,7.61,2144,5553,3224,38
162,7.61,2159,5083,3576,61
163,7.6,2190,3943,4747,59
164,7.6,2210,7404,2318,20
165,7.59,2211,5168,3512,41
166,7.59,2212,6188,2857,54
167,7.59,2214,6933,2494,35
168,7.59,2236,3539,5320,89
169,7.58,2281,2112,8751,78
170,7.58,2282,20956,494,7
171,7.58,2283,16391,760,25
172,7.58,2309,8899,1826,25
173,7.58,2323,3083,6105,59
174,7.58,2324,1754,10414,139
175,7.57,2335,2032,9001,191
176,7.57,2336,5496,3261,20
177,7.57,2337,797,21055,243
178,7.57,2339,4717,3890,54
179,7.57,2351,2299,8084,119
180,7.57,2352,2985,6271,76
181,7.57,2377,4902,3729,34
182,7.5600000000000005,2402,5633,3169,31
183,7.5600000000000005,2406,206,69604,2146
184,7.5600000000000005,2414,3397,5549,89
185,7.5600000000000005,2416,3285,5741,106
186,7.5600000000000005,2430,5118,3546,38
187,7.5600000000000005,2445,1874,9686,92
188,7.5600000000000005,2446,1334,13544,200
189,7.5600000000000005,2447,1222,14523,179
190,7.5600000000000005,2448,11971,1232,16
191,7.55,2458,4763,3855,38
192,7.55,2502,3691,5103,64
193,7.54,2507,3205,5913,62
194,7.54,2508,4427,4157,36
195,7.54,2529,3641,5181,97
196,7.54,2545,7549,2261,38
197,7.54,2553,889,18987,387
198,7.54,2554,1414,12919,211
199,7.54,2571,10200,1534,17
200,7.53,2582,11763,1258,28
201,7.53,2586,7261,2372,25
202,7.53,2597,4194,4399,37
203,7.53,2598,5625,3178,28
204,7.53,2599,8696,1884,23
205,7.53,2600,3370,5610,54
206,7.52,2657,4629,3963,55
207,7.52,2663,7165,2403,16
208,7.52,2668,3475,5418,51
209,7.52,2670,2248,8257,68
210,7.52,2672,6239,2832,36
211,7.52,2673,5137,3534,47
212,7.52,2687,19142,584,12
213,7.52,2690,511,31787,393
214,7.52,2692,12551,1148,15
215,7.51,2733,6278,2815,48
216,7.51,2736,1773,10292,168
217,7.51,2743,9572,1672,48
218,7.51,2746,5552,3226,50
219,7.51,2757,4945,3691,37
220,7.51,2781,2158,8541,133
221,7.51,2782,4177,4417,71
222,7.51,2783,4073,4552,33
223,7.51,2785,4489,4091,35
224,7.5,2836,4286,4303,57
225,7.5,2839,3655,5169,135
226,7.5,2858,2786,6721,88
227,7.5,2859,11319,1328,14
228,7.5,2860,5509,3252,14
229,7.49,2866,15205,862,18
230,7.49,2868,3039,6204,84
231,7.49,2869,1575,11682,87
232,7.49,2870,16069,788,18
233,7.49,2933,6248,2828,36
234,7.49,2946,18446,625,18
235,7.48,2951,6428,2731,105
236,7.48,2965,4170,4431,86
237,7.48,2966,19454,566,12
238,7.48,2967,7134,2415,45
239,7.48,2968,7216,2383,33
240,7.48,2970,8120,2055,15
241,7.48,2972,3390,5565,45
242,7.48,2987,4507,4068,99
243,7.47,3035,9386,1714,20
244,7.47,3047,2890,6468,98
245,7.47,3048,1845,9811,104
246,7.47,3049,10965,1387,9
247,7.47,3059,4845,3782,46
248,7.47,3074,6621,2630,30
249,7.46,3147,7502,2282,39
250,7.46,3149,2877,6520,44
251,7.45,3191,2388,7849,112
252,7.45,3199,4881,3748,47
253,7.45,3207,4279,4309,26
254,7.45,3224,5285,3420,25
255,7.45,3248,7814,2170,31
256,7.45,3250,10783,1416,14
257,7.45,3251,1393,13051,101
258,7.45,3252,10301,1513,35
259,7.45,3253,6706,2597,31
260,7.45,3254,10741,1426,11
261,7.45,3255,18559,617,4
262,7.44,3259,6916,2499,13
263,7.44,3260,7725,2200,18
264,7.44,3264,18354,630,8
265,7.43,3350,5899,3010,42
266,7.43,3359,18674,611,12
267,7.43,3361,8459,1958,15
268,7.43,3362,10505,1469,12
269,7.43,3395,2466,7609,70
270,7.42,3410,2520,7447,221
271,7.42,3436,3888,4827,46
272,7.42,3444,4330,4254,22
273,7.42,3445,3277,5763,57
274,7.42,3469,5759,3097,39
275,7.41,3532,12710,1127,13
276,7.41,3569,4808,3817,43
277,7.41,3570,12200,1198,8
278,7.41,3571,3669,5134,28
279,7.4,3593,15808,808,12
280,7.4,3646,9170,1761,23
281,7.4,3653,15837,805,12
282,7.4,3665,14041,975,8
283,7.4,3666,13932,989,6
284,7.39,3668,3126,6048,47
285,7.39,3669,7733,2196,15
286,7.39,3672,12112,1210,11
287,7.39,3673,6595,2643,17
288,7.39,3674,9129,1769,7
289,7.39,3675,15264,856,9
290,7.39,3690,5438,3305,39
291,7.39,3705,3026,6224,126
292,7.39,3713,6006,2944,30
293,7.38,3786,6748,2580,42
294,7.38,3787,10795,1414,17
295,7.38,3788,24555,360,6
296,7.38,3788,11546,1291,22
297,7.38,3790,12384,1170,16
298,7.38,3791,22725,421,6
299,7.38,3824,4545,4043,52
300,7.38,3835,10006,1577,15
301,7.37,3859,6591,2645,38
302,7.37,3870,2977,6281,53
303,7.37,3876,4671,3921,13
304,7.37,3890,19670,555,11
305,7.37,3891,7851,2154,36
306,7.37,3892,6124,2885,17
307,7.37,3893,6401,2746,25
308,7.37,3901,26506,303,5
309,7.37,3912,17423,687,14
310,7.36,3958,6542,2674,10
311,7.36,3967,5646,3163,39
312,7.36,3981,16093,786,16
313,7.36,3984,700,23921,409
314,7.36,4003,7347,2333,11
315,7.36,4026,2670,7049,59
316,7.36,4035,6665,2616,10
317,7.36,4037,13229,1063,6
318,7.35,4070,6656,2619,84
319,7.35,4073,11070,1369,7
320,7.35,4128,15461,839,14
321,7.35,4134,10844,1406,31
322,7.35,4151,12509,1153,12
323,7.35,4157,2208,8387,40
324,7.35,4158,1760,10383,57
325,7.35,4159,13153,1071,10
326,7.34,4162,4766,3853,26
327,7.34,4163,20055,536,12
328,7.34,4164,6720,2592,27
329,7.34,4165,9147,1765,9
330,7.34,4166,7484,2290,9
331,7.34,4167,7687,2212,11
332,7.34,4168,14013,980,21
333,7.34,4171,4506,4074,26
334,7.34,4214,3509,5365,36
335,7.34,4225,8144,2046,29
336,7.33,4287,8878,1833,32
337,7.33,4288,16410,759,6
338,7.33,4289,4408,4178,27
339,7.33,4290,2932,6373,46
340,7.33,4291,5432,3312,20
341,7.33,4292,15608,824,8
342,7.33,4351,8137,2049,14
343,7.33,4352,3371,5606,57
344,7.32,4376,3052,6178,150
345,7.32,4388,5402,3331,23
346,7.32,4395,9510,1685,11
347,7.32,4431,6659,2619,22
348,7.32,4432,7841,2158,23
349,7.32,4433,5135,3533,13
350,7.32,4434,21493,470,8
351,7.32,4435,4242,4346,14
352,7.32,4445,13919,991,6
353,7.32,4463,5389,3344,27
354,7.32,4485,12773,1117,5
355,7.32,4486,2973,6292,74
356,7.32,4493,3343,5652,32
357,7.32,4496,3768,4978,55
358,7.31,4509,5011,3622,25
359,7.31,4530,14853,893,22
360,7.31,4546,15456,839,3
361,7.31,4565,4366,4225,37
362,7.31,4566,5125,3540,122
363,7.31,4567,8394,1976,18
364,7.31,4568,14804,898,6
365,7.3,4621,10791,1414,20
366,7.3,4634,7270,2367,20
367,7.3,4669,8483,1945,33
368,7.3,4670,12519,1151,21
369,7.3,4695,10133,1547,19
370,7.3,4698,9549,1677,24
371,7.3,4699,8347,1991,2
372,7.3,4701,16266,772,6
373,7.29,4708,17474,683,2
374,7.3,4703,5741,3107,24
375,7.29,4705,4332,4252,28
376,7.29,4708,12340,1176,15
377,7.29,4707,13927,990,18
378,7.29,4709,4966,3667,12
379,7.29,4710,24691,356,4
380,7.29,4714,11146,1355,8
381,7.29,4757,8306,2002,32
382,7.29,4762,3740,5022,36
383,7.29,4769,1677,10912,84
384,7.29,4777,10835,1408,3
385,7.29,4785,10554,1459,12
386,7.29,4787,9199,1754,10
387,7.29,4807,1538,12007,585
388,7.29,4813,13522,1033,16
389,7.28,4855,8205,2032,33
390,7.28,4856,8352,1989,6
391,7.28,4857,11310,1330,5
392,7.28,4859,16588,745,4
393,7.28,4878,8425,1965,21
394,7.28,4893,12287,1184,10
395,7.28,4915,6256,2825,13
396,7.27,4950,5543,3233,49
397,7.27,4957,9249,1743,7
398,7.27,4977,16487,753,14
399,7.27,4978,2304,8071,105
400,7.27,4979,19212,580,7
401,7.27,4980,21189,483,3
402,7.27,4982,17196,702,8
403,7.27,4992,18305,632,12
404,7.27,5003,9518,1683,24
405,7.27,5020,8274,2011,29
406,7.27,5033,8079,2069,14
407,7.26,5122,11431,1309,5
408,7.26,5123,6961,2482,8
409,7.26,5125,7453,2300,6
410,7.26,5126,5781,3082,9
411,7.26,5140,10705,1430,41
412,7.25,5158,6958,2482,42
413,7.25,5173,12695,1129,11
414,7.25,5176,17555,678,8
415,7.25,5204,11907,1239,7
416,7.25,5231,26026,317,2
417,7.25,5233,18894,599,26
418,7.25,5256,9176,1760,13
419,7.25,5257,7789,2179,7
420,7.25,5258,4159,4437,36
421,7.25,5259,12072,1216,4
422,7.25,5260,18896,599,4
423,7.24,5268,7594,2246,22
424,7.24,5269,5561,3218,22
425,7.24,5270,25261,339,5
426,7.24,5274,13967,984,11
427,7.24,5330,9162,1762,23
428,7.24,5388,15543,830,7
429,7.23,5397,11749,1261,19
430,7.23,5408,15155,866,15
431,7.23,5416,7057,2447,18
432,7.23,5433,11458,1305,22
433,7.23,5434,3319,5694,40
434,7.23,5435,2596,7245,21
435,7.23,5436,4647,3947,8
436,7.23,5437,13749,1009,5
437,7.23,5445,7915,2128,7
438,7.23,5458,5308,3403,22
439,7.23,5488,7886,2139,2
440,7.23,5492,8297,2004,13
441,7.22,5515,8090,2066,38
442,7.22,5555,10393,1495,12
443,7.22,5567,2938,6365,72
444,7.22,5569,5573,3210,20
445,7.22,5570,6019,2934,11
446,7.22,5571,12163,1203,9
447,7.22,5572,6589,2646,10
448,7.22,5584,7468,2296,16
449,7.22,5594,16499,752,7
450,7.22,5603,12243,1191,23
451,7.22,5622,20758,502,4
452,7.22,5630,11208,1345,20
453,7.21,5635,7732,2197,9
454,7.21,5649,14348,942,13
455,7.21,5673,12797,1114,6
456,7.21,5677,9761,1629,8
457,7.21,5687,17554,678,5
458,7.21,5698,13096,1078,6
459,7.21,5705,10850,1405,8
460,7.21,5710,11397,1315,7
461,7.21,5711,2887,6473,63
462,7.21,5712,24325,368,3
463,7.21,5713,14699,907,12
464,7.21,5714,10656,1441,4
465,7.2,5766,8503,1940,20
466,7.2,5767,8271,2012,31
467,7.2,5832,5548,3230,34
468,7.2,5839,7551,2260,8
469,7.2,5863,8555,1925,10
470,7.2,5864,14387,938,2
471,7.2,5865,1679,10903,53
472,7.2,5866,6110,2890,21
473,7.2,5868,20598,510,7
474,7.2,5869,11763,1259,6
475,7.2,5871,15247,858,7
476,7.2,5873,11892,1241,7
477,7.2,5874,20965,493,0
478,7.19,5878,19292,576,6
479,7.19,5879,8696,1884,5
480,7.19,5881,20987,492,4
481,7.19,5884,13308,1054,8
482,7.19,5885,12616,1139,5
483,7.19,5929,7401,2319,7
484,7.19,5958,19024,591,11
485,7.19,5963,19840,546,3
486,7.19,5977,3186,5938,86
487,7.19,5988,19334,573,18
488,7.19,5989,5557,3221,30
489,7.19,5994,26222,311,3
490,7.19,5997,22849,417,3
491,7.18,6014,8348,1990,39
492,7.18,6031,11429,1309,20
493,7.18,6037,4106,4507,45
494,7.18,6038,2708,6941,34
495,7.18,6039,6968,2478,20
496,7.18,6040,14132,965,5
497,7.18,6042,20546,512,2
498,7.18,6086,7856,2153,16
499,7.18,6100,12459,1158,8
500,7.17,6133,16788,730,4
501,7.17,6154,9646,1655,32
502,7.17,6166,19392,570,3
503,7.17,6167,18059,646,3
504,7.17,6170,10134,1547,11
505,7.17,6172,13186,1068,6
506,7.16,6234,12644,1135,7
507,7.16,6242,16716,736,4
508,7.16,6251,5736,3110,23
509,7.16,6267,24723,355,11
510,7.16,6287,8795,1856,12
511,7.16,6308,16309,769,2
512,7.16,6317,12631,1136,4
513,7.16,6322,7295,2357,10
514,7.16,6329,22579,426,3
515,7.16,6330,7268,2368,24
516,7.16,6331,5528,3242,35
517,7.16,6332,18400,628,8
518,7.16,6334,10956,1389,4
519,7.16,6335,11996,1228,5
520,7.17,6171,4919,3716,8
521,7.16,6343,13323,1053,13
522,7.15,6377,13718,1012,17
523,7.15,6390,11169,1352,0
524,7.15,6422,7385,2322,11
525,7.15,6426,15465,838,8
526,7.15,6438,8229,2024,6
527,7.15,6457,20813,500,16
528,7.15,6463,3381,5586,33
529,7.15,6482,2830,6604,43
530,7.15,6483,7167,2402,18
531,7.15,6484,15739,813,10
532,7.15,6485,17710,668,1
533,7.15,6487,7943,2121,19
534,7.15,6489,4694,3904,11
535,7.15,6490,5995,2950,14
536,7.14,6492,6094,2899,8
537,7.14,6494,5565,3215,19
538,7.14,6495,10000,1579,24
539,7.14,6496,23681,389,3
540,7.14,6497,12477,1156,9
541,7.14,6499,23068,410,10
542,7.14,6502,4886,3745,33
543,7.14,6511,2755,6822,38
544,7.14,6519,9384,1714,15
545,7.14,6523,6034,2927,24
546,7.14,6576,10046,1567,13
547,7.14,6587,9903,1598,9
548,7.14,6611,20876,497,4
549,7.13,6655,15218,861,11
550,7.13,6656,15738,814,3
551,7.13,6658,8047,2081,14
552,7.13,6659,12056,1218,10
553,7.13,6661,12494,1154,4
554,7.13,6662,14712,906,0
555,7.13,6664,7477,2292,18
556,7.13,6726,9830,1613,10
557,7.13,6737,17185,703,17
558,7.13,6749,6796,2558,13
559,7.13,6751,3847,4868,32
560,7.13,6758,6842,2535,7
561,7.12,6768,9900,1599,7
562,7.12,6779,15556,829,3
563,7.12,6790,18000,650,5
564,7.12,6807,6044,2924,13
565,7.12,6810,15192,862,3
566,7.13,6657,11286,1334,10
567,7.12,6812,17256,698,3
568,7.12,6813,17967,652,2
569,7.12,6868,1825,9917,99
570,7.11,6933,4880,3750,19
571,7.11,6975,10738,1423,10
572,7.11,6976,16776,731,3
573,7.11,6978,4571,4024,18
574,7.11,6979,14080,970,2
575,7.11,6980,7639,2231,11
576,7.11,6983,17696,669,0
577,7.1,7036,24821,352,1
578,7.1,7060,17116,707,3
579,7.1,7070,17247,699,1
580,7.1,7074,9219,1750,6
581,7.1,7095,14879,891,3
582,7.1,7126,16153,782,9
583,7.1,7136,14195,958,13
584,7.1,7154,7314,2347,26
585,7.1,7155,4790,3833,40
586,7.1,7156,12219,1193,23
587,7.1,7157,21221,482,2
588,7.1,7158,3859,4858,17
589,7.1,7159,25203,341,6
590,7.1,7161,24104,374,4
591,7.09,7163,6233,2836,9
592,7.09,7164,6809,2551,7
593,7.09,7165,19602,558,4
594,7.09,7166,14489,929,8
595,7.08,7365,13889,995,6
596,7.09,7169,20708,504,2
597,7.09,7170,8799,1854,4
598,7.09,7173,5372,3361,13
599,7.09,7176,7739,2194,21
600,7.09,7224,6022,2930,32
601,7.09,7235,19374,571,3
602,7.09,7239,17300,695,2
603,7.09,7269,17932,654,3
604,7.09,7279,31970,194,10
605,7.09,7298,10389,1495,10
606,7.08,7352,26220,312,7
607,7.08,7356,4687,3908,19
608,7.08,7357,9807,1620,15
609,7.08,7358,3881,4839,44
610,7.08,7359,4551,4040,16
611,7.08,7362,18608,615,2
612,7.08,7363,25300,338,2
613,7.08,7367,20168,530,1
614,7.08,7380,10581,1451,9
615,7.08,7425,7348,2333,11
616,7.08,7430,15146,867,5
617,7.08,7436,7570,2254,11
618,7.08,7442,21791,457,5
619,7.07,7488,4526,4056,27
620,7.07,7496,9894,1601,2
621,7.07,7505,10665,1438,5
622,7.07,7518,5398,3333,19
623,7.07,7519,22129,442,3
624,7.07,7520,10950,1390,2
625,7.07,7521,4343,4245,14
626,7.07,7571,5019,3615,11
627,7.07,7576,17648,672,1
628,7.07,7577,6946,2488,29
629,7.06,7652,3243,5826,184
630,7.06,7670,19950,541,11
631,7.06,7682,13155,1071,6
632,7.06,7700,23066,410,7
633,7.06,7706,7544,2264,9
634,7.06,7708,10238,1526,7
635,7.05,7745,14768,901,4
636,7.05,7750,15306,853,9
637,7.05,7763,11330,1326,16
638,7.05,7784,18492,622,1
639,7.05,7841,22442,431,10
640,7.05,7884,13809,1003,8
641,7.05,7886,9266,1738,8
642,7.05,7887,22050,446,0
643,7.04,7896,10254,1523,6
644,7.04,7897,8125,2053,7
645,7.04,7898,11699,1267,5
646,7.04,7899,5763,3092,9
647,7.04,7900,10664,1438,6
648,7.04,7902,18748,607,0
649,7.04,7903,21545,468,2
650,7.04,7904,18207,637,0
651,7.04,7905,15886,801,3
652,7.04,7954,17699,669,4
653,7.04,7957,16312,768,4
654,7.04,7959,15469,837,14
655,7.04,8020,9877,1603,11
656,7.04,8040,18746,607,2
657,7.03,8057,21022,490,2
658,7.03,8077,3635,5189,25
659,7.03,8078,11875,1243,4
660,7.03,8079,16958,719,2
661,7.03,8081,12896,1102,2
662,7.03,8082,19897,543,3
663,7.03,8083,6570,2655,4
664,7.03,8088,14928,887,2
665,7.03,8165,20251,526,22
666,7.03,8166,22157,441,4
667,7.03,8167,16819,728,1
668,7.02,8178,14450,932,6
669,7.02,8194,8868,1836,42
670,7.02,8215,14398,937,10
671,7.02,8232,18401,628,0
672,7.02,8233,7495,2284,5
673,7.02,8235,17584,677,9
674,7.02,8236,11459,1305,4
675,7.02,8237,16278,771,2
676,7.02,8239,9073,1781,12
677,7.02,8241,17815,661,1
678,7.02,8259,4503,4076,25
679,7.02,8287,14850,894,11
680,7.02,8300,13080,1080,6
681,7.02,8313,13593,1025,2
682,7.01,8340,15258,857,2
683,7.01,8345,10121,1550,6
684,7.01,8364,14684,909,8
685,7.01,8403,9274,1736,12
686,7.01,8431,5799,3061,23
687,7.01,8438,6525,2682,11
688,7.01,8440,24333,367,0
689,7.01,8441,24959,348,3
690,7.01,8442,16899,723,8
691,7.01,8443,5881,3021,9
692,7.01,8444,15123,869,3
693,7.01,8445,15508,833,3
694,7.01,8451,19373,571,4
695,7.01,8469,7597,2244,12
696,7.0,8493,7556,2259,14
697,7.0,8498,21196,483,6
698,7.0,8513,3958,4731,10
699,7.0,8521,6170,2863,15
700,7.0,8522,5607,3190,11
701,7.0,8534,11791,1255,3
702,7.0,8545,13235,1062,1
703,7.0,8596,4438,4146,31
704,7.0,8604,17048,712,6
705,7.0,8605,12247,1190,9
706,7.0,8606,12548,1148,1
707,7.0,8607,4215,4377,22
708,7.0,8608,6471,2711,8
709,7.0,8609,5968,2970,2
710,7.0,8610,10436,1484,3
711,7.0,8611,12356,1175,3
712,6.99,8616,16568,747,2
713,6.99,8617,18205,638,0
714,6.99,8618,14373,939,4
715,6.99,8619,9572,1673,7
716,6.99,8620,9514,1684,4
717,6.99,8625,17372,690,5
718,6.99,8628,8874,1834,8
719,6.99,8668,16992,716,10
720,6.99,8671,9290,1733,4
721,6.99,8672,20573,511,3
722,6.99,8682,13996,981,1
723,6.99,8690,19533,562,10
724,6.99,8696,8298,2004,7
725,6.99,8708,15361,848,2
726,6.98,8757,28284,260,9
727,6.98,8758,14475,930,7
728,6.98,8770,2996,6252,55
729,6.98,8780,4623,3976,12
730,6.98,8781,14839,894,4
731,6.98,8782,8070,2073,6
732,6.98,8783,13027,1087,0
733,6.98,8784,19440,567,3
734,6.98,8785,9821,1616,3
735,6.98,8799,9944,1590,14
736,6.98,8801,15888,800,2
737,6.98,8842,17622,674,0
738,6.98,8856,3019,6232,91
739,6.98,8861,18957,595,3
740,6.98,8874,16884,723,2
741,6.97,8932,16168,781,2
742,6.97,8934,7910,2129,5
743,6.97,8951,3978,4704,13
744,6.97,8952,4723,3885,14
745,6.97,8953,4272,4317,25
746,6.97,8954,5196,3489,11
747,6.97,8955,10147,1544,8
748,6.97,8956,31320,203,4
749,6.97,8957,16979,717,4
750,6.97,8958,6553,2663,12
751,6.97,8960,12006,1226,1
752,6.97,8961,13477,1039,2
753,6.97,8963,8177,2039,6
754,6.97,8964,11710,1265,5
755,6.97,8976,26542,302,4
756,6.97,8977,25510,331,6
757,6.97,8981,15702,817,5
758,6.97,9006,17386,689,2
759,6.96,9032,14415,935,5
760,6.96,9059,26541,302,8
761,6.96,9064,17955,653,8
762,6.96,9070,8393,1976,7
763,6.96,9075,11354,1322,46
764,6.96,9076,15183,863,16
765,6.96,9092,15308,853,1
766,6.96,9095,11753,1260,0
767,6.96,9096,20324,522,1
768,6.96,9102,24382,366,3
769,6.96,9117,15764,811,9
770,6.96,9130,2023,9042,42
771,6.96,9131,11605,1280,5
772,6.96,9132,8574,1918,2
773,6.96,9133,17660,672,1
774,6.96,9134,6846,2533,4
775,6.97,8959,12460,1158,2
776,6.96,9135,17078,710,0
777,6.96,9136,13232,1062,4
778,6.96,9137,20151,531,0
779,6.96,9140,16492,752,3
780,6.95,9181,8662,1893,37
781,6.95,9182,8365,1986,2
782,6.95,9183,13139,1072,2
783,6.95,9200,24429,364,4
784,6.95,9202,18739,607,3
785,6.95,9219,14062,973,2
786,6.95,9220,15272,856,1
787,6.95,9227,17843,660,5
788,6.95,9229,18496,622,1
789,6.95,9235,15676,819,3
790,6.95,9242,10847,1406,2
791,6.95,9254,14169,961,6
792,6.95,9273,21583,466,5
793,6.95,9285,24990,347,2
794,6.95,9292,5581,3205,22
795,6.95,9297,14234,953,9
796,6.95,9298,8253,2016,8
797,6.95,9299,10179,1537,3
798,6.95,9300,4488,4091,16
799,6.95,9301,15063,874,4
800,6.95,9303,10314,1511,5
801,6.95,9304,20120,533,2
802,6.95,9305,17907,656,1
803,6.94,9310,18874,600,6
804,6.94,9312,21288,479,2
805,6.94,9313,3874,4845,12
806,6.94,9314,11216,1345,4
807,6.94,9315,17671,671,4
808,6.94,9355,7677,2216,50
809,6.94,9360,19318,574,2
810,6.94,9367,14527,924,6
811,6.94,9370,17569,677,1
812,6.94,9433,12781,1116,9
813,6.93,9450,18745,607,7
814,6.93,9473,3193,5930,29
815,6.93,9475,4401,4189,29
816,6.93,9476,8515,1936,1
817,6.93,9477,10907,1396,2
818,6.93,9479,8216,2028,12
819,6.93,9480,5420,3319,6
820,6.93,9490,22580,426,0
821,6.93,9500,20398,519,3
822,6.93,9502,18592,616,1
823,6.93,9522,16765,732,3
824,6.92,9566,11517,1295,3
825,6.92,9582,16088,786,4
826,6.92,9584,24863,351,14
827,6.92,9591,13677,1016,4
828,6.92,9594,15860,803,2
829,6.92,9600,20723,503,0
830,6.92,9616,6456,2717,6
831,6.92,9618,4565,4028,13
832,6.92,9619,21462,472,2
833,6.92,9620,20649,507,1
834,6.92,9621,14729,904,2
835,6.92,9622,16803,729,3
836,6.92,9627,12745,1122,3
837,6.92,9677,8745,1870,7
838,6.92,9694,19238,579,1
839,6.92,9712,13785,1006,1
840,6.92,9715,18043,647,3
841,6.91,9740,10248,1524,5
842,6.91,9742,7884,2141,7
843,6.91,9784,12890,1103,2
844,6.91,9791,15521,832,1
845,6.91,9797,10266,1520,15
846,6.91,9798,7149,2410,10
847,6.91,9826,16504,751,4
848,6.91,9827,16902,722,4
849,6.91,9828,23382,399,2
850,6.91,9829,28117,264,2
851,6.91,9830,25549,330,5
852,6.91,9831,24419,365,1
853,6.91,9832,8620,1902,1
854,6.9,9892,13762,1008,13
855,6.9,9923,14750,903,2
856,6.9,9947,10345,1504,8
857,6.9,9955,16712,736,9
858,6.9,9961,2921,6391,65
859,6.9,9978,20471,516,0
860,6.9,9994,17460,684,12
861,6.9,9999,9680,1648,7
862,6.9,10000,28500,256,2
863,6.9,10001,25814,322,2
864,6.9,10002,10645,1442,6
865,6.9,10003,23685,389,0
866,6.9,10004,6286,2809,20
867,6.9,10006,18105,643,2
868,6.89,10011,23676,389,2
869,6.89,10013,8424,1965,15
870,6.89,10014,11177,1350,4
871,6.89,10015,19293,576,2
872,6.89,10016,10255,1523,9
873,6.89,10017,22393,433,2
874,6.89,10018,22499,429,1
875,6.89,10019,20271,525,7
876,6.89,10021,12368,1173,3
877,6.89,10024,7013,2460,2
878,6.89,10029,23031,411,0
879,6.89,10033,21902,452,3
880,6.89,10039,14330,943,2
881,6.89,10045,13194,1066,1
882,6.89,10142,4420,4161,27
883,6.88,10194,12071,1216,10
884,6.88,10195,13403,1046,5
885,6.88,10196,11078,1368,2
886,6.88,10197,23684,389,2
887,6.88,10198,10492,1470,0
888,6.88,10199,23201,405,1
889,6.88,10200,22303,436,2
890,6.88,10201,10111,1553,3
891,6.88,10202,9232,1749,3
892,6.88,10203,17616,675,0
893,6.88,10204,6736,2586,3
894,6.88,10205,4779,3841,4
895,6.88,10206,17990,651,1
896,6.88,10207,16910,722,8
897,6.88,10210,21040,490,1
898,6.88,10217,22504,429,3
899,6.88,10241,19721,552,0
900,6.88,10256,9687,1645,21
901,6.88,10258,17835,660,2
902,6.88,10262,20243,526,1
903,6.88,10287,20364,520,6
904,6.87,10305,15253,857,11
905,6.87,10335,22376,433,3
906,6.87,10352,13884,995,3
907,6.87,10355,8485,1944,5
908,6.87,10356,10375,1498,3
909,6.87,10357,22498,429,0
910,6.87,10358,13878,996,9
911,6.87,10359,10240,1525,8
912,6.87,10360,11512,1296,10
913,6.87,10361,16691,738,3
914,6.87,10362,18011,649,1
915,6.87,10363,18951,595,2
916,6.87,10364,13595,1025,2
917,6.87,10408,11017,1378,7
918,6.87,10424,15366,847,0
919,6.87,10436,14735,904,0
920,6.86,10488,8778,1861,13
921,6.86,10489,7664,2222,15
922,6.86,10491,3461,5442,83
923,6.86,10500,13638,1020,8
924,6.86,10511,11270,1336,9
925,6.86,10512,21790,457,4
926,6.86,10527,21188,483,2
927,6.86,10528,9072,1781,8
928,6.86,10529,21102,487,6
929,6.86,10533,15323,852,3
930,6.86,10534,11318,1328,3
931,6.86,10535,21777,458,1
932,6.86,10536,7249,2376,2
933,6.86,10537,10116,1551,5
934,6.86,10538,18082,644,2
935,6.86,10542,4077,4543,20
936,6.86,10544,15262,857,1
937,6.86,10552,17741,666,1
938,6.85,10603,18811,603,2
939,6.85,10621,24221,371,0
940,6.85,10622,21224,482,1
941,6.85,10628,10368,1498,7
942,6.85,10634,14073,971,8
943,6.85,10653,16680,739,3
944,6.85,10654,19774,549,2
945,6.85,10661,17254,698,1
946,6.85,10702,18504,621,0
947,6.85,10719,15633,822,3
948,6.85,10726,20238,526,2
949,6.85,10728,11570,1287,4
950,6.85,10729,10180,1537,7
951,6.85,10733,6449,2722,9
952,6.84,10736,7282,2364,5
953,6.84,10741,19946,541,7
954,6.84,10743,17957,653,2
955,6.84,10744,6637,2625,6
956,6.84,10745,14664,911,1
957,6.84,10746,21287,479,5
958,6.84,10749,27898,269,0
959,6.84,10750,18841,602,0
960,6.84,10754,16239,774,1
961,6.84,10759,14668,910,2
962,6.84,10763,23181,406,0
963,6.84,10811,20687,504,2
964,6.84,10825,15991,793,0
965,6.84,10828,18391,628,0
966,6.84,10878,27412,280,3
967,6.84,10893,25252,340,3
968,6.83,10936,21492,470,6
969,6.83,10937,10539,1461,12
970,6.83,10938,20707,504,0
971,6.84,10747,14911,889,0
972,6.83,10939,10588,1451,5
973,6.83,10941,12182,1200,1
974,6.83,10959,16718,736,5
975,6.83,10983,23657,390,0
976,6.83,10990,13016,1088,1
977,6.83,10994,22516,428,4
978,6.83,11014,22415,432,1
979,6.83,11018,10005,1578,11
980,6.82,11039,25574,330,0
981,6.82,11045,16066,788,2
982,6.82,11055,19382,571,2
983,6.82,11059,3322,5692,23
984,6.82,11066,22006,447,1
985,6.82,11067,14932,887,1
986,6.82,11068,8478,1946,8
987,6.82,11069,27017,290,0
988,6.82,11070,7990,2105,6
989,6.82,11071,11857,1246,1
990,6.82,11072,10739,1423,0
991,6.82,11073,17359,691,1
992,6.82,11074,9120,1771,2
993,6.82,11144,22451,431,2
994,6.8100000000000005,11195,20603,509,6
995,6.8100000000000005,11201,22023,446,9
996,6.8100000000000005,11210,22202,439,1
997,6.8100000000000005,11248,13974,983,2
998,6.8100000000000005,11249,5147,3524,7
999,6.8100000000000005,11250,9870,1605,7
