idmanhwa,idauthor
1,1
1,2
1,3
2,4
3,5
4,6
4,7
5,8
5,9
6,4
7,10
7,11
8,12
8,13
9,14
10,15
10,16
11,17
11,18
12,10
12,11
13,19
13,20
14,21
15,22
16,6
16,7
17,23
17,24
18,25
18,26
19,27
20,28
20,29
21,30
22,31
22,32
23,33
23,34
24,35
24,36
25,37
26,38
27,39
27,40
28,21
29,41
30,21
31,18
31,42
32,43
32,44
33,45
34,46
34,47
35,48
36,21
37,49
38,50
38,51
39,52
40,53
40,54
41,55
42,56
42,57
43,58
43,59
44,60
44,61
45,62
45,63
46,64
47,59
48,65
48,66
49,67
50,21
51,68
52,69
52,70
53,71
53,72
54,73
54,74
55,75
55,76
56,77
56,78
57,79
58,80
59,81
59,11
60,82
60,83
61,84
62,85
63,86
64,87
65,88
65,89
66,90
66,91
67,92
68,93
68,94
69,95
69,96
70,97
71,46
71,98
72,99
72,100
73,101
74,102
75,103
76,104
76,105
77,38
78,106
78,107
79,108
80,41
81,109
82,110
83,22
84,111
85,112
86,113
86,114
87,35
87,36
88,115
89,6
89,116
90,117
90,118
91,119
91,120
92,121
93,122
94,123
94,124
95,125
96,126
97,127
98,54
99,128
99,129
100,130
101,59
101,131
102,132
102,133
103,134
103,135
104,136
104,137
105,138
105,139
106,140
107,17
107,141
108,142
108,143
109,115
110,144
111,145
112,146
113,147
114,119
114,148
115,149
116,150
116,151
117,152
117,153
118,154
119,155
119,156
120,157
120,158
121,159
121,160
122,22
123,161
124,162
124,163
125,164
126,165
127,166
128,167
128,168
129,169
129,170
130,171
130,172
131,173
132,71
133,174
134,174
135,175
136,176
137,117
137,177
138,178
138,179
139,180
140,159
140,181
141,140
142,142
142,143
143,182
144,183
144,184
145,185
145,186
146,179
146,187
147,188
147,189
148,190
149,191
149,192
150,22
151,193
151,194
152,195
153,196
153,197
154,198
155,178
156,138
157,199
158,200
158,201
159,6
159,202
160,123
160,124
161,203
161,204
162,102
163,149
164,205
164,206
165,207
165,208
166,209
167,210
167,211
168,212
168,213
169,214
169,215
170,216
171,217
171,218
172,219
173,220
173,221
174,174
175,222
176,222
177,223
177,224
178,225
179,226
179,227
180,228
180,229
181,126
182,230
183,17
183,88
184,147
185,231
185,232
186,233
187,234
187,235
188,236
188,237
189,238
189,239
190,240
191,241
192,31
192,242
193,243
193,244
194,245
194,246
195,247
196,248
197,249
197,250
197,251
198,223
198,224
199,252
200,253
201,254
201,255
202,256
202,257
203,258
203,259
204,260
204,261
205,15
205,262
206,263
207,174
208,264
208,265
209,266
209,267
210,268
210,269
211,270
211,271
212,272
213,273
213,274
214,275
215,276
216,277
216,278
217,279
218,280
219,174
220,281
220,119
221,282
221,283
222,284
222,285
223,286
223,287
224,288
225,289
226,290
226,291
227,292
228,148
228,293
229,102
230,294
230,295
231,296
231,297
232,298
233,299
234,300
235,301
236,302
237,303
238,252
239,304
239,305
240,306
240,307
241,308
241,309
242,310
243,311
243,312
244,223
244,313
245,314
245,315
246,316
246,317
247,318
247,319
248,320
249,321
249,322
250,323
250,324
251,325
251,326
252,327
252,328
253,329
253,330
254,331
254,332
255,333
256,27
257,12
257,334
258,110
259,114
260,335
260,336
261,337
261,338
262,185
262,339
263,10
263,340
264,341
265,342
265,343
266,344
267,345
267,308
268,346
268,347
269,220
270,212
270,348
270,349
270,213
271,174
272,350
272,351
273,352
273,353
274,354
275,355
276,356
276,357
277,358
277,359
278,360
278,361
279,362
280,213
281,363
282,364
283,365
283,366
284,367
284,368
285,369
285,370
286,144
287,371
287,372
288,373
288,374
289,375
289,376
290,344
291,377
292,378
292,379
293,380
294,381
295,382
296,383
297,384
297,385
298,386
299,387
300,248
301,388
302,174
303,389
304,390
305,391
305,392
305,393
306,394
306,395
307,396
307,397
308,142
308,143
309,398
310,399
311,22
312,400
313,401
313,402
314,403
315,125
316,404
316,405
317,406
317,407
318,408
319,409
319,410
320,142
320,143
321,411
812,411
322,38
323,412
323,413
324,401
324,414
325,415
325,416
326,417
326,418
327,419
328,420
329,421
329,422
330,423
330,424
331,425
331,426
332,427
333,428
333,429
334,430
334,159
335,431
336,381
337,432
338,433
338,434
339,363
339,435
340,436
340,437
341,139
341,438
342,49
343,439
344,440
345,174
346,441
347,442
347,443
348,444
349,445
349,446
349,447
350,448
350,449
351,450
351,451
352,142
352,143
353,35
354,125
355,125
356,452
357,453
358,454
359,455
360,456
361,457
361,458
362,459
363,460
363,461
364,462
365,320
366,463
366,464
367,448
368,465
368,466
369,289
370,467
371,468
371,469
372,470
372,471
373,472
374,473
374,474
375,337
375,475
375,476
375,193
376,477
377,478
378,479
378,480
379,481
379,482
380,174
381,483
382,484
383,159
383,485
384,486
385,174
386,174
387,487
388,488
389,489
389,490
390,491
390,492
391,493
391,494
392,460
392,495
394,496
395,174
396,497
396,498
397,499
398,500
398,501
399,502
399,503
400,191
401,504
401,505
402,506
402,507
403,508
403,509
404,510
405,511
406,483
407,512
407,513
408,514
408,515
409,516
409,517
410,518
410,519
411,520
412,521
413,522
414,523
415,524
415,525
416,142
416,143
417,526
418,527
418,528
419,404
419,529
420,530
420,531
421,532
421,533
422,118
422,534
423,119
423,535
424,536
424,537
425,538
425,539
426,540
426,541
427,542
428,543
429,544
430,545
431,546
432,547
433,548
433,549
434,550
434,551
435,552
435,553
436,554
436,555
437,174
438,173
439,174
440,556
441,557
442,174
443,44
443,558
444,95
444,559
444,560
445,561
445,562
446,563
446,564
447,194
447,565
448,4
449,362
450,566
451,567
452,180
453,125
454,557
455,568
456,441
457,568
458,569
458,570
459,571
460,6
460,572
461,573
461,574
462,575
462,576
463,577
463,578
464,579
464,580
465,212
465,581
466,311
466,312
467,510
467,544
467,582
468,498
469,117
469,583
470,584
470,585
471,586
471,587
472,588
472,438
473,589
473,538
474,342
474,590
475,591
476,592
476,593
477,594
477,595
478,31
479,596
479,597
480,186
481,598
481,599
482,600
482,601
483,602
484,603
485,604
486,605
487,606
487,607
488,432
489,608
490,609
491,610
492,611
492,500
493,612
493,613
494,614
494,615
494,616
495,617
495,618
496,470
496,619
497,620
497,621
498,622
499,431
500,456
501,623
502,624
503,625
503,626
504,627
504,628
504,629
505,630
505,631
506,125
507,632
508,633
509,634
510,523
511,635
512,123
513,636
514,637
515,638
515,639
516,640
516,641
517,642
517,643
518,644
518,645
519,646
519,647
520,648
520,649
521,127
522,230
523,499
523,650
524,45
525,567
526,651
527,652
528,653
528,654
529,655
529,656
530,657
530,658
531,659
531,660
532,661
532,662
532,663
533,664
533,665
534,666
534,667
535,668
536,669
536,670
537,671
537,672
538,673
538,674
539,675
540,676
541,677
541,678
542,125
543,22
543,679
544,140
545,22
546,680
547,212
547,213
548,142
548,143
549,681
550,682
550,683
551,642
551,684
551,685
552,295
552,686
553,687
553,688
554,689
554,690
555,691
555,692
556,456
557,311
557,312
558,174
559,693
559,694
560,327
560,695
561,696
562,697
563,698
564,699
564,700
565,701
565,702
566,703
566,704
567,705
567,706
568,707
568,708
569,709
570,463
571,710
572,711
573,712
573,713
574,460
574,714
575,715
575,716
576,717
576,718
577,719
578,698
579,568
580,340
581,440
582,720
583,721
584,110
585,722
585,723
586,724
586,286
587,725
587,726
588,727
588,728
589,453
589,729
590,730
590,731
591,732
591,733
592,734
592,735
593,108
594,736
595,737
595,738
596,45
596,15
597,739
597,740
598,201
598,741
599,320
600,152
600,384
601,603
602,742
603,222
604,743
604,744
605,745
606,43
606,44
607,746
607,747
608,748
608,749
609,750
609,751
610,428
610,752
611,753
611,754
612,755
613,756
613,757
614,758
615,174
616,570
617,759
618,760
619,174
620,761
620,762
621,174
622,763
622,764
623,765
624,766
624,767
625,768
625,769
626,770
626,159
627,125
628,771
629,772
630,150
631,222
632,773
632,774
633,535
633,775
634,776
634,777
635,778
636,779
637,499
638,86
639,301
640,780
640,781
641,782
641,783
642,784
642,785
643,704
643,786
644,139
644,787
645,788
645,789
646,790
646,791
647,792
647,793
648,655
648,794
648,795
649,796
649,797
650,798
650,799
651,800
651,801
652,152
652,802
652,384
652,542
652,430
652,337
652,803
653,149
654,804
655,805
656,56
656,806
657,807
658,808
658,809
659,810
659,811
660,812
660,813
661,15
661,814
662,815
662,816
663,817
663,818
664,125
665,819
666,222
667,521
668,820
669,821
670,557
671,822
671,823
672,824
672,825
673,826
674,617
674,827
674,828
675,171
675,829
676,830
676,831
677,832
677,833
677,834
678,835
678,836
679,104
679,837
680,125
681,174
682,125
683,86
684,838
685,839
686,174
687,840
687,841
688,506
688,842
689,843
690,844
690,845
691,846
691,847
692,848
692,849
693,850
693,851
694,499
695,852
696,140
697,853
698,761
698,151
699,463
699,854
700,174
701,125
702,174
703,770
703,855
704,856
705,857
706,404
706,858
707,502
707,859
708,860
708,861
709,862
709,863
710,864
710,865
711,866
711,728
712,867
713,868
713,869
714,870
714,871
715,872
715,873
716,874
716,875
717,174
718,876
718,877
719,430
720,622
721,759
722,115
723,878
724,879
724,880
725,174
726,881
727,882
728,159
728,160
729,384
729,236
730,883
730,884
731,157
731,885
732,886
732,887
733,763
733,888
734,889
734,890
735,174
736,125
737,891
738,304
739,174
740,174
741,892
742,182
743,893
743,894
744,10
744,11
745,895
745,896
746,897
746,898
747,483
747,899
748,253
749,900
749,901
750,902
750,903
751,904
751,905
752,906
753,516
753,907
754,908
754,909
755,506
755,910
756,911
757,912
758,174
759,125
760,913
760,914
761,915
761,916
762,171
762,917
763,150
764,821
765,222
766,697
767,918
768,455
769,174
770,919
770,920
771,167
771,921
772,922
772,923
773,420
774,924
774,925
775,258
775,926
776,927
776,928
777,243
777,929
778,887
778,930
779,931
779,932
780,623
781,770
782,522
783,651
784,431
785,174
786,174
787,174
788,125
789,49
790,22
791,913
792,933
793,934
794,935
795,936
795,937
796,938
796,939
797,940
797,941
798,713
798,942
799,943
799,944
800,117
800,945
801,946
801,947
802,948
802,949
803,42
803,302
804,950
804,951
805,214
805,952
806,953
806,954
807,955
808,956
808,957
809,174
810,891
811,571
811,456
811,225
811,568
811,325
811,567
811,387
811,140
811,958
321,31
812,31
813,959
814,119
814,960
815,961
815,962
816,938
816,963
817,964
817,965
818,966
818,967
819,968
819,969
820,125
821,125
822,213
823,970
824,971
824,972
824,973
825,557
826,974
826,975
827,140
828,976
829,571
830,924
830,977
831,978
831,979
832,399
833,139
833,687
834,980
834,981
835,982
835,983
836,289
837,984
838,174
839,17
839,141
840,191
841,985
841,986
842,770
842,10
843,521
844,174
845,455
846,987
847,988
847,989
848,990
848,991
849,992
849,993
850,994
851,995
851,996
852,997
852,998
853,999
853,1000
854,987
854,1001
855,125
856,1002
857,1003
858,850
858,1004
859,1005
860,819
861,117
861,1006
862,1007
863,1008
864,1009
864,1010
865,1011
866,1012
866,1013
867,458
867,188
868,1014
869,50
869,1015
870,1016
871,1017
871,1018
872,119
872,1019
872,1020
873,1021
873,1022
874,1023
875,1024
876,756
876,1025
877,1026
877,1027
878,125
879,125
880,150
881,222
881,786
882,1028
882,1029
883,1030
884,1031
885,1032
885,1033
886,1034
886,1035
887,470
887,1036
888,119
888,148
889,1037
890,69
890,1038
891,1039
891,1040
892,1041
892,1042
893,1043
893,1044
894,1045
894,1046
895,1047
895,1048
896,1049
897,125
898,125
899,1050
900,388
901,430
902,521
903,557
904,542
905,456
906,1051
907,1052
907,1053
908,1054
908,1055
909,1056
909,1057
910,1058
911,1059
911,1060
912,1061
912,1062
913,1063
913,1064
914,1048
914,1065
915,1066
915,1067
916,1068
916,1069
916,1070
917,1071
917,1072
918,1073
919,329
919,1074
920,440
921,1075
922,483
923,1076
924,387
925,567
926,1077
927,1078
927,1079
928,1080
929,1081
929,1082
930,203
930,1083
931,1084
932,493
932,812
933,1085
933,1086
934,734
934,1087
935,1088
935,1089
936,1090
936,1091
937,499
938,918
939,456
940,174
941,219
941,1092
942,499
943,970
944,524
945,125
946,1093
947,1094
948,1095
949,1096
949,1097
950,1098
950,1099
951,380
952,1100
952,1101
953,623
953,167
954,1102
955,250
955,1103
956,1104
957,1105
957,1106
958,254
958,255
959,689
959,1107
960,1043
960,1108
961,125
962,125
963,719
964,1109
964,233
965,174
966,1110
967,1111
968,1112
968,1113
969,1114
969,1115
970,1116
970,728
971,640
971,1117
972,1118
972,1119
973,1120
973,1121
974,758
975,522
976,1122
977,779
978,125
979,149
979,569
980,1123
981,174
982,174
982,1124
983,1125
983,1126
983,1127
984,459
985,1128
985,1129
986,1130
986,1131
987,328
987,1132
988,655
988,1133
989,1134
989,1135
990,438
990,514
991,1136
991,1137
992,1138
992,1139
993,174
994,1140
995,455
996,86
997,1141
997,1142
998,1143
998,1144
999,584
999,1145
