-- MariaDB dump 10.19-11.0.0-MariaDB, for Win64 (AMD64)
--
-- Host: localhost    Database: seleksi_basdat
-- ------------------------------------------------------
-- Server version	10.10.3-MariaDB

/*!40101 SET @OLD_CHARACTER_SET_CLIENT=@@CHARACTER_SET_CLIENT */;
/*!40101 SET @OLD_CHARACTER_SET_RESULTS=@@CHARACTER_SET_RESULTS */;
/*!40101 SET @OLD_COLLATION_CONNECTION=@@COLLATION_CONNECTION */;
/*!40101 SET NAMES utf8mb4 */;
/*!40103 SET @OLD_TIME_ZONE=@@TIME_ZONE */;
/*!40103 SET TIME_ZONE='+00:00' */;
/*!40014 SET @OLD_UNIQUE_CHECKS=@@UNIQUE_CHECKS, UNIQUE_CHECKS=0 */;
/*!40014 SET @OLD_FOREIGN_KEY_CHECKS=@@FOREIGN_KEY_CHECKS, FOREIGN_KEY_CHECKS=0 */;
/*!40101 SET @OLD_SQL_MODE=@@SQL_MODE, SQL_MODE='NO_AUTO_VALUE_ON_ZERO' */;
/*!40111 SET @OLD_SQL_NOTES=@@SQL_NOTES, SQL_NOTES=0 */;

--
-- Table structure for table `payment`
--

DROP TABLE IF EXISTS `payment`;
/*!40101 SET @saved_cs_client     = @@character_set_client */;
/*!40101 SET character_set_client = utf8 */;
CREATE TABLE `payment` (
  `id` bigint(20) NOT NULL,
  `method` varchar(50) NOT NULL,
  PRIMARY KEY (`id`,`method`),
  CONSTRAINT `payment_ibfk_1` FOREIGN KEY (`id`) REFERENCES `product` (`id`)
) ENGINE=InnoDB DEFAULT CHARSET=utf8mb4 COLLATE=utf8mb4_unicode_ci;
/*!40101 SET character_set_client = @saved_cs_client */;

--
-- Dumping data for table `payment`
--

LOCK TABLES `payment` WRITE;
/*!40000 ALTER TABLE `payment` DISABLE KEYS */;
INSERT INTO `payment` VALUES
(1,'American Express'),
(1,'Apple Pay'),
(1,'Google Pay'),
(1,'Master Card'),
(1,'PayPal'),
(1,'Visa'),
(2,'American Express'),
(2,'Apple Pay'),
(2,'Google Pay'),
(2,'Master Card'),
(2,'PayPal'),
(2,'Visa'),
(3,'American Express'),
(3,'Apple Pay'),
(3,'Discover'),
(3,'Google Pay'),
(3,'Master Card'),
(3,'PayPal'),
(3,'Visa'),
(4,'American Express'),
(4,'Apple Pay'),
(4,'Discover'),
(4,'Google Pay'),
(4,'Master Card'),
(4,'PayPal'),
(4,'Visa'),
(5,'American Express'),
(5,'Apple Pay'),
(5,'Discover'),
(5,'Google Pay'),
(5,'Master Card'),
(5,'PayPal'),
(5,'Visa'),
(6,'American Express'),
(6,'Apple Pay'),
(6,'Discover'),
(6,'Google Pay'),
(6,'Master Card'),
(6,'PayPal'),
(6,'Visa'),
(7,'American Express'),
(7,'Apple Pay'),
(7,'Discover'),
(7,'Google Pay'),
(7,'Master Card'),
(7,'PayPal'),
(7,'Visa'),
(8,'American Express'),
(8,'Apple Pay'),
(8,'Discover'),
(8,'Google Pay'),
(8,'Master Card'),
(8,'PayPal'),
(8,'Visa'),
(9,'American Express'),
(9,'Apple Pay'),
(9,'Discover'),
(9,'Google Pay'),
(9,'Master Card'),
(9,'PayPal'),
(9,'Visa'),
(10,'American Express'),
(10,'Apple Pay'),
(10,'Discover'),
(10,'Google Pay'),
(10,'Master Card'),
(10,'PayPal'),
(10,'Visa'),
(11,'American Express'),
(11,'Apple Pay'),
(11,'Discover'),
(11,'Google Pay'),
(11,'Master Card'),
(11,'PayPal'),
(11,'Visa'),
(12,'American Express'),
(12,'Apple Pay'),
(12,'Discover'),
(12,'Google Pay'),
(12,'Master Card'),
(12,'PayPal'),
(12,'Visa'),
(13,'American Express'),
(13,'Apple Pay'),
(13,'Google Pay'),
(13,'Master Card'),
(13,'PayPal'),
(13,'Visa'),
(14,'American Express'),
(14,'Apple Pay'),
(14,'Google Pay'),
(14,'Master Card'),
(14,'PayPal'),
(14,'Visa'),
(15,'American Express'),
(15,'Apple Pay'),
(15,'Google Pay'),
(15,'Master Card'),
(15,'PayPal'),
(15,'Visa'),
(16,'American Express'),
(16,'Apple Pay'),
(16,'Google Pay'),
(16,'Master Card'),
(16,'PayPal'),
(16,'Visa'),
(17,'American Express'),
(17,'Apple Pay'),
(17,'Discover'),
(17,'Google Pay'),
(17,'Master Card'),
(17,'PayPal'),
(17,'Visa'),
(18,'American Express'),
(18,'Apple Pay'),
(18,'Google Pay'),
(18,'Master Card'),
(18,'PayPal'),
(18,'Visa'),
(19,'American Express'),
(19,'Apple Pay'),
(19,'Google Pay'),
(19,'Master Card'),
(19,'PayPal'),
(19,'Visa'),
(20,'American Express'),
(20,'Apple Pay'),
(20,'Google Pay'),
(20,'Master Card'),
(20,'PayPal'),
(20,'Visa'),
(21,'American Express'),
(21,'Apple Pay'),
(21,'Google Pay'),
(21,'Master Card'),
(21,'PayPal'),
(21,'Visa'),
(22,'American Express'),
(22,'Apple Pay'),
(22,'Google Pay'),
(22,'Master Card'),
(22,'PayPal'),
(22,'Visa'),
(23,'American Express'),
(23,'Apple Pay'),
(23,'Google Pay'),
(23,'Master Card'),
(23,'PayPal'),
(23,'Visa'),
(24,'American Express'),
(24,'Apple Pay'),
(24,'Google Pay'),
(24,'Master Card'),
(24,'PayPal'),
(24,'Visa'),
(25,'American Express'),
(25,'Apple Pay'),
(25,'Google Pay'),
(25,'Master Card'),
(25,'PayPal'),
(25,'Visa'),
(26,'American Express'),
(26,'Apple Pay'),
(26,'Google Pay'),
(26,'Master Card'),
(26,'PayPal'),
(26,'Visa'),
(27,'American Express'),
(27,'Apple Pay'),
(27,'Google Pay'),
(27,'Master Card'),
(27,'PayPal'),
(27,'Visa'),
(28,'American Express'),
(28,'Apple Pay'),
(28,'Google Pay'),
(28,'Master Card'),
(28,'PayPal'),
(28,'Visa'),
(29,'American Express'),
(29,'Apple Pay'),
(29,'Google Pay'),
(29,'Master Card'),
(29,'PayPal'),
(29,'Visa'),
(30,'American Express'),
(30,'Apple Pay'),
(30,'Google Pay'),
(30,'Master Card'),
(30,'PayPal'),
(30,'Visa'),
(31,'American Express'),
(31,'Apple Pay'),
(31,'Google Pay'),
(31,'Master Card'),
(31,'PayPal'),
(31,'Visa'),
(32,'American Express'),
(32,'Apple Pay'),
(32,'Google Pay'),
(32,'Master Card'),
(32,'PayPal'),
(32,'Visa'),
(33,'American Express'),
(33,'Apple Pay'),
(33,'Google Pay'),
(33,'Master Card'),
(33,'PayPal'),
(33,'Visa'),
(34,'American Express'),
(34,'Apple Pay'),
(34,'Google Pay'),
(34,'Master Card'),
(34,'PayPal'),
(34,'Visa'),
(35,'American Express'),
(35,'Apple Pay'),
(35,'Google Pay'),
(35,'Master Card'),
(35,'PayPal'),
(35,'Visa'),
(36,'American Express'),
(36,'Apple Pay'),
(36,'Google Pay'),
(36,'Master Card'),
(36,'PayPal'),
(36,'Visa'),
(37,'American Express'),
(37,'Apple Pay'),
(37,'Google Pay'),
(37,'Master Card'),
(37,'PayPal'),
(37,'Visa'),
(38,'American Express'),
(38,'Apple Pay'),
(38,'Google Pay'),
(38,'Master Card'),
(38,'PayPal'),
(38,'Visa'),
(39,'American Express'),
(39,'Apple Pay'),
(39,'Google Pay'),
(39,'Master Card'),
(39,'PayPal'),
(39,'Visa'),
(40,'American Express'),
(40,'Apple Pay'),
(40,'Google Pay'),
(40,'Master Card'),
(40,'PayPal'),
(40,'Visa'),
(41,'American Express'),
(41,'Apple Pay'),
(41,'Google Pay'),
(41,'Master Card'),
(41,'PayPal'),
(41,'Visa'),
(42,'American Express'),
(42,'Apple Pay'),
(42,'Google Pay'),
(42,'Master Card'),
(42,'PayPal'),
(42,'Visa'),
(43,'American Express'),
(43,'Apple Pay'),
(43,'Google Pay'),
(43,'Master Card'),
(43,'PayPal'),
(43,'Visa'),
(44,'American Express'),
(44,'Apple Pay'),
(44,'Google Pay'),
(44,'Master Card'),
(44,'PayPal'),
(44,'Visa'),
(45,'American Express'),
(45,'Apple Pay'),
(45,'Google Pay'),
(45,'Master Card'),
(45,'PayPal'),
(45,'Visa'),
(46,'American Express'),
(46,'Apple Pay'),
(46,'Google Pay'),
(46,'Master Card'),
(46,'PayPal'),
(46,'Visa'),
(47,'American Express'),
(47,'Apple Pay'),
(47,'Google Pay'),
(47,'Master Card'),
(47,'PayPal'),
(47,'Visa'),
(48,'American Express'),
(48,'Apple Pay'),
(48,'Google Pay'),
(48,'Master Card'),
(48,'PayPal'),
(48,'Visa'),
(49,'American Express'),
(49,'Apple Pay'),
(49,'Google Pay'),
(49,'Master Card'),
(49,'PayPal'),
(49,'Visa'),
(50,'American Express'),
(50,'Apple Pay'),
(50,'Google Pay'),
(50,'Master Card'),
(50,'PayPal'),
(50,'Visa'),
(51,'American Express'),
(51,'Apple Pay'),
(51,'Google Pay'),
(51,'Master Card'),
(51,'PayPal'),
(51,'Visa'),
(52,'American Express'),
(52,'Apple Pay'),
(52,'Google Pay'),
(52,'Master Card'),
(52,'PayPal'),
(52,'Visa'),
(53,'American Express'),
(53,'Apple Pay'),
(53,'Google Pay'),
(53,'Master Card'),
(53,'PayPal'),
(53,'Visa'),
(54,'American Express'),
(54,'Apple Pay'),
(54,'Google Pay'),
(54,'Master Card'),
(54,'PayPal'),
(54,'Visa'),
(55,'American Express'),
(55,'Apple Pay'),
(55,'Google Pay'),
(55,'Master Card'),
(55,'PayPal'),
(55,'Visa'),
(56,'American Express'),
(56,'Apple Pay'),
(56,'Google Pay'),
(56,'Master Card'),
(56,'PayPal'),
(56,'Visa'),
(57,'American Express'),
(57,'Apple Pay'),
(57,'Google Pay'),
(57,'Master Card'),
(57,'PayPal'),
(57,'Visa'),
(58,'American Express'),
(58,'Apple Pay'),
(58,'Google Pay'),
(58,'Master Card'),
(58,'PayPal'),
(58,'Visa'),
(59,'American Express'),
(59,'Apple Pay'),
(59,'Google Pay'),
(59,'Master Card'),
(59,'PayPal'),
(59,'Visa'),
(60,'American Express'),
(60,'Apple Pay'),
(60,'Google Pay'),
(60,'Master Card'),
(60,'PayPal'),
(60,'Visa'),
(61,'American Express'),
(61,'Apple Pay'),
(61,'Google Pay'),
(61,'Master Card'),
(61,'PayPal'),
(61,'Visa'),
(62,'American Express'),
(62,'Apple Pay'),
(62,'Google Pay'),
(62,'Master Card'),
(62,'PayPal'),
(62,'Visa'),
(63,'American Express'),
(63,'Apple Pay'),
(63,'Discover'),
(63,'Google Pay'),
(63,'Master Card'),
(63,'PayPal'),
(63,'Visa'),
(64,'American Express'),
(64,'Apple Pay'),
(64,'Discover'),
(64,'Google Pay'),
(64,'Master Card'),
(64,'PayPal'),
(64,'Visa'),
(65,'American Express'),
(65,'Apple Pay'),
(65,'Google Pay'),
(65,'Master Card'),
(65,'PayPal'),
(65,'Visa'),
(66,'American Express'),
(66,'Apple Pay'),
(66,'Google Pay'),
(66,'Master Card'),
(66,'PayPal'),
(66,'Visa'),
(67,'American Express'),
(67,'Apple Pay'),
(67,'Google Pay'),
(67,'Master Card'),
(67,'PayPal'),
(67,'Visa'),
(68,'American Express'),
(68,'Apple Pay'),
(68,'Google Pay'),
(68,'Master Card'),
(68,'PayPal'),
(68,'Visa'),
(69,'American Express'),
(69,'Apple Pay'),
(69,'Google Pay'),
(69,'Master Card'),
(69,'PayPal'),
(69,'Visa'),
(70,'American Express'),
(70,'Apple Pay'),
(70,'Google Pay'),
(70,'Master Card'),
(70,'PayPal'),
(70,'Visa'),
(71,'American Express'),
(71,'Apple Pay'),
(71,'Google Pay'),
(71,'Master Card'),
(71,'PayPal'),
(71,'Visa'),
(72,'American Express'),
(72,'Apple Pay'),
(72,'Google Pay'),
(72,'Master Card'),
(72,'PayPal'),
(72,'Visa'),
(73,'American Express'),
(73,'Apple Pay'),
(73,'Discover'),
(73,'Google Pay'),
(73,'Master Card'),
(73,'PayPal'),
(73,'Visa'),
(74,'American Express'),
(74,'Apple Pay'),
(74,'Google Pay'),
(74,'Master Card'),
(74,'PayPal'),
(74,'Visa'),
(75,'American Express'),
(75,'Apple Pay'),
(75,'Google Pay'),
(75,'Master Card'),
(75,'PayPal'),
(75,'Visa'),
(76,'American Express'),
(76,'Apple Pay'),
(76,'Google Pay'),
(76,'Master Card'),
(76,'PayPal'),
(76,'Visa'),
(77,'American Express'),
(77,'Apple Pay'),
(77,'Google Pay'),
(77,'Master Card'),
(77,'PayPal'),
(77,'Visa'),
(78,'American Express'),
(78,'Apple Pay'),
(78,'Google Pay'),
(78,'Master Card'),
(78,'PayPal'),
(78,'Visa'),
(79,'American Express'),
(79,'Apple Pay'),
(79,'Google Pay'),
(79,'Master Card'),
(79,'PayPal'),
(79,'Visa'),
(80,'American Express'),
(80,'Apple Pay'),
(80,'Google Pay'),
(80,'Master Card'),
(80,'PayPal'),
(80,'Visa'),
(81,'American Express'),
(81,'Apple Pay'),
(81,'Google Pay'),
(81,'Master Card'),
(81,'PayPal'),
(81,'Visa'),
(82,'American Express'),
(82,'Apple Pay'),
(82,'Discover'),
(82,'Google Pay'),
(82,'Master Card'),
(82,'PayPal'),
(82,'Visa'),
(83,'American Express'),
(83,'Apple Pay'),
(83,'Discover'),
(83,'Google Pay'),
(83,'Master Card'),
(83,'PayPal'),
(83,'Visa'),
(84,'American Express'),
(84,'Apple Pay'),
(84,'Discover'),
(84,'Google Pay'),
(84,'Master Card'),
(84,'PayPal'),
(84,'Visa'),
(85,'American Express'),
(85,'Apple Pay'),
(85,'Google Pay'),
(85,'Master Card'),
(85,'PayPal'),
(85,'Visa'),
(86,'American Express'),
(86,'Apple Pay'),
(86,'Google Pay'),
(86,'Master Card'),
(86,'PayPal'),
(86,'Visa'),
(87,'American Express'),
(87,'Apple Pay'),
(87,'Google Pay'),
(87,'Master Card'),
(87,'PayPal'),
(87,'Visa'),
(88,'American Express'),
(88,'Apple Pay'),
(88,'Google Pay'),
(88,'Master Card'),
(88,'PayPal'),
(88,'Visa'),
(89,'American Express'),
(89,'Apple Pay'),
(89,'Google Pay'),
(89,'Master Card'),
(89,'PayPal'),
(89,'Visa'),
(90,'American Express'),
(90,'Apple Pay'),
(90,'Google Pay'),
(90,'Master Card'),
(90,'PayPal'),
(90,'Visa'),
(91,'American Express'),
(91,'Apple Pay'),
(91,'Google Pay'),
(91,'Master Card'),
(91,'PayPal'),
(91,'Visa'),
(92,'American Express'),
(92,'Apple Pay'),
(92,'Google Pay'),
(92,'Master Card'),
(92,'PayPal'),
(92,'Visa'),
(93,'American Express'),
(93,'Apple Pay'),
(93,'Google Pay'),
(93,'Master Card'),
(93,'PayPal'),
(93,'Visa'),
(94,'American Express'),
(94,'Apple Pay'),
(94,'Google Pay'),
(94,'Master Card'),
(94,'PayPal'),
(94,'Visa'),
(95,'American Express'),
(95,'Apple Pay'),
(95,'Google Pay'),
(95,'Master Card'),
(95,'PayPal'),
(95,'Visa'),
(96,'American Express'),
(96,'Apple Pay'),
(96,'Google Pay'),
(96,'Master Card'),
(96,'PayPal'),
(96,'Visa'),
(97,'American Express'),
(97,'Apple Pay'),
(97,'Discover'),
(97,'Google Pay'),
(97,'Master Card'),
(97,'PayPal'),
(97,'Visa'),
(98,'American Express'),
(98,'Apple Pay'),
(98,'Google Pay'),
(98,'Master Card'),
(98,'PayPal'),
(98,'Visa'),
(99,'American Express'),
(99,'Apple Pay'),
(99,'Google Pay'),
(99,'Master Card'),
(99,'PayPal'),
(99,'Visa'),
(100,'American Express'),
(100,'Apple Pay'),
(100,'Google Pay'),
(100,'Master Card'),
(100,'PayPal'),
(100,'Visa'),
(101,'American Express'),
(101,'Apple Pay'),
(101,'Google Pay'),
(101,'Master Card'),
(101,'PayPal'),
(101,'Visa'),
(102,'American Express'),
(102,'Apple Pay'),
(102,'Google Pay'),
(102,'Master Card'),
(102,'PayPal'),
(102,'Visa'),
(103,'American Express'),
(103,'Apple Pay'),
(103,'Google Pay'),
(103,'Master Card'),
(103,'PayPal'),
(103,'Visa'),
(104,'American Express'),
(104,'Apple Pay'),
(104,'Google Pay'),
(104,'Master Card'),
(104,'PayPal'),
(104,'Visa'),
(105,'American Express'),
(105,'Apple Pay'),
(105,'Google Pay'),
(105,'Master Card'),
(105,'PayPal'),
(105,'Visa'),
(106,'American Express'),
(106,'Apple Pay'),
(106,'Google Pay'),
(106,'Master Card'),
(106,'PayPal'),
(106,'Visa'),
(107,'American Express'),
(107,'Apple Pay'),
(107,'Google Pay'),
(107,'Master Card'),
(107,'PayPal'),
(107,'Visa'),
(108,'American Express'),
(108,'Apple Pay'),
(108,'Google Pay'),
(108,'Master Card'),
(108,'PayPal'),
(108,'Visa'),
(109,'American Express'),
(109,'Apple Pay'),
(109,'Google Pay'),
(109,'Master Card'),
(109,'PayPal'),
(109,'Visa'),
(110,'American Express'),
(110,'Apple Pay'),
(110,'Google Pay'),
(110,'Master Card'),
(110,'PayPal'),
(110,'Visa'),
(111,'American Express'),
(111,'Apple Pay'),
(111,'Google Pay'),
(111,'Master Card'),
(111,'PayPal'),
(111,'Visa'),
(112,'American Express'),
(112,'Apple Pay'),
(112,'Google Pay'),
(112,'Master Card'),
(112,'PayPal'),
(112,'Visa'),
(113,'American Express'),
(113,'Apple Pay'),
(113,'Google Pay'),
(113,'Master Card'),
(113,'PayPal'),
(113,'Visa'),
(114,'American Express'),
(114,'Apple Pay'),
(114,'Google Pay'),
(114,'Master Card'),
(114,'PayPal'),
(114,'Visa'),
(115,'American Express'),
(115,'Apple Pay'),
(115,'Google Pay'),
(115,'Master Card'),
(115,'PayPal'),
(115,'Visa'),
(116,'American Express'),
(116,'Apple Pay'),
(116,'Google Pay'),
(116,'Master Card'),
(116,'PayPal'),
(116,'Visa'),
(117,'American Express'),
(117,'Apple Pay'),
(117,'Google Pay'),
(117,'Master Card'),
(117,'PayPal'),
(117,'Visa'),
(118,'American Express'),
(118,'Apple Pay'),
(118,'Google Pay'),
(118,'Master Card'),
(118,'PayPal'),
(118,'Visa'),
(119,'American Express'),
(119,'Apple Pay'),
(119,'Google Pay'),
(119,'Master Card'),
(119,'PayPal'),
(119,'Visa'),
(120,'American Express'),
(120,'Apple Pay'),
(120,'Google Pay'),
(120,'Master Card'),
(120,'PayPal'),
(120,'Visa'),
(121,'American Express'),
(121,'Apple Pay'),
(121,'Discover'),
(121,'Google Pay'),
(121,'Master Card'),
(121,'PayPal'),
(121,'Visa'),
(122,'American Express'),
(122,'Apple Pay'),
(122,'Discover'),
(122,'Google Pay'),
(122,'Master Card'),
(122,'PayPal'),
(122,'Visa'),
(123,'American Express'),
(123,'Apple Pay'),
(123,'Discover'),
(123,'Google Pay'),
(123,'Master Card'),
(123,'PayPal'),
(123,'Visa'),
(124,'American Express'),
(124,'Apple Pay'),
(124,'Discover'),
(124,'Google Pay'),
(124,'Master Card'),
(124,'PayPal'),
(124,'Visa'),
(125,'American Express'),
(125,'Apple Pay'),
(125,'Discover'),
(125,'Google Pay'),
(125,'Master Card'),
(125,'PayPal'),
(125,'Visa'),
(126,'American Express'),
(126,'Apple Pay'),
(126,'Discover'),
(126,'Google Pay'),
(126,'Master Card'),
(126,'PayPal'),
(126,'Visa'),
(127,'American Express'),
(127,'Apple Pay'),
(127,'Discover'),
(127,'Google Pay'),
(127,'Master Card'),
(127,'PayPal'),
(127,'Visa'),
(128,'American Express'),
(128,'Apple Pay'),
(128,'Discover'),
(128,'Google Pay'),
(128,'Master Card'),
(128,'PayPal'),
(128,'Visa'),
(129,'American Express'),
(129,'Apple Pay'),
(129,'Discover'),
(129,'Google Pay'),
(129,'Master Card'),
(129,'PayPal'),
(129,'Visa'),
(130,'American Express'),
(130,'Apple Pay'),
(130,'Discover'),
(130,'Google Pay'),
(130,'Master Card'),
(130,'PayPal'),
(130,'Visa'),
(131,'American Express'),
(131,'Apple Pay'),
(131,'Discover'),
(131,'Google Pay'),
(131,'Master Card'),
(131,'PayPal'),
(131,'Visa'),
(132,'American Express'),
(132,'Apple Pay'),
(132,'Discover'),
(132,'Google Pay'),
(132,'Master Card'),
(132,'PayPal'),
(132,'Visa'),
(133,'American Express'),
(133,'Apple Pay'),
(133,'Discover'),
(133,'Google Pay'),
(133,'Master Card'),
(133,'PayPal'),
(133,'Visa'),
(134,'American Express'),
(134,'Apple Pay'),
(134,'Discover'),
(134,'Google Pay'),
(134,'Master Card'),
(134,'PayPal'),
(134,'Visa'),
(135,'American Express'),
(135,'Apple Pay'),
(135,'Discover'),
(135,'Google Pay'),
(135,'Master Card'),
(135,'PayPal'),
(135,'Visa'),
(136,'American Express'),
(136,'Apple Pay'),
(136,'Discover'),
(136,'Google Pay'),
(136,'Master Card'),
(136,'PayPal'),
(136,'Visa'),
(137,'American Express'),
(137,'Apple Pay'),
(137,'Discover'),
(137,'Google Pay'),
(137,'Master Card'),
(137,'PayPal'),
(137,'Visa'),
(138,'American Express'),
(138,'Apple Pay'),
(138,'Discover'),
(138,'Google Pay'),
(138,'Master Card'),
(138,'PayPal'),
(138,'Visa'),
(139,'American Express'),
(139,'Apple Pay'),
(139,'Google Pay'),
(139,'Master Card'),
(139,'PayPal'),
(139,'Visa'),
(140,'American Express'),
(140,'Apple Pay'),
(140,'Discover'),
(140,'Google Pay'),
(140,'Master Card'),
(140,'PayPal'),
(140,'Visa'),
(141,'American Express'),
(141,'Apple Pay'),
(141,'Discover'),
(141,'Google Pay'),
(141,'Master Card'),
(141,'PayPal'),
(141,'Visa'),
(142,'American Express'),
(142,'Apple Pay'),
(142,'Discover'),
(142,'Google Pay'),
(142,'Master Card'),
(142,'PayPal'),
(142,'Visa'),
(143,'American Express'),
(143,'Apple Pay'),
(143,'Discover'),
(143,'Google Pay'),
(143,'Master Card'),
(143,'PayPal'),
(143,'Visa'),
(144,'American Express'),
(144,'Apple Pay'),
(144,'Discover'),
(144,'Google Pay'),
(144,'Master Card'),
(144,'PayPal'),
(144,'Visa'),
(145,'American Express'),
(145,'Apple Pay'),
(145,'Discover'),
(145,'Google Pay'),
(145,'Master Card'),
(145,'PayPal'),
(145,'Visa'),
(146,'American Express'),
(146,'Apple Pay'),
(146,'Discover'),
(146,'Google Pay'),
(146,'Master Card'),
(146,'PayPal'),
(146,'Visa'),
(147,'American Express'),
(147,'Apple Pay'),
(147,'Discover'),
(147,'Google Pay'),
(147,'Master Card'),
(147,'PayPal'),
(147,'Visa'),
(148,'American Express'),
(148,'Apple Pay'),
(148,'Discover'),
(148,'Google Pay'),
(148,'Master Card'),
(148,'PayPal'),
(148,'Visa'),
(149,'American Express'),
(149,'Apple Pay'),
(149,'Discover'),
(149,'Google Pay'),
(149,'Master Card'),
(149,'PayPal'),
(149,'Visa'),
(150,'American Express'),
(150,'Apple Pay'),
(150,'Discover'),
(150,'Google Pay'),
(150,'Master Card'),
(150,'PayPal'),
(150,'Visa'),
(151,'American Express'),
(151,'Apple Pay'),
(151,'Discover'),
(151,'Google Pay'),
(151,'Master Card'),
(151,'PayPal'),
(151,'Visa'),
(152,'American Express'),
(152,'Apple Pay'),
(152,'Discover'),
(152,'Google Pay'),
(152,'Master Card'),
(152,'PayPal'),
(152,'Visa'),
(153,'American Express'),
(153,'Apple Pay'),
(153,'Discover'),
(153,'Google Pay'),
(153,'Master Card'),
(153,'PayPal'),
(153,'Visa'),
(154,'American Express'),
(154,'Apple Pay'),
(154,'Discover'),
(154,'Google Pay'),
(154,'Master Card'),
(154,'PayPal'),
(154,'Visa'),
(155,'American Express'),
(155,'Apple Pay'),
(155,'Google Pay'),
(155,'Master Card'),
(155,'PayPal'),
(155,'Visa'),
(156,'American Express'),
(156,'Apple Pay'),
(156,'Google Pay'),
(156,'Master Card'),
(156,'PayPal'),
(156,'Visa'),
(157,'American Express'),
(157,'Apple Pay'),
(157,'Discover'),
(157,'Google Pay'),
(157,'Master Card'),
(157,'PayPal'),
(157,'Visa'),
(158,'American Express'),
(158,'Apple Pay'),
(158,'Discover'),
(158,'Google Pay'),
(158,'Master Card'),
(158,'PayPal'),
(158,'Visa'),
(159,'American Express'),
(159,'Apple Pay'),
(159,'Google Pay'),
(159,'Master Card'),
(159,'PayPal'),
(159,'Visa'),
(160,'American Express'),
(160,'Apple Pay'),
(160,'Google Pay'),
(160,'Master Card'),
(160,'PayPal'),
(160,'Visa'),
(161,'American Express'),
(161,'Apple Pay'),
(161,'Google Pay'),
(161,'Master Card'),
(161,'PayPal'),
(161,'Visa'),
(162,'American Express'),
(162,'Apple Pay'),
(162,'Google Pay'),
(162,'Master Card'),
(162,'PayPal'),
(162,'Visa'),
(163,'American Express'),
(163,'Apple Pay'),
(163,'Google Pay'),
(163,'Master Card'),
(163,'PayPal'),
(163,'Visa'),
(164,'American Express'),
(164,'Apple Pay'),
(164,'Google Pay'),
(164,'Master Card'),
(164,'PayPal'),
(164,'Visa'),
(165,'American Express'),
(165,'Apple Pay'),
(165,'Google Pay'),
(165,'Master Card'),
(165,'PayPal'),
(165,'Visa'),
(166,'American Express'),
(166,'Apple Pay'),
(166,'Google Pay'),
(166,'Master Card'),
(166,'PayPal'),
(166,'Visa'),
(167,'American Express'),
(167,'Apple Pay'),
(167,'Google Pay'),
(167,'Master Card'),
(167,'PayPal'),
(167,'Visa'),
(168,'American Express'),
(168,'Apple Pay'),
(168,'Discover'),
(168,'Google Pay'),
(168,'Master Card'),
(168,'PayPal'),
(168,'Visa'),
(169,'American Express'),
(169,'Apple Pay'),
(169,'Discover'),
(169,'Google Pay'),
(169,'Master Card'),
(169,'PayPal'),
(169,'Visa'),
(170,'American Express'),
(170,'Apple Pay'),
(170,'Google Pay'),
(170,'Master Card'),
(170,'PayPal'),
(170,'Visa'),
(171,'American Express'),
(171,'Apple Pay'),
(171,'Google Pay'),
(171,'Master Card'),
(171,'PayPal'),
(171,'Visa'),
(172,'American Express'),
(172,'Apple Pay'),
(172,'Google Pay'),
(172,'Master Card'),
(172,'PayPal'),
(172,'Visa'),
(173,'American Express'),
(173,'Apple Pay'),
(173,'Google Pay'),
(173,'Master Card'),
(173,'PayPal'),
(173,'Visa'),
(174,'American Express'),
(174,'Apple Pay'),
(174,'Google Pay'),
(174,'Master Card'),
(174,'PayPal'),
(174,'Visa'),
(175,'American Express'),
(175,'Apple Pay'),
(175,'Google Pay'),
(175,'Master Card'),
(175,'PayPal'),
(175,'Visa'),
(176,'American Express'),
(176,'Apple Pay'),
(176,'Google Pay'),
(176,'Master Card'),
(176,'PayPal'),
(176,'Visa'),
(177,'American Express'),
(177,'Apple Pay'),
(177,'Google Pay'),
(177,'Master Card'),
(177,'PayPal'),
(177,'Visa'),
(178,'American Express'),
(178,'Apple Pay'),
(178,'Google Pay'),
(178,'Master Card'),
(178,'PayPal'),
(178,'Visa'),
(179,'American Express'),
(179,'Apple Pay'),
(179,'Google Pay'),
(179,'Master Card'),
(179,'PayPal'),
(179,'Visa'),
(180,'American Express'),
(180,'Apple Pay'),
(180,'Google Pay'),
(180,'Master Card'),
(180,'PayPal'),
(180,'Visa'),
(181,'American Express'),
(181,'Apple Pay'),
(181,'Google Pay'),
(181,'Master Card'),
(181,'PayPal'),
(181,'Visa'),
(182,'American Express'),
(182,'Apple Pay'),
(182,'Google Pay'),
(182,'Master Card'),
(182,'PayPal'),
(182,'Visa'),
(183,'American Express'),
(183,'Apple Pay'),
(183,'Google Pay'),
(183,'Master Card'),
(183,'PayPal'),
(183,'Visa'),
(184,'American Express'),
(184,'Apple Pay'),
(184,'Google Pay'),
(184,'Master Card'),
(184,'PayPal'),
(184,'Visa'),
(185,'American Express'),
(185,'Apple Pay'),
(185,'Google Pay'),
(185,'Master Card'),
(185,'PayPal'),
(185,'Visa'),
(186,'American Express'),
(186,'Apple Pay'),
(186,'Google Pay'),
(186,'Master Card'),
(186,'PayPal'),
(186,'Visa'),
(187,'American Express'),
(187,'Apple Pay'),
(187,'Discover'),
(187,'Google Pay'),
(187,'Master Card'),
(187,'PayPal'),
(187,'Visa'),
(188,'American Express'),
(188,'Apple Pay'),
(188,'Google Pay'),
(188,'Master Card'),
(188,'PayPal'),
(188,'Visa'),
(189,'American Express'),
(189,'Apple Pay'),
(189,'Discover'),
(189,'Google Pay'),
(189,'Master Card'),
(189,'PayPal'),
(189,'Visa'),
(190,'American Express'),
(190,'Apple Pay'),
(190,'Discover'),
(190,'Google Pay'),
(190,'Master Card'),
(190,'PayPal'),
(190,'Visa'),
(191,'American Express'),
(191,'Apple Pay'),
(191,'Discover'),
(191,'Google Pay'),
(191,'Master Card'),
(191,'PayPal'),
(191,'Visa'),
(192,'American Express'),
(192,'Apple Pay'),
(192,'Discover'),
(192,'Google Pay'),
(192,'Master Card'),
(192,'PayPal'),
(192,'Visa'),
(193,'American Express'),
(193,'Apple Pay'),
(193,'Discover'),
(193,'Google Pay'),
(193,'Master Card'),
(193,'PayPal'),
(193,'Visa'),
(194,'American Express'),
(194,'Apple Pay'),
(194,'Google Pay'),
(194,'Master Card'),
(194,'PayPal'),
(194,'Visa'),
(195,'American Express'),
(195,'Apple Pay'),
(195,'Google Pay'),
(195,'Master Card'),
(195,'PayPal'),
(195,'Visa'),
(196,'American Express'),
(196,'Apple Pay'),
(196,'Google Pay'),
(196,'Master Card'),
(196,'PayPal'),
(196,'Visa'),
(197,'American Express'),
(197,'Apple Pay'),
(197,'Google Pay'),
(197,'Master Card'),
(197,'PayPal'),
(197,'Visa'),
(198,'American Express'),
(198,'Apple Pay'),
(198,'Google Pay'),
(198,'Master Card'),
(198,'PayPal'),
(198,'Visa'),
(199,'American Express'),
(199,'Apple Pay'),
(199,'Discover'),
(199,'Google Pay'),
(199,'Master Card'),
(199,'PayPal'),
(199,'Visa'),
(200,'American Express'),
(200,'Apple Pay'),
(200,'Discover'),
(200,'Google Pay'),
(200,'Master Card'),
(200,'PayPal'),
(200,'Visa');
/*!40000 ALTER TABLE `payment` ENABLE KEYS */;
UNLOCK TABLES;

--
-- Table structure for table `price`
--

DROP TABLE IF EXISTS `price`;
/*!40101 SET @saved_cs_client     = @@character_set_client */;
/*!40101 SET character_set_client = utf8 */;
CREATE TABLE `price` (
  `id` bigint(20) NOT NULL,
  `price_original_currency` varchar(10) NOT NULL,
  `price_original_value` float NOT NULL,
  `price_idr` float NOT NULL,
  PRIMARY KEY (`id`),
  CONSTRAINT `price_ibfk_1` FOREIGN KEY (`id`) REFERENCES `product` (`id`)
) ENGINE=InnoDB DEFAULT CHARSET=utf8mb4 COLLATE=utf8mb4_unicode_ci;
/*!40101 SET character_set_client = @saved_cs_client */;

--
-- Dumping data for table `price`
--

LOCK TABLES `price` WRITE;
/*!40000 ALTER TABLE `price` DISABLE KEYS */;
INSERT INTO `price` VALUES
(1,'EUR ',239.99,4027000),
(2,'EUR ',199.99,3355800),
(3,'US $',2499.99,37313300),
(4,'US $',1399.99,20895400),
(5,'US $',198.4,2961190),
(6,'US $',699.99,10447600),
(7,'US $',349.99,5223730),
(8,'US $',499.99,7462540),
(9,'US $',299.99,4477460),
(10,'US $',139.83,2087010),
(11,'US $',309.99,4626720),
(12,'US $',274.99,4104330),
(13,'GBP ',79.34,1553470),
(14,'GBP ',499,9770350),
(15,'GBP ',349.99,6852750),
(16,'GBP ',219,4287990),
(17,'US $',669.99,9999850),
(18,'GBP ',109.99,2153590),
(19,'GBP ',979.95,19187300),
(20,'GBP ',1969.99,38572100),
(21,'GBP ',1749,34245200),
(22,'GBP ',1749,34245200),
(23,'GBP ',929.99,18209100),
(24,'GBP ',899.99,17621700),
(25,'EUR ',60.14,1009140),
(26,'EUR ',122.3,2052180),
(27,'EUR ',118.66,1991100),
(28,'EUR ',118.66,1991100),
(29,'EUR ',74.75,1254290),
(30,'EUR ',48.9,820535),
(31,'EUR ',82.9,1391050),
(32,'EUR ',21.9,367479),
(33,'EUR ',84.9,1424610),
(34,'EUR ',79.9,1340710),
(35,'EUR ',72.9,1223250),
(36,'EUR ',9.33,156556),
(37,'EUR ',64.9,1089010),
(38,'EUR ',56.9,954774),
(39,'EUR ',26.9,451378),
(40,'EUR ',49.9,837315),
(41,'EUR ',26.9,451378),
(42,'EUR ',11.9,199680),
(43,'EUR ',91.9,1542070),
(44,'EUR ',33.9,568837),
(45,'EUR ',42.9,719856),
(46,'EUR ',108.9,1827330),
(47,'EUR ',32.9,552057),
(48,'EUR ',204.9,3438190),
(49,'EUR ',14.06,235925),
(50,'EUR ',24.9,417818),
(51,'EUR ',14.5,243308),
(52,'EUR ',14.5,243308),
(53,'EUR ',23.36,391977),
(54,'EUR ',27.9,468158),
(55,'EUR ',27.9,468158),
(56,'EUR ',23.2,389293),
(57,'EUR ',27.9,468158),
(58,'EUR ',17.5,293647),
(59,'EUR ',12.9,216460),
(60,'EUR ',27.9,468158),
(61,'EUR ',23.2,389293),
(62,'EUR ',23.28,390635),
(63,'US $',198,2955220),
(64,'US $',4.49,67014.9),
(65,'GBP ',169,3308990),
(66,'GBP ',199,3896390),
(67,'GBP ',179,3504790),
(68,'GBP ',172,3367730),
(69,'GBP ',156,3054460),
(70,'GBP ',148.98,2917010),
(71,'GBP ',89.99,1761990),
(72,'GBP ',39.95,782215),
(73,'US $',299,4462690),
(74,'EUR ',385,6460240),
(75,'EUR ',199.99,3355800),
(76,'EUR ',139.99,2349010),
(77,'EUR ',161.49,2709780),
(78,'EUR ',101.33,1700300),
(79,'EUR ',225,3775470),
(80,'EUR ',335,5621250),
(81,'EUR ',335,5621250),
(82,'US $',2399.51,35813600),
(83,'US $',159,2373130),
(84,'US $',470,7014930),
(85,'GBP ',359.99,7048550),
(86,'GBP ',124.99,2447290),
(87,'GBP ',609.99,11943500),
(88,'GBP ',124.99,2447290),
(89,'GBP ',329.99,6461160),
(90,'GBP ',187.99,3680820),
(91,'GBP ',79.99,1566190),
(92,'GBP ',82.95,1624150),
(93,'GBP ',59.95,1173810),
(94,'GBP ',59.99,1174600),
(95,'GBP ',99.95,1957010),
(96,'GBP ',44.99,880898),
(97,'US $',59.99,895373),
(98,'GBP ',419.99,8223340),
(99,'GBP ',179.99,3524180),
(100,'GBP ',239.99,4698970),
(101,'GBP ',159.99,3132580),
(102,'GBP ',149.99,2936780),
(103,'GBP ',69.96,1369810),
(104,'GBP ',144.99,2838880),
(105,'GBP ',439.99,8614940),
(106,'GBP ',74.99,1468290),
(107,'GBP ',239.99,4698970),
(108,'GBP ',289.99,5677960),
(109,'GBP ',269.99,5286360),
(110,'GBP ',299.99,5873760),
(111,'GBP ',214.99,4209470),
(112,'GBP ',229.99,4503170),
(113,'GBP ',309.99,6069560),
(114,'GBP ',209.99,4111570),
(115,'GBP ',249.99,4894770),
(116,'GBP ',249.99,4894770),
(117,'GBP ',179.99,3524180),
(118,'GBP ',42.99,841738),
(119,'GBP ',49.95,978014),
(120,'GBP ',62.99,1233330),
(121,'US $',29.98,447463),
(122,'US $',400.99,5984930),
(123,'US $',65,970149),
(124,'US $',106.35,1587310),
(125,'US $',39.98,596716),
(126,'US $',29.99,447612),
(127,'US $',49.99,746119),
(128,'US $',129.99,1940150),
(129,'US $',360,5373130),
(130,'US $',314.99,4701340),
(131,'US $',1208.32,18034600),
(132,'US $',249.99,3731190),
(133,'US $',279.99,4178960),
(134,'US $',299.99,4477460),
(135,'US $',3001.99,44805800),
(136,'US $',4173.99,62298400),
(137,'US $',1576.56,23530700),
(138,'US $',269.99,4029700),
(139,'EUR ',43.05,722373),
(140,'US $',197.99,2955070),
(141,'US $',70,1044780),
(142,'US $',32.29,481940),
(143,'US $',74.99,1119250),
(144,'US $',114.99,1716270),
(145,'US $',199.99,2984930),
(146,'US $',11.99,178955),
(147,'US $',9.99,149104),
(148,'US $',11.39,170000),
(149,'US $',12,179104),
(150,'US $',25.49,380448),
(151,'US $',10.8,161194),
(152,'US $',25.59,381940),
(153,'US $',42,626866),
(154,'US $',28.4,423881),
(155,'GBP ',59.99,1174600),
(156,'GBP ',96,1879670),
(157,'US $',59.79,892388),
(158,'US $',43.88,654925),
(159,'GBP ',36.5,714665),
(160,'GBP ',64.95,1271710),
(161,'EUR ',174.5,2928080),
(162,'EUR ',159,2668000),
(163,'EUR ',220,3691570),
(164,'EUR ',151,2533760),
(165,'EUR ',221,3708350),
(166,'EUR ',61.99,1040180),
(167,'EUR ',132.99,2231550),
(168,'US $',59.99,895373),
(169,'US $',360,5373130),
(170,'GBP ',419,8203960),
(171,'GBP ',249.99,4894770),
(172,'GBP ',189.99,3719980),
(173,'GBP ',69.95,1369610),
(174,'GBP ',49.95,978014),
(175,'GBP ',84.95,1663310),
(176,'GBP ',41.95,821375),
(177,'GBP ',59.95,1173810),
(178,'GBP ',35.95,703896),
(179,'GBP ',65.95,1291290),
(180,'GBP ',81.95,1604570),
(181,'GBP ',84.95,1663310),
(182,'GBP ',35.95,703896),
(183,'GBP ',64.95,1271710),
(184,'GBP ',99.95,1957010),
(185,'GBP ',57.95,1134650),
(186,'GBP ',10.99,215183),
(187,'US $',74.99,1119250),
(188,'EUR ',10.9,182900),
(189,'US $',169.99,2537160),
(190,'US $',26.99,402836),
(191,'US $',27.99,417761),
(192,'US $',213.98,3193730),
(193,'US $',203.97,3044330),
(194,'GBP ',49.95,978014),
(195,'GBP ',59.95,1173810),
(196,'EUR ',36.85,618338),
(197,'EUR ',29.99,503228),
(198,'EUR ',749,12568100),
(199,'US $',33.99,507313),
(200,'US $',43.42,648060);
/*!40000 ALTER TABLE `price` ENABLE KEYS */;
UNLOCK TABLES;

--
-- Table structure for table `product`
--

DROP TABLE IF EXISTS `product`;
/*!40101 SET @saved_cs_client     = @@character_set_client */;
/*!40101 SET character_set_client = utf8 */;
CREATE TABLE `product` (
  `id` bigint(20) NOT NULL AUTO_INCREMENT,
  `listing_id` bigint(20) NOT NULL,
  `title` varchar(255) NOT NULL,
  `type` varchar(50) NOT NULL,
  `available` varchar(50) DEFAULT NULL,
  `sold` int(11) DEFAULT NULL,
  `return` varchar(50) DEFAULT NULL,
  `seller` varchar(100) NOT NULL,
  `condition` varchar(50) NOT NULL,
  PRIMARY KEY (`id`)
) ENGINE=InnoDB AUTO_INCREMENT=201 DEFAULT CHARSET=utf8mb4 COLLATE=utf8mb4_unicode_ci;
/*!40101 SET character_set_client = @saved_cs_client */;

--
-- Dumping data for table `product`
--

LOCK TABLES `product` WRITE;
/*!40000 ALTER TABLE `product` DISABLE KEYS */;
INSERT INTO `product` VALUES
(1,333563280818,'CHUWI Laptop HeroBook GemiBook CoreBook Pro/Plus/X Intel Core Laptop Windows','Laptops & Netbooks','2 ',32,'30 days ','CHUWI Official Store（chuwi2018）','New'),
(2,333996205343,'CHUWI HeroBook Pro 14.1\" Windows 10 Laptop Intel N4020 Laptop 8+256GB','Laptops & Netbooks','Last One',14,'30 days ','CHUWI Official Store（chuwi2018）','New'),
(3,295671743764,'HP Omen 17.3\" Gaming Notebook QHD 165Hz i9-13900HX 32GB RAM 1TB SSD RTX 4090','Laptops & Netbooks','Limited quantity ',92,'30 days ','Antonline','New'),
(4,285185433173,'Lenovo ThinkPad P1 Gen 5 15.6\" 2022 2K 2.3GHz i7-12700H 32GB 1TB SSD - RTX A2000','Laptops & Netbooks','Limited quantity ',5,'30 days ','ItsWorthMore','Excellent - Refurbished'),
(5,283560024468,'Dell Latitude Laptop Computer 14\" Windows 10 PC Core i5 16GB Ram 240GB SSD HDMI','Laptops & Netbooks','More than 10 ',968,'Seller does not accept ','Discount Computer Depot','Very Good - Refurbished'),
(6,125970744067,'Lenovo ThinkPad X1 Nano Gen 1 13\" Laptop 2K i5-1140G7 16GB RAM 512GB SSD','Laptops & Netbooks','Limited quantity ',4,'30 days ','Antonline','New'),
(7,334384327563,'Dell Latitude Laptop Core i5 Light Gaming Business 16GB RAM 512GB SSD Win11 Pro','Laptops & Netbooks','More than 10 ',606,'30 days ','AAA PCs Store','Very Good - Refurbished'),
(8,304954991616,'Lenovo IdeaPad 5 Pro 14\" Touchscreen Notebook 2.2K i5-1240P 8GB RAM 512GB SSD','Laptops & Netbooks','More than 10 ',258,'30 days ','Antonline','New'),
(9,265781146667,'Dell Laptop Computer Latitude 14\" Core i5 16GB Ram 512GB SSD Windows 11 Pro','Laptops & Netbooks','2 ',293,'30 days ','Discount Computer Depot','Very Good - Refurbished'),
(10,255061480279,'Dell Latitude 3350 13.3\" Laptop Computer Core i5 8GB Ram 128GB SSD Windows 10','Laptops & Netbooks','More than 10 ',337,'30 days ','Discount Computer Depot','Very Good - Refurbished'),
(11,225143770371,'Thinkpad T470 i7-7600U 14\" FHD 16GB 512gb ssd Win pro 10 Pro Laptop Notebook','Laptops & Netbooks','More than 10 ',495,'Seller does not accept ','kl0','Very Good - Refurbished'),
(12,225285020534,'Dell laptop Latitude 7480 14\" i7 2.80GHz 16GB NEW 500GB SSD Win 11 Pro WIFI Cam','Laptops & Netbooks','5 ',352,'Seller does not accept ','kl0','Very Good - Refurbished'),
(13,185459965940,'HP CHROMEBOOK 11\" N3450 1.1 G6 EE 4GB RAM 32GB SSD CHROME OS WEBCAM Black A Grad','Laptops & Netbooks','2 ',49,'30 days ','USMAC Computers','Very Good - Refurbished'),
(14,182434051125,'Apple MacBook Pro 13\" 2015 Retina Core i7 3.1ghz 16GB 512GB SSD B Grade','Laptops & Netbooks','Last One',456,'30 days ','USMAC Computers','Good - Refurbished'),
(15,185854363732,'Apple MacBook Pro 13\" Core i5 2.3Ghz 8GB RAM 256GB SSD 2017 B Grade Latest MacOS','Laptops & Netbooks','Limited quantity ',36,'30 days ','USMAC Computers','Good - Refurbished'),
(16,184872918085,'Apple MacBook Air 13\" Core i5 1.8Ghz 8GB 128GB 2017 B Grade ONE Year Waranty','Laptops & Netbooks','4 ',204,'30 days ','USMAC Computers','Good - Refurbished'),
(17,354907151520,'Microsoft 13\" Surface Pro 8 (i5, 8GB RAM, 256GB SSD, Graphite) with Surface Pen','Laptops & Netbooks','Limited quantity ',3,'30 days ','Always Deals Store','New'),
(18,155421876054,'FAST DELL VOSTRO 15\" LAPTOP WINDOWS 11 CORE I3 8GB RAM 128GB SSD WEBCAM HDMI HD','Laptops & Netbooks','Limited quantity ',765,'30 days ','Inteliqo','Very Good - Refurbished'),
(19,334875599050,'Lenovo ThinkPad T14s Gen 3, 14\" WUXGA Screen, i7-1270P,  16GB RAM, 512GB SSD','Laptops & Netbooks','Limited quantity ',4,'30 days ','The Tech Saver','New'),
(20,334838077249,'Asus ZenBook UX581GV Intel Core i9-9980HK 32GB RAM 1TB SSD - Celestial Blue','Laptops & Netbooks','Limited quantity ',1,'30 days ','Stock Must Go','Excellent - Refurbished'),
(21,305015654447,'15-inch Apple MacBook Air M2 8-core CPU 10-core GPU 16GB Ram 512GB SSD Silver','Laptops & Netbooks','Limited quantity ',1,'30 days ','Deecies | Official Apple Reseller','New'),
(22,295806232100,'15-inch Apple MacBook Air M2 8-core CPU 10-core GPU 16GB Ram 512GB SSD Starlight','Laptops & Netbooks','Limited quantity ',1,'30 days ','Deecies | Official Apple Reseller','New'),
(23,255969030770,'HP Spectre x360 13-aw2024na Convert Laptop i7-1165G7 16/512GB SSD Touchscreen','Laptops & Netbooks','Limited quantity ',4,'30 days ','CompAdvance Outlet','Open box'),
(24,256132747247,'HP OMEN 15-en1000na Gaming Laptop RYZEN 7 16GB/1TB RTX 3070 15.6\" 165Hz DCI-P3','Laptops & Netbooks','Limited quantity ',1,'30 days ','CompAdvance Outlet','Open box'),
(25,144833361265,'ESSLNB 180X Telescope Astronomy Refractor 3X Barlow Lens with Tripod 70mm','Cameras & Photo','More than 10 ',88,'14 days ','Dr. Optics','New'),
(26,144833516189,'ESSLNB 133X Telescope Astronomy Telescope Refractor w/Tripod Phone Adapter','Cameras & Photo','6 ',24,'14 days ','Dr. Optics','New'),
(27,144833476154,'ESSLNB 525X Telescope Astronomy Refractor 3X Barlow Lens with Tripod','Cameras & Photo','5 ',20,'14 days ','Dr. Optics','New'),
(28,354420942240,'700mm Refractor Telescope Astronomy 525X Beginner Adult with Cell Phone Adapter','Cameras & Photo','9 ',42,'14 days ','aome25','New'),
(29,145048765308,'350X Telescope Astronomy Refractor with Tripod 3X Barlow Lens 10X Phone Adapter','Cameras & Photo','More than 10 ',8,'14 days ','Dr. Optics','New'),
(30,404022747395,'SmallRig OSMO Action 3 Camera Cage Protective Cage Compatible for DJI Mic/|DJI Osmo ','Cameras & Photo','7 ',37,'1 month ','SmallRig Offizieller EU-Shop','New'),
(31,404106256684,'SmallRig Universal Photography Tripod Cart with Adjustable Containers ','Cameras & Photo','More than 10 ',3,'1 month ','SmallRig Offizieller EU-Shop','New'),
(32,404054499162,'SmallRig 10\"\" Magic Arm w/ Super Clamp Crab Pliers Clip for Monitor LED Light','Cameras & Photo','More than 10 ',88,'1 month ','SmallRig Offizieller EU-Shop','New'),
(33,404048768666,'SmallRig Sony A7 IV Folding L-Bracket for Sony A7R V / A7 IV / A7S III for Arca','Cameras & Photo','6 ',23,'1 month ','SmallRig Offizieller EU-Shop','New'),
(34,404240859242,'SmallRig 71\" Camera Tripod Monopod w/ 36mm 360° Ball Head Payload 15kg 33lb ','Cameras & Photo','More than 10 ',5,'1 month ','SmallRig Offizieller EU-Shop','New'),
(35,403973058483,'SmallRig X-T5 Arca-Swiss Quick Release L Bracket for FUJIFILM X-T5 Camera 4137','Cameras & Photo','More than 10 ',18,'1 month ','SmallRig Offizieller EU-Shop','New'),
(36,394198673786,'IMOU 64GB Micro SD Specific-Class 10 A1 TF Flash Micro Memory Card SDXC','Cameras & Photo','More than 10 ',81,'30 days ','imou-deutschland','New'),
(37,404042153421,'Smallrig Camera Suction Cup Mount for GoPro, Car Window Camera Holder Sc-2k 3566','Cameras & Photo','Last One',8,'1 month ','SmallRig Offizieller EU-Shop','New'),
(38,404147087321,'SmallRig NP-W235 Camera Battery and Charger Kit for Fujifilm X-T5/X-T4/X-H2S ','Cameras & Photo','7 ',12,'1 month ','SmallRig Offizieller EU-Shop','New'),
(39,404284479665,'SmallRig P96 LED Video Light 96 LED Beads w/ 2200mAh Long Battery Life-3286B','Cameras & Photo','More than 10 ',7,'1 month ','SmallRig Offizieller EU-Shop','New'),
(40,403973058433,'SmallRig FUJIFILM X-T5 Camera L-Shape Grip (Arca-Swiss) for FUJIFILM X-T5 4136','Cameras & Photo','More than 10 ',40,'1 month ','SmallRig Offizieller EU-Shop','New'),
(41,404088282469,'SmallRig LED Video Light P96 Permanent Light LED Video Light 2200mAh for Camera','Cameras & Photo','More than 10 ',23,'1 month ','SmallRig Offizieller EU-Shop','New'),
(42,404291395058,'SmallRig Silicone Gear for Follow Focus Compatible with Standard M0.8-43T Gear','Cameras & Photo','9 ',1,'1 month ','SmallRig Offizieller EU-Shop','New'),
(43,404103194673,'SmallRig 78\" Tripod Camera Sticker with 36mm 360 Panorama Ball Head 15kg Load Force','Cameras & Photo','More than 10 ',14,'1 month ','SmallRig Offizieller EU-Shop','New'),
(44,404036195673,'Smallrig Vibe P108 RGB Video Light Video Light 2500mAh Vlog Fill Light for Vlog','Cameras & Photo','6 ',14,'1 month ','SmallRig Offizieller EU-Shop','New'),
(45,404089826772,'SmallRig P96L RGB Video Light Rechargeable Portable LED Video Light for TikTok','Cameras & Photo','3 ',6,'1 month ','SmallRig Offizieller EU-Shop','New'),
(46,403962395209,'SmallRig Sony FX30|FX3 Camera Cage with Cold Shoe for Camera','Cameras & Photo','More than 10 ',15,'1 month ','SmallRig Offizieller EU-Shop','New'),
(47,404214273974,'SmallRig NATO Top Handle Handle with NATO Quick Release for Camera Cage Only 124g','Cameras & Photo','7 ',13,'1 month ','SmallRig Offizieller EU-Shop','New'),
(48,404185401691,'SmallRig 50Wh (3400mAh) V Mount Battery VB50, Mini V Lock Battery 3579','Cameras & Photo','More than 10 ',3,'1 month ','SmallRig Offizieller EU-Shop','New'),
(49,314549818098,'TV Wall Mount Wall Holder LCD LED PLASMA TV 32-65\" Flat Tilt DE','TV, Video & Home Audio','More than 10 ',169,'30 days ','houseamaze','New'),
(50,304947906037,'TV STAND FOOT TV STAND UNIVERSAL HEIGHT ADJUSTABLE FOR 37-55\"\" LCD ','TV, Video & Home Audio','More than 10 ',11,'30 days ','prettyalfalfa','New'),
(51,204160038683,'TV Wall Mount Wall Holder LCD LED TV 32-65/70\" Tilt Black DE','TV, Video & Home Audio','More than 10 ',74,'30 days ','delightmark','New'),
(52,165591936990,'TV Wall Mount Wall Holder LCD LED TV 32-65/70\" Tilt Black NEW','TV, Video & Home Audio','More than 10 ',73,'30 days ','gouchenshou','New'),
(53,314579185924,'TV Stand TV Stand Universal Height Adjustable for 37-55\" LCD LED NEW','TV, Video & Home Audio','More than 10 ',23,'30 days ','houseamaze','New'),
(54,374467222814,'TV TV Wall Mount Wall Mount LCD LED Tilt Swivel 32-70\" ','TV, Video & Home Audio','5 ',11,'30 days ','FOCUSPET','New'),
(55,165543715390,'32-70\" LCD LED TV TV TV Wall Mount Swivel Tilt 2022','TV, Video & Home Audio','More than 10 ',133,'30 days ','PERLESMITH','New'),
(56,385617090643,'TV Stand Mount Table Stand TV Stand Height Adjustable 37-55\" NEW','TV, Video & Home Audio','More than 10 ',2,'30 days ','Rentliv','New'),
(57,385649927286,'TV Wall Mount Wall Holder LCD Plasma Tilt Swivel LED LCD 32-70\"','TV, Video & Home Audio','10 ',1,'30 days ','wsionnic','New'),
(58,385645527641,'65\" TV Wall Mount Wall Holder LCD LED TV 32-65\" Flat Tilt VESA','TV, Video & Home Audio','More than 10 ',25,'30 days ','Rentliv','New'),
(59,404233442103,'DVB-T2 Antenna FULL HD TV Terrestrial Active DAB Room Antenna 30dbi + 5M Cable','TV, Video & Home Audio','More than 10 ',16,'30 days ','kitchensealerbags','New'),
(60,354527022050,'TV Wall Mount Wall Holder LCD LED TV 32-70\" Swivel Tilt ','TV, Video & Home Audio','More than 10 ',65,'30 days ','watermelnde','New'),
(61,166100283260,'TV Stand TV Stand Universal Height Adjustable for 37-55\" LCD LED Black','TV, Video & Home Audio','More than 10 ',3,'30 days ','PERLESMITH','New'),
(62,404333549199,'TV Wall Mount Wall Holder LCD LED TV 32-70\" Swivel Tilt DE','TV, Video & Home Audio','More than 10 ',4,'30 days ','kitchensealerbags','New'),
(63,312511148100,'Sony STRDH190 2-Ch Stereo Receiver with Phono Inputs and Bluetooth','TV, Video & Home Audio','Limited quantity ',45,'30 days ','BuyDig','New'),
(64,183986526985,'HDMI 1.4 CABLE Cord 6FT 10FT 15FT 25FT 30FT 50FT 75FT 100FT HIGH SPEED Blue Lot','TV, Video & Home Audio','More than 10 ',11214,'30 days ','sjbcables','New'),
(65,291487951165,'Sony Blu-ray Player Multi Region All Zone Code Free BDPS3500B BDP-S3500B','TV, Video & Home Audio','Limited quantity ',113,'30 days ','tps1996','New'),
(66,195304573475,'Tangent PreAmp II New Generation Pre-amplifier With Bluetooth & Remote Control','TV, Video & Home Audio','Limited quantity ',2,'30 days ','red_apple_av','New'),
(67,403523596287,'Centre Speaker Q Acoustics 3090ci Home Cinema Loudspeakers Hi-Fi English Walnut','TV, Video & Home Audio','Limited quantity ',3,'30 days ','Digitalis Audio','New'),
(68,233724282817,'Audio Pro C3 Wireless Multi Room Speaker - Active','TV, Video & Home Audio','Limited quantity ',8,'30 days ','HiFi-Madness','New'),
(69,125522449822,'JVC LT-39CA120 Android TV 39\" Smart HD Ready HDR LED TV with Google Assistant','TV, Video & Home Audio','Limited quantity ',102,'Seller does not accept ','mi and more','Open box'),
(70,394314363893,'Formuler  Z11 PRO MAX Mytvonline 3 Android 11 4GB DDR4 RAM  32GB eMMC Z8 2023','TV, Video & Home Audio','Limited quantity ',160,'30 days ','Tech-Tech Shop','New'),
(71,393178266600,'MAG 520 Mag Box 520 Infomir Latest Model NEW MAGBOX UHD 4K 254 Genuine 322','TV, Video & Home Audio','Limited quantity ',290,'30 days ','Tech-Tech Shop','New'),
(72,364205923621,'GENUINE APPLE TV SIRI REMOTE CONTROL 2ND GENERATION BLUETOOTH - SILVER BLACK','TV, Video & Home Audio','Limited quantity ',117,'60 days ','Total Digital Stores','New'),
(73,383791923777,'2021 Apple iPad 9th Gen 64/256GB WiFi 10.2\"','iPads, Tablets & eReaders','More than 10 ',5247,'30 days ','Deals From the Rock','New'),
(74,354829559045,'Xiaomi Pad 5 11-Inch Tablet 6+256GB 2.5K LCD Display 120Hz Snapdragon 860 WIFI','iPads, Tablets & eReaders','9 ',5,'14 days ','Xiaomi-DE-Store','New'),
(75,333767454976,'CHUWI 10.1\" Hi10 X Tablet/Laptop 2 in 1 Stylus Windows 11 PC Intel N4120 8+128GB','iPads, Tablets & eReaders','3 ',91,'30 days ','CHUWI Official Store（chuwi2018）','New'),
(76,334294471115,'CHUWI Hipad X 10.1in T618 Tablet Android 11 6+128G GPS 4G LTE Dual SIM Octa Core','iPads, Tablets & eReaders','Limited quantity ',6,'30 days ','CHUWI Official Store（chuwi2018）','New'),
(77,234857001013,'Cubot TAB 30 Tablet 10.1\" 6580mAh 4+128GB Octa Core 4G SIM Card WiFi Android 11','iPads, Tablets & eReaders','5 ',8,'1 month ','cubot_de','New'),
(78,404296373754,'Cubot TAB 20 10.1\" Tablet 4GB+64GB Android 13 Pad Octa-Core 6000mAh 4G Dual SIM','iPads, Tablets & eReaders','7 ',13,'1 month ','buyitshop8','New'),
(79,235033401617,'Xiaomi Redmi Pad Tablet 4+128GB 10.61\"\" 90Hz 8000mAh WiFi MTK Helio G99 Global','iPads, Tablets & eReaders','Limited quantity ',NULL,'14 days ','Tech Store ES','New'),
(80,354845734238,'Xiaomi Pad 5 11-Inch Tablet 6GB 128GB/256GB 2.5K 120Hz Snapdragon 860 WIFI','iPads, Tablets & eReaders','8 ',4,'14 days ','Xiaomi-DE-Store','New'),
(81,354826136276,'Xiaomi Pad 5 11-Inch Tablet 6GB+128GB 2.5K LCD 120Hz 8720mAh Snapdragon 860','iPads, Tablets & eReaders','10 ',NULL,'14 days ','Xiaomi-DE-Store','New'),
(82,225222332867,'Apple iPad Pro 12.9(2022) 12.9\" WiFi  1TB 16GB RAM Apple M2 Tablet By FedEx','iPads, Tablets & eReaders','4 ',3,'30 days ','bq_shop estore','New'),
(83,363061681562,'Apple iPad 6 (6th Gen) - (2018 Model) - 32GB - 128GB - Wi-Fi - Cellular - Good','iPads, Tablets & eReaders','More than 10 ',3120,'30 days ','LTDeals','Good - Refurbished'),
(84,385274330646,'2022 Apple iPad 10th Gen 64/256GB WiFi 10.9\" latest model','iPads, Tablets & eReaders','More than 10 ',311,'30 days ','Deals From the Rock','New'),
(85,225050530254,'Apple iPad Air (3rd Generation) 256GB Wi-Fi 10.5in - Gold BRAND NEW','iPads, Tablets & eReaders','Limited quantity ',54,'30 days ','PhoneUsLtd','New'),
(86,284983378005,'Apple iPad Air 2 64GB Wi-Fi + 4G Cellular 9.7\" Silver  Colours A++ Pristine','iPads, Tablets & eReaders','Limited quantity ',1085,'30 days ','Travco Tel','Open box'),
(87,165545146657,'Apple iPad Pro 3rd Gen 11\" 2021 M1 128GB Space Grey WiFi & Cellular 5G Unlocked','iPads, Tablets & eReaders','Limited quantity ',54,'30 days ','KassTech Ltd','Excellent - Refurbished'),
(88,285356897787,'Apple iPad Air 2 64GB, Wi-Fi + Cellular (Unlocked), 9.7in - Silver A++Pristine','iPads, Tablets & eReaders','Limited quantity ',26,'30 days ','Travco Tel','Open box'),
(89,165514216561,'Apple iPad 9th Gen 10.2\" 2021 - 64GB Wi-Fi & Cellular 5G - Unlocked - Silver','iPads, Tablets & eReaders','Limited quantity ',43,'30 days ','KassTech Ltd','Excellent - Refurbished'),
(90,115756756407,'Lenovo Tab M10 Plus (3rd Gen) Tablet 10.61\" 2K 4GB RAM 128GB Storage Android 12','iPads, Tablets & eReaders','Limited quantity ',4,'30 days ','TEKshop','New'),
(91,285177358156,'SAMSUNG GALAXY TAB A6 2016 SM-T580 BLACK 10.1 Wifi Only Warranty + CHRGER Lead','iPads, Tablets & eReaders','Limited quantity ',23,'30 days ','Travco Tel','Open box'),
(92,185796692315,'KINDLE PAPERWHITE 10TH GEN EREADER | 8GB WIFI 6\" DISPLAY WITH ADS - 2018 RELEASE','iPads, Tablets & eReaders','Limited quantity ',140,'60 days ','Total Digital Stores','Very Good - Refurbished'),
(93,403852131485,'KINDLE PAPERWHITE EREADER 7TH GEN 6\" DISPLAY BUILT-IN LIGHT WIFI WITH ADS BLACK','iPads, Tablets & eReaders','Limited quantity ',612,'60 days ','Total Digital Stores','Very Good - Refurbished'),
(94,285197590319,'Samsung Galaxy Tab 4 Active 7\", SM-T365, 16GB, Black - Pristine Condition + Lead','iPads, Tablets & eReaders','Limited quantity ',38,'30 days ','Travco Tel','Open box'),
(95,363923901619,'KINDLE OASIS E-READER 8TH GEN TABELT 6\" DISPLAY WITH LIGHT - BLACK - REFURBISHED','iPads, Tablets & eReaders','Limited quantity ',115,'60 days ','Total Digital Stores','Very Good - Refurbished'),
(96,203481949100,'VENTURER RCA CHALLENGER 10 16GB 10.1\" HD Tablet Android 10 Bluetooth 128GB','iPads, Tablets & eReaders','Limited quantity ',517,'30 days ','Big Pockets IT','Very Good - Refurbished'),
(97,325368994181,'Sony PlayStation Classic Mini Gray Console with x20 Pre-Loaded Games!','Video Games & Consoles','More than 10 ',681,'30 days ','orkmastermcgee','Very Good - Refurbished'),
(98,364338365213,'Sony PlayStation 5 Digital Version Console - White - Soiled Packaging','Video Games & Consoles','Limited quantity ',1,'30 days ','Stock Must Go','New'),
(99,364263726790,'Sony PlayStation 4 Slim Console - 1TB - Refurbished Very Good - With Controller','Video Games & Consoles','Limited quantity ',2,'30 days ','Stock Must Go','Very Good - Refurbished'),
(100,334818857843,'Xbox Series S 512GB Digital Console, White - New','Video Games & Consoles','Limited quantity ',3,'30 days ','Stock Must Go','New'),
(101,225553995775,'Nintendo Switch Console 32GB - Device Only - Refurbished Good','Video Games & Consoles','Limited quantity ',1,'30 days ','Stock Must Go','Good - Refurbished'),
(102,364177665428,'Nintendo Switch Console 32GB - Display Only - Refurbished Very Good','Video Games & Consoles','Limited quantity ',1,'30 days ','Stock Must Go','Very Good - Refurbished'),
(103,285312663335,'Evercade Retro Handheld Games Console Premium Pack, 43\" Screen, White/Red, HDMI ','Video Games & Consoles','Limited quantity ',1,'30 days ','Rebx','Excellent - Refurbished'),
(104,225582224623,'Sony PlayStation 4 Console - 500GB / 1TB - Refurbished Good - With Controller','Video Games & Consoles','Limited quantity ',1,'30 days ','Stock Must Go','Good - Refurbished'),
(105,334929336396,'Sony PlayStation 5 Disc Version Console - White - Refurbished Good','Video Games & Consoles','Limited quantity ',1,'30 days ','Stock Must Go','Good - Refurbished'),
(106,225582224789,'Evercade Retro Handheld Games Console Premium Pack - Refurbished Pristine','Video Games & Consoles','Limited quantity ',2,'30 days ','Stock Must Go','Excellent - Refurbished'),
(107,225573072206,'Nintendo Switch OLED Model 64GB - White / Black - No Joycons/Dock','Video Games & Consoles','Limited quantity ',1,'30 days ','Stock Must Go','Good - Refurbished'),
(108,304159299186,'Nintendo Switch (OLED Model) - White','Video Games & Consoles','Limited quantity ',34,'Seller does not accept ','Shop Save UK','New'),
(109,175385481038,'Microsoft Xbox Series S 512 GB Wi-Fi Game Console White','Video Games & Consoles','Limited quantity ',14,'30 days ','Yoltso','New'),
(110,334770029196,'Microsoft Xbox Series S 512GB Digital Console, Fortnite + Rocket League Bundle','Video Games & Consoles','Limited quantity ',2,'30 days ','Stock Must Go','New'),
(111,174802922966,'Nintendo Switch Lite (Coral) Nintendo Switch Lite NVIDIA Custom Tegra Coral Anal','Video Games & Consoles','Limited quantity ',3,'30 days ','Yoltso','New'),
(112,174802922933,'Nintendo Switch Lite portable Game Console 5.5\" 32GB Wi-Fi Turquoise','Video Games & Consoles','Limited quantity ',3,'30 days ','Yoltso','New'),
(113,225659155348,'Nintendo Switch OLED Model 64GB Blue / Red - New','Video Games & Consoles','Limited quantity ',NULL,'30 days ','Stock Must Go','New'),
(114,364100934469,'Nintendo Switch Console 32GB - MISSING DOCK - Blue / Red - Refurbished Good - SC','Video Games & Consoles','Limited quantity ',1,'30 days ','Stock Must Go','New'),
(115,225659155339,'Nintendo Switch Console 32GB - Grey - New','Video Games & Consoles',NULL,NULL,'30 days ','Stock Must Go','New'),
(116,285128448590,'Xbox Series S 512GB Digital Console','Video Games & Consoles','Limited quantity ',4,'30 days ','Shop Save UK','New'),
(117,225659155194,'Capcom Home Arcade Console - New','Video Games & Consoles',NULL,NULL,'30 days ','Stock Must Go','New'),
(118,225257209061,'Microsoft Xbox Series X/S Wireless Controller, Pulse Red + 12 Month Warranty','Video Games & Consoles','Limited quantity ',176,'30 days ','Stock Must Go','Excellent - Refurbished'),
(119,134479056498,'Razer Kishi Mobile Gaming Controller for Android USB-C (Xbox)  - Black','Video Games & Consoles','Limited quantity ',34,'30 days ','Red Rock UK','New'),
(120,185507138558,'Plantronics - Voyager Legend (Poly) - Bluetooth Single-Ear (Monaural) Headset','Video Games & Consoles','Limited quantity ',190,'30 days ','Yoltso','New'),
(121,225206141519,'Touch Screen Dash Cam 4\" 1080P Dual Lens Car DVR Recorder Front and Rear Camera','Vehicle Electronics & GPS','More than 10 ',1570,'30 days ','Frugality Inc','New'),
(122,285164489538,'BOSS Audio Systems UNI4RGB UTV Marine Stereo Package | Certified Refurbished','Vehicle Electronics & GPS','More than 10 ',1,'30 days ','SpeeceInc','New'),
(123,283619457023,'BOSS Audio Systems MR692B 6 x 9 Inch Marine Stereo Speakers','Vehicle Electronics & GPS','More than 10 ',87,'30 days ','SpeeceInc','New'),
(124,284347290788,'BOSS Audio Systems MRWT69 6 x 9 ATV UTV Marine Boat Waketower IPX5 Speaker','Vehicle Electronics & GPS','More than 10 ',81,'30 days ','SpeeceInc','New'),
(125,225207283051,'7\" Double 2 DIN Car MP5 Player Bluetooth Touch Screen Stereo Radio With Camera','Vehicle Electronics & GPS','More than 10 ',389,'30 days ','Frugality Inc','New'),
(126,283596795264,'BOSS Audio Systems 616UAB Car Stereo – Bluetooth, USB, Aux-in, AM/FM, No CD','Vehicle Electronics & GPS','More than 10 ',3731,'30 days ','SpeeceInc','New'),
(127,372172069343,'1000W 2000W Car Power Inverter DC 12V To AC 110V 2 AC Outlets RV Solar Converter','Vehicle Electronics & GPS','More than 10 ',2779,'30 days ','Whizzohead','New'),
(128,284216426014,'BOSS Audio Systems Cap18 18 Farad Car Audio Capacitor','Vehicle Electronics & GPS','More than 10 ',17,'30 days ','SpeeceInc','New'),
(129,294111390755,'18-20 Jeep Grand Cherokee 8.4 Uconnect LCD MONITOR Touch-Screen Radio Navigation','Vehicle Electronics & GPS','Limited quantity ',747,'30 days ','OEMGPSNAV.COM','New'),
(130,183207988245,'Garmin zumo 396 LMT-S Motorcycle Navigator w/ 4.3\" Screen & WiFi 010-02019-00 ','Vehicle Electronics & GPS','Limited quantity ',720,'30 days ','GPS City','New'),
(131,374597576016,'Garmin GPSMAP1042XSV 10\" Combo US Lakes & Coast No Transducer Garmin 010-01740-','Vehicle Electronics & GPS','Limited quantity ',5,'30 days ','The-Shot-Shop','New'),
(132,185663021972,'Fusion Signature Series 3 Marine Wake Tower 7.7\" Speakers White 010-02439-01','Vehicle Electronics & GPS','Limited quantity ',49,'30 days ','GPS City','New'),
(133,185663005479,'Fusion Signature Series 3 Marine Wake Tower 7.7\" Speakers Chrome 010-02439-00','Vehicle Electronics & GPS','Limited quantity ',24,'30 days ','GPS City','New'),
(134,185662973731,'Fusion Signature Series 3 Sports Chrome 12 inch Marine Subwoofer 010-02436-11','Vehicle Electronics & GPS','Limited quantity ',6,'30 days ','GPS City','New'),
(135,374597576256,'Garmin GPSMAP 1042xsv w/GMR 18HD+ Radar GARMIN 010-01740-03/GMR18+','Vehicle Electronics & GPS','Limited quantity ',NULL,'30 days ','The-Shot-Shop','New'),
(136,374597576251,'Garmin GPSMAP 1042xsv Keyed Networking Combo - U.S., Canada, Bahamas w/GMR 18 x','Vehicle Electronics & GPS','Limited quantity ',NULL,'30 days ','The-Shot-Shop','New'),
(137,374597576227,'Garmin GMR18XHD Radar 18\" 4Kw Garmin 010-00959-00','Vehicle Electronics & GPS','Limited quantity ',NULL,'30 days ','The-Shot-Shop','New'),
(138,185662981334,'Fusion Signature Series 3 Marine Wake Tower 6.5 inch Speakers White 010-02438-01','Vehicle Electronics & GPS','Limited quantity ',3,'30 days ','GPS City','New'),
(139,393515785233,'Netac 1TB SSD intern 2,5 Zoll SATA III 6Gb/s Festplatte Solid State Drive','Memory Drives & Storage','More than 10 ',829,'30 days ','netac_official_eu','New'),
(140,284579625585,'Seagate ST16000NM001G 16TB Exos X16 512e 6Gb 3.5 SATA  Enterprise Hard Drive New','Memory Drives & Storage','More than 10 ',688,'30 days ','EAST DIGITAL','New'),
(141,164983644104,'IBM Storwize V3700 00Y2432 00Y2507 00MJ149 1.2TB 10K SAS 2.5 Hard Drive','Memory Drives & Storage','More than 10 ',137,'Seller does not accept ','Wie Bo technology mall 2012','New'),
(142,313969708276,'Netac 1TB SSD 2.5\'\' SATA III 6 Gb/s Internal Solid State Drive 500MB/s MAC/PC','Memory Drives & Storage','More than 10 ',823,'30 days ','netac-official-store','New'),
(143,304852410569,'GIGABYTE Aorus 1TB Solid State Drive','Memory Drives & Storage','More than 10 ',34,'30 days ','Antonline','New'),
(144,274146735855,'ST1800MM0129 SEAGATE 1.8TB 12Gbs 10K.9 2.5\'\' SAS Hard Drive 100% Original New','Memory Drives & Storage','More than 10 ',152,'30 days ','EAST DIGITAL','New'),
(145,304736586669,'LOT 10 SK Hynix 256Gb PCIe NVMe SSD M.2 Solid State Drive 2242 HFM256GD3HX015N','Memory Drives & Storage','Limited quantity ',5,'30 days ','theMaxMart','New'),
(146,314583757070,'Netac M.2 1TB 500GB 250GB Internal SSD NVMe PCIe3.0 Gen3x4 Solid State Drive lot','Memory Drives & Storage','More than 10 ',390,'30 days ','netac-official-store','New'),
(147,314555594439,'Netac 1TB 2TB 512GB Internal SSD 2.5\'\' SATA III 6Gb/s Solid State Drive lot','Memory Drives & Storage','More than 10 ',1302,'30 days ','netac-official-store','New'),
(148,313831486251,'Netac Internal SSD 2.5\'\' SATA III M.2 NVMe PCIe Gen 3.0×4 Solid State Drive lot','Memory Drives & Storage','More than 10 ',2283,'30 days ','netac-official-store','New'),
(149,313293169130,'Netac SSD 250GB/500GB/1TB PCIe NVMe Gen3x4 M.2 Solid State Drive  PC/Laptop lot','Memory Drives & Storage','More than 10 ',1567,'30 days ','netac-official-store','New'),
(150,313575258433,'Netac 512GB SSD 2.5\'\' SATA III 6 Gb/s Internal Solid State Drive 500MB/s PC/MAC','Memory Drives & Storage','More than 10 ',2886,'30 days ','netac-official-store','New'),
(151,313292798496,'Netac 120GB 240GB 500GB SSD 2.5\" SATA III Internal Solid State Drive 500MB/s lot','Memory Drives & Storage','More than 10 ',4616,'30 days ','netac-official-store','New'),
(152,314491550846,'Netac Internal SSD 500GB Solid State Drive M.2 2280 PCIe Gen 3 x4 NVMe 3100MB/s','Memory Drives & Storage','More than 10 ',163,'30 days ','netac-official-store','New'),
(153,314016357754,'Netac 1T Internal SSD 2.5\'\' SATA III M.2 NVMe PCIe Gen3×4 Solid State Drive','Memory Drives & Storage','More than 10 ',40,'30 days ','netac-official-store','New'),
(154,314008928274,'Netac Internal SSD 512GB Solid State Drive 2.5\'\' SATA III 6GB/s Up to 550MBps','Memory Drives & Storage','More than 10 ',198,'30 days ','netac-official-store','New'),
(155,383697520458,'2TB 1TB 512GB SSD 2013 2014 2015 MacBook Air A1465 A1466 MacBook Pro A1502 A1398','Memory Drives & Storage','Limited quantity ',345,'30 days ','PB Tech Store','New'),
(156,363196316215,'New Dell 300GB 2.5\" SAS 12Gb/s 15K Hard Drive HDD NCT9F + 14th Series Caddy','Memory Drives & Storage','Limited quantity ',12,'30 days ','ITinStock','Open box'),
(157,125214276662,'WITH CHIP W2110A Toner Compatible for HP 206A LaserJet Pro M283fdw M282 M283','Printers & Printer Supplies','5 ',119,'30 days ','toner_kingdom','New'),
(158,121434373806,'4PK CF210A Toner Cartridge For HP 131A LaserJet Pro 200 M251nw MFP M276nw M251n','Printers & Printer Supplies','More than 10 ',6325,'30 days ','toner_kingdom','New'),
(159,132751200375,'Genuine Canon PG-540 & CL-541 Black & Colour Ink Cartridges for Pixma TS5150','Printers & Printer Supplies','Limited quantity ',926,'30 days ','Ink Trader Ltd','New'),
(160,162002739829,'Original Canon PG540XL Black & CL541XL Colour Ink Cartridges for PIXMA MG3200','Printers & Printer Supplies','Limited quantity ',4365,'30 days ','Ink Trader Ltd','New'),
(161,314045125043,'Genuine Konica Minolta Drum DR313 Color CMY A7U40TD for Bizhub C258 C308 C368 N','Printers & Printer Supplies','Limited quantity ',9,'Seller does not accept ','Tradeline-eu','New'),
(162,123834319037,'Genuine Lexmark 78C2UCE 78C2UC0 Toner Cyan for CS521 CS622 CX622 A-Ware','Printers & Printer Supplies','Limited quantity ',1,'1 month ','CSH-Teile','New'),
(163,115836639094,'Genuine Canon Toner 0482C002 C-EXV51 Cyan New B','Printers & Printer Supplies','Limited quantity ',NULL,'1 month ','CSH-Teile','New'),
(164,275776261583,'\"Original Konica Minolta TNP54 Toner Black for Bizhub 4402P AADX050 NEW ORIGINAL PACKAGING\"','Printers & Printer Supplies','Limited quantity ',NULL,'Seller does not accept ','TONER-CMYK.EU','New'),
(165,115836638702,'Genuine Canon Toner 0482C002 C-EXV51 Cyan A-Ware','Printers & Printer Supplies','Limited quantity ',NULL,'1 month ','CSH-Teile','New'),
(166,374199677017,'Soundcore Life Q20 Bluetooth Headphone Wireless Headphone Hi-Res Audio 40H Play','Headphones & Portable Audio','3 ',137,'30 days ','Anker offizieller Shop','New'),
(167,374651305861,'Soundcore Life Q35 Over-Ear Bluetooth Wireless Headphones + Life P2 Mini In Ear','Headphones & Portable Audio','More than 10 ',NULL,'30 days ','Anker offizieller Shop','New'),
(168,304719930024,'BRAND NEW Harman Kardon Fly TWS True Wireless In-Ear Headphones - Black','Headphones & Portable Audio','Limited quantity ',15,'30 days ','Swing Computers','New'),
(169,303952263935,'17-20 Replacement 8.4\" Uconnect 4C UAQ LCD MONITOR Touch-Screen Radio Navigation','Headphones & Portable Audio','Limited quantity ',871,'30 days ','OEMGPSNAV.COM','New'),
(170,295263280613,'JBL Boombox 3 Wireless Bluetooth Speaker with Indoor & Outdoor Modes – Squad','Headphones & Portable Audio','Limited quantity ',39,'30 days ','Home AV Direct','New'),
(171,272525246139,'House of Marley Bag of Riddim 2 Bluetooth Speaker, Aux In, 10 Hour Playback','Headphones & Portable Audio','Limited quantity ',130,'30 days ','FKA Brands','New'),
(172,225405193012,'Beats Pill+ Black Portable Speaker','Headphones & Portable Audio','Limited quantity ',16,'30 days ','PhoneUsLtd','New'),
(173,125432338283,'Skullcandy Hesh ANC | Over-Ear Wireless Headphones | True Black','Headphones & Portable Audio','Limited quantity ',463,'30 days ','Red Rock UK','Excellent - Refurbished'),
(174,125256673445,'Skullcandy Hesh Evo Bluetooth Wireless Over-Ear Headphones with Tile - Black','Headphones & Portable Audio','Limited quantity ',427,'30 days ','Red Rock UK','Excellent - Refurbished'),
(175,403742792392,'JBL TUNER 2 PORTABLE RADIO BLUETOOTH SPEAKER DAB & FM 12 HOURS BATTERY - BLACK','Headphones & Portable Audio','Limited quantity ',129,'60 days ','Total Digital Stores','New'),
(176,404135959204,'JBL WAVE 300TWS IN EAR HEADPHONES BLUETOOTH TRUE WIRELESS & CASE- 4 COLOURS','Headphones & Portable Audio','Limited quantity ',192,'60 days ','Total Digital Stores','New'),
(177,363884195298,'JBL TUNE 710BT OVER EAR BLLUETOOTH HEADPHONES WIRELESS BLUE WHITE PINK JBLT710BT','Headphones & Portable Audio','Limited quantity ',427,'60 days ','Total Digital Stores','New'),
(178,403139727355,'JBL TUNE 510BT WIRELESS HEADPHONES BLUETOOTH ON-EAR FOLDABLE BLACK JBLT510BTBLK','Headphones & Portable Audio','Limited quantity ',945,'60 days ','Total Digital Stores','New'),
(179,134181784709,'Skullcandy Hesh ANC | Over-Ear Wireless Headphones | Mod White','Headphones & Portable Audio','Limited quantity ',132,'30 days ','Red Rock UK','Excellent - Refurbished'),
(180,403575544933,'JBL FLIP 5 PORTABLE BLUETOOTH SPEAKER IPX7 WATERPROOF PARTY WIRELESS 12 COLOURS','Headphones & Portable Audio','Limited quantity ',502,'60 days ','Total Digital Stores','New'),
(181,404195413377,'JBL TUNE 760NC HEADPHONES OVER EAR NOISE CANCELLING & MIC HANDS FREE - 4 COLOURS','Headphones & Portable Audio','Limited quantity ',15,'60 days ','Total Digital Stores','New'),
(182,363850436553,'JBL TUNE 510BT WIRELESS HEADPHONES BLUETOOTH ON-EAR FOLDABLE BLUE JBLT510BTBLUE','Headphones & Portable Audio','Limited quantity ',150,'60 days ','Total Digital Stores','New'),
(183,403384248078,'JBL LIVE 460NC HEADPHONES WIRELESS BLUETOOTH ON-EAR NOISE CANCEL BLACK BLUE ROSE','Headphones & Portable Audio','Limited quantity ',104,'60 days ','Total Digital Stores','New'),
(184,403577427005,'JBL LIVE 660NC HEADPHONES WIRELESS BLUETOOTH OVER EAR NOISE CANCELLING - BLACK','Headphones & Portable Audio','Limited quantity ',349,'60 days ','Total Digital Stores','New'),
(185,334465834635,'Official Genuine Samsung Galaxy Buds Live Wireless Earbuds SM-R180 All Colours','Headphones & Portable Audio','Limited quantity ',188,'30 days ','Authentic-Accessories','Open box'),
(186,392806621860,'Baseus Bluetooth 5.0 Wireless Car FM Transmitter MP3 Player Aux SD USB Charger','Headphones & Portable Audio','Limited quantity ',413,'30 days ','Baseus Direct UK','New'),
(187,303331203953,'Microsoft Surface Pen Ice Blue','Computer Accessories','More than 10 ',804,'30 days ','Antonline','New'),
(188,204352069967,'Mini Fan USB Fan Table Fan Portable Leafless Quiet Handheld Fan','Computer Accessories','More than 10 ',66,'30 days ','delightmark','New'),
(189,295297343081,'Microsoft Audio Dock','Computer Accessories','More than 10 ',9,'30 days ','Antonline','New'),
(190,125915466240,'Adjustable Laptop Tray Lap Desk Stand Foldable Bed Table Notebook Tray Cup Slot','Computer Accessories','More than 10 ',135,'30 days ','Cozy Array','New'),
(191,303553942978,'OEM 135W AC Adapter Charger ADP-135KB Acer Nitro 5 AN515-53-55G9 AN515-53-52FA','Computer Accessories','More than 10 ',905,'30 days ','Swing Computers','New'),
(192,165398353410,'Moncler Sioule Nylon Laptop Case/Clutch In Pastel Blue F109B6B50000-5396Q-71A','Computer Accessories','Limited quantity ',NULL,'30 days ','leperfect','New'),
(193,175212186150,'Moncler Sioule Nylon Laptop Case/Clutch In Black F109B6B50000-5396Q-999','Computer Accessories',NULL,NULL,'30 days ','leperfect','New'),
(194,125481825418,'Apple Smart Keyboard for 10.5 inch iPad Pro, iPad, iPad Air 3rd Gen | QWERTY','Computer Accessories','Limited quantity ',343,'30 days ','Red Rock UK','New'),
(195,115768945870,'Apple Smart Keyboard | MPTL2B/A | 10.5\" iPad Pro, iPad, Air 3rd Gen | QWERTY UK','Computer Accessories','Limited quantity ',32,'30 days ','Red Rock UK','New'),
(196,363615671889,'Samsung Stylus Pen GH96-14339A Mystic Black Black for Samsung Galaxy Tab S7 FE','Computer Accessories','Limited quantity ',93,'1 month ','PhoneFunky Shop','New'),
(197,384726527036,'Premium Tablet Case Bag for Samsung Galaxy Tab S8 Plus (SM-X800) Blue','Computer Accessories','Limited quantity ',5,'Seller does not accept ','IM-Trading GmbH','New'),
(198,294054556317,'Kandao Meeting 360 Pro Conference Camera','Computer Accessories','Limited quantity ',7,'1 month ','camforpro','New'),
(199,313784767380,'Smart Wireless WiFi Ring Doorbell Security Intercom Video Camera Door Bell Chime','Other Consumer Electronics','More than 10 ',949,'30 days ','Whizzohead','New'),
(200,163642250051,'69800mAh 12V Car Jump Starter Portable USB Power Bank Battery Booster Clamp 600A','Other Consumer Electronics','More than 10 ',6741,'Seller does not accept ','MMElectronicles','New');
/*!40000 ALTER TABLE `product` ENABLE KEYS */;
UNLOCK TABLES;

--
-- Table structure for table `shipment`
--

DROP TABLE IF EXISTS `shipment`;
/*!40101 SET @saved_cs_client     = @@character_set_client */;
/*!40101 SET character_set_client = utf8 */;
CREATE TABLE `shipment` (
  `id` bigint(20) NOT NULL,
  `shipping_availability` bit(1) NOT NULL,
  `shipping_price_currency` varchar(10) DEFAULT NULL,
  `shipping_price_value` float DEFAULT NULL,
  `shipping_location` varchar(100) DEFAULT NULL,
  PRIMARY KEY (`id`),
  CONSTRAINT `shipment_ibfk_1` FOREIGN KEY (`id`) REFERENCES `product` (`id`)
) ENGINE=InnoDB DEFAULT CHARSET=utf8mb4 COLLATE=utf8mb4_unicode_ci;
/*!40101 SET character_set_client = @saved_cs_client */;

--
-- Dumping data for table `shipment`
--

LOCK TABLES `shipment` WRITE;
/*!40000 ALTER TABLE `shipment` DISABLE KEYS */;
INSERT INTO `shipment` VALUES
(1,'',NULL,0,NULL),
(2,'',NULL,0,NULL),
(3,'\0',NULL,NULL,'Atlanta, Georgia, United States'),
(4,'','US $',168.15,'Sanford, Florida, United States'),
(5,'\0',NULL,NULL,'Jacksonville, Texas, United States'),
(6,'','US $',59.03,'Atlanta, Georgia, United States'),
(7,'\0',NULL,NULL,'Fort Myers, Florida, United States'),
(8,'','US $',47.12,'Atlanta, Georgia, United States'),
(9,'','US $',52.85,'Jacksonville, Texas, United States'),
(10,'','US $',49.25,'Jacksonville, Texas, United States'),
(11,'\0',NULL,NULL,'Irvine, California, United States'),
(12,'\0',NULL,NULL,'Irvine, California, United States'),
(13,'','GBP ',200,NULL),
(14,'','GBP ',200,NULL),
(15,'','GBP ',200,NULL),
(16,'','GBP ',200,NULL),
(17,'','US $',54.46,'Avenel, New Jersey, United States'),
(18,'','GBP ',77.1,'Bradford, United Kingdom'),
(19,'','GBP ',95.95,'Liverpool, United Kingdom'),
(20,'','GBP ',133.83,'Cannock, England, United Kingdom'),
(21,'',NULL,0,NULL),
(22,'',NULL,0,NULL),
(23,'\0',NULL,NULL,'UK, Stranraer, DG9 8BU, United Kingdom'),
(24,'\0',NULL,NULL,'UK, Stranraer, DG9 8BU, United Kingdom'),
(25,'\0',NULL,NULL,'Langenlonsheim, Germany'),
(26,'\0',NULL,NULL,'Langenlonsheim, Germany'),
(27,'\0',NULL,NULL,'Langenlonsheim, Germany'),
(28,'\0',NULL,NULL,'Langenlonsheim, Germany'),
(29,'\0',NULL,NULL,'Langenlonsheim, Germany'),
(30,'\0',NULL,NULL,'Bremen, Germany'),
(31,'\0',NULL,NULL,'Bremen, Germany'),
(32,'\0',NULL,NULL,'Bremen, Germany'),
(33,'\0',NULL,NULL,'Bremen, Germany'),
(34,'\0',NULL,NULL,'Bremen, Germany'),
(35,'\0',NULL,NULL,'Bremen, Germany'),
(36,'','EUR ',3,NULL),
(37,'\0',NULL,NULL,'Bremen, Germany'),
(38,'\0',NULL,NULL,'Bremen, Germany'),
(39,'\0',NULL,NULL,'Bremen, Germany'),
(40,'\0',NULL,NULL,'Bremen, Germany'),
(41,'\0',NULL,NULL,'Bremen, Germany'),
(42,'\0',NULL,NULL,'Bremen, Germany'),
(43,'\0',NULL,NULL,'Bremen, Germany'),
(44,'\0',NULL,NULL,'Bremen, Germany'),
(45,'\0',NULL,NULL,'Bremen, Germany'),
(46,'\0',NULL,NULL,'Bremen, Germany'),
(47,'\0',NULL,NULL,'Bremen, Germany'),
(48,'\0',NULL,NULL,'Bremen, Germany'),
(49,'\0',NULL,NULL,'Euskirchen, Germany'),
(50,'\0',NULL,NULL,'Euskirchen, Germany'),
(51,'\0',NULL,NULL,'Euskirchen, Germany'),
(52,'\0',NULL,NULL,'Euskirchen, Germany'),
(53,'\0',NULL,NULL,'Euskirchen, Germany'),
(54,'\0',NULL,NULL,'Euskirchen, Germany'),
(55,'\0',NULL,NULL,'Euskirchen, Germany'),
(56,'\0',NULL,NULL,'Euskirchen, Germany'),
(57,'\0',NULL,NULL,'Euskirchen, Germany'),
(58,'\0',NULL,NULL,'Euskirchen, Germany'),
(59,'\0',NULL,NULL,'Euskirchen, Germany'),
(60,'\0',NULL,NULL,'Euskirchen, Germany'),
(61,'\0',NULL,NULL,'Euskirchen, Germany'),
(62,'\0',NULL,NULL,'Euskirchen, Germany'),
(63,'','US $',66.23,'Edison, New Jersey, United States'),
(64,'','US $',20.67,'Rowland Heights, California, United States'),
(65,'','GBP ',71,NULL),
(66,'','GBP ',99.41,'Tonbridge, United Kingdom'),
(67,'','GBP ',123.56,'Davidson Way, United Kingdom'),
(68,'','GBP ',104.3,'Birmingham, United Kingdom'),
(69,'\0',NULL,NULL,'Manchester, United Kingdom'),
(70,'','GBP ',44.84,'Yorkshire, United Kingdom'),
(71,'','GBP ',43.04,'Yorkshire, United Kingdom'),
(72,'','GBP ',27.11,'Knutsford, Cheshire, United Kingdom'),
(73,'\0',NULL,NULL,'Far Rockaway, New York, United States'),
(74,'\0',NULL,NULL,'Zúrich, Switzerland'),
(75,'',NULL,0,NULL),
(76,'\0',NULL,NULL,'SESENA NUEVO ,TOLEDO SPAIN, Spain'),
(77,'\0',NULL,NULL,'Hamburg, Germany'),
(78,'\0',NULL,NULL,'Hamburg, Germany'),
(79,'\0',NULL,NULL,'Schweiz, Switzerland'),
(80,'\0',NULL,NULL,'Zúrich, Switzerland'),
(81,'\0',NULL,NULL,'Zúrich, Switzerland'),
(82,'','US $',42,NULL),
(83,'\0',NULL,NULL,'Brooklyn, New York, United States'),
(84,'\0',NULL,NULL,'Far Rockaway, New York, United States'),
(85,'','GBP ',51.28,'London, United Kingdom'),
(86,'\0',NULL,NULL,'London, England,, London, United Kingdom'),
(87,'','GBP ',63.34,'Dundee, United Kingdom'),
(88,'\0',NULL,NULL,'London, England,, London, United Kingdom'),
(89,'','GBP ',54.8,'Dundee, United Kingdom'),
(90,'','GBP ',57.8,'Nottingham, United Kingdom'),
(91,'\0',NULL,NULL,'London, England,, London, United Kingdom'),
(92,'','GBP ',42.83,'Knutsford, Cheshire, United Kingdom'),
(93,'','GBP ',27.72,'Knutsford, Cheshire, United Kingdom'),
(94,'\0',NULL,NULL,'London, England,, London, United Kingdom'),
(95,'','GBP ',28.94,'Knutsford, Cheshire, United Kingdom'),
(96,'','GBP ',46.11,'Leicester, United Kingdom'),
(97,'','US $',28.4,'Elmsford, New York, United States'),
(98,'','GBP ',102.51,'Cannock, England, United Kingdom'),
(99,'','GBP ',72.25,'Cannock, England, United Kingdom'),
(100,'','GBP ',86.14,'Cannock, England, United Kingdom'),
(101,'','GBP ',56.95,'Cannock, England, United Kingdom'),
(102,'','GBP ',56.64,'Cannock, England, United Kingdom'),
(103,'','GBP ',49.91,'Wokingham, United Kingdom'),
(104,'','GBP ',78.17,'Cannock, England, United Kingdom'),
(105,'','GBP ',103.12,'Cannock, England, United Kingdom'),
(106,'','GBP ',54.36,'Cannock, England, United Kingdom'),
(107,'','GBP ',67.55,'Cannock, England, United Kingdom'),
(108,'','GBP ',69.07,'Sheffield, United Kingdom'),
(109,'','GBP ',87.05,'Burnley, United Kingdom'),
(110,'','GBP ',87.97,'Cannock, England, United Kingdom'),
(111,'','GBP ',58.63,'Burnley, United Kingdom'),
(112,'','GBP ',59.08,'Burnley, United Kingdom'),
(113,'','GBP ',69.68,'Cannock, England, United Kingdom'),
(114,'','GBP ',58.47,'Cannock, England, United Kingdom'),
(115,'','GBP ',59.69,'Cannock, England, United Kingdom'),
(116,'','GBP ',86.89,'Sheffield, United Kingdom'),
(117,'','GBP ',79.24,'Cannock, England, United Kingdom'),
(118,'','GBP ',41.61,'Cannock, United Kingdom'),
(119,'','GBP ',41.82,'Guildford, UK, United Kingdom'),
(120,'','GBP ',46.66,'Burnley, United Kingdom'),
(121,'','US $',24.62,'Milton, Florida, United States'),
(122,'','US $',55.12,'Oxnard, California, United States'),
(123,'','US $',58.89,'Oxnard, California, United States'),
(124,'','US $',69.11,'Oxnard, California, United States'),
(125,'','US $',31.37,'Milton, Florida, United States'),
(126,'','US $',31.14,'Oxnard, California, United States'),
(127,'','US $',47.22,'La Puente, California, United States'),
(128,'','US $',60.35,'Oxnard, California, United States'),
(129,'\0',NULL,NULL,NULL),
(130,'','US $',37.55,'Las Vegas, Nevada, United States'),
(131,'','US $',357.75,NULL),
(132,'','US $',120,NULL),
(133,'','US $',120,NULL),
(134,'','US $',120,NULL),
(135,'','US $',1287.05,NULL),
(136,'','US $',1341.54,NULL),
(137,'','US $',314.65,NULL),
(138,'','US $',120,NULL),
(139,'\0',NULL,NULL,'Langenlonsheim, Germany'),
(140,'',NULL,0,NULL),
(141,'',NULL,0,NULL),
(142,'','US $',21.29,'Hebron, Kentucky, United States'),
(143,'','US $',22.25,'Atlanta, Georgia, United States'),
(144,'',NULL,0,NULL),
(145,'','US $',25.07,'Greensboro, North Carolina, United States'),
(146,'','US $',20.84,'Hebron, Kentucky, United States'),
(147,'','US $',20.79,'Hebron, Kentucky, United States'),
(148,'','US $',20.82,'Hebron, Kentucky, United States'),
(149,'','US $',20.84,'Hebron, Kentucky, United States'),
(150,'','US $',21.14,'Hebron, Kentucky, United States'),
(151,'','US $',43.52,'Hebron, Kentucky, United States'),
(152,'','US $',21.14,'Hebron, Kentucky, United States'),
(153,'','US $',21.51,'Hebron, Kentucky, United States'),
(154,'','US $',21.21,'Hebron, Kentucky, United States'),
(155,'','GBP ',27.11,'London, United Kingdom'),
(156,'','GBP ',45,NULL),
(157,'','US $',21.91,'Walnut, California, United States'),
(158,'','US $',58.42,'Walnut, California, United States'),
(159,'','GBP ',41.41,'West Sussex, United Kingdom'),
(160,'','GBP ',42.28,'West Sussex, United Kingdom'),
(161,'','EUR ',89.9,NULL),
(162,'','EUR ',59.99,NULL),
(163,'','EUR ',59.99,NULL),
(164,'','EUR ',89.9,NULL),
(165,'','EUR ',59.99,NULL),
(166,'\0',NULL,NULL,'Langenlonsheim, Germany'),
(167,'\0',NULL,NULL,'Langenlonsheim, Germany'),
(168,'\0',NULL,NULL,'Redwood City, California, United States'),
(169,'\0',NULL,NULL,NULL),
(170,'','GBP ',91.6,'Hayes, Middlesex, United Kingdom'),
(171,'','GBP ',86.89,'Scunthorpe, United Kingdom'),
(172,'','GBP ',66.02,'London, United Kingdom'),
(173,'','GBP ',28.02,'Guildford, UK, United Kingdom'),
(174,'','GBP ',27.41,'Guildford, UK, United Kingdom'),
(175,'','GBP ',81.86,'Knutsford, Cheshire, United Kingdom'),
(176,'','GBP ',27.17,'Knutsford, Cheshire, United Kingdom'),
(177,'','GBP ',42.13,'Knutsford, Cheshire, United Kingdom'),
(178,'','GBP ',26.99,'Knutsford, Cheshire, United Kingdom'),
(179,'','GBP ',42.31,'Guildford, UK, United Kingdom'),
(180,'','GBP ',47.24,'Knutsford, Cheshire, United Kingdom'),
(181,'','GBP ',28.48,'Knutsford, Cheshire, United Kingdom'),
(182,'','GBP ',26.99,'Knutsford, Cheshire, United Kingdom'),
(183,'','GBP ',42.28,'Knutsford, Cheshire, United Kingdom'),
(184,'','GBP ',43.35,'Knutsford, Cheshire, United Kingdom'),
(185,'\0',NULL,NULL,'Bourne, United Kingdom'),
(186,'',NULL,0,NULL),
(187,'','US $',25.63,'Atlanta, Georgia, United States'),
(188,'\0',NULL,NULL,'Euskirchen, Germany'),
(189,'','US $',36.15,'Atlanta, Georgia, United States'),
(190,'','US $',27.59,'Orangeburg, New York, United States'),
(191,'','US $',24.57,'Redwood City, California, United States'),
(192,'','US $',37.14,'Brooklyn, New York, United States'),
(193,'','US $',58.21,'Brooklyn, New York, United States'),
(194,'','GBP ',41.82,'Guildford, UK, United Kingdom'),
(195,'','GBP ',42.13,'Guildford, UK, United Kingdom'),
(196,'','EUR ',4.45,NULL),
(197,'','EUR ',4.9,NULL),
(198,'','EUR ',36,NULL),
(199,'','US $',24.71,'La Puente, California, United States'),
(200,'','US $',39.99,NULL);
/*!40000 ALTER TABLE `shipment` ENABLE KEYS */;
UNLOCK TABLES;
/*!40103 SET TIME_ZONE=@OLD_TIME_ZONE */;

/*!40101 SET SQL_MODE=@OLD_SQL_MODE */;
/*!40014 SET FOREIGN_KEY_CHECKS=@OLD_FOREIGN_KEY_CHECKS */;
/*!40014 SET UNIQUE_CHECKS=@OLD_UNIQUE_CHECKS */;
/*!40101 SET CHARACTER_SET_CLIENT=@OLD_CHARACTER_SET_CLIENT */;
/*!40101 SET CHARACTER_SET_RESULTS=@OLD_CHARACTER_SET_RESULTS */;
/*!40101 SET COLLATION_CONNECTION=@OLD_COLLATION_CONNECTION */;
/*!40111 SET SQL_NOTES=@OLD_SQL_NOTES */;

-- Dump completed on 2023-07-19 17:06:21
