-- MariaDB dump 10.19-11.0.0-MariaDB, for Win64 (AMD64)
--
-- Host: localhost    Database: seleksi_basdat
-- ------------------------------------------------------
-- Server version	10.10.3-MariaDB

/*!40101 SET @OLD_CHARACTER_SET_CLIENT=@@CHARACTER_SET_CLIENT */;
/*!40101 SET @OLD_CHARACTER_SET_RESULTS=@@CHARACTER_SET_RESULTS */;
/*!40101 SET @OLD_COLLATION_CONNECTION=@@COLLATION_CONNECTION */;
/*!40101 SET NAMES utf8mb4 */;
/*!40103 SET @OLD_TIME_ZONE=@@TIME_ZONE */;
/*!40103 SET TIME_ZONE='+00:00' */;
/*!40014 SET @OLD_UNIQUE_CHECKS=@@UNIQUE_CHECKS, UNIQUE_CHECKS=0 */;
/*!40014 SET @OLD_FOREIGN_KEY_CHECKS=@@FOREIGN_KEY_CHECKS, FOREIGN_KEY_CHECKS=0 */;
/*!40101 SET @OLD_SQL_MODE=@@SQL_MODE, SQL_MODE='NO_AUTO_VALUE_ON_ZERO' */;
/*!40111 SET @OLD_SQL_NOTES=@@SQL_NOTES, SQL_NOTES=0 */;

--
-- Current Database: `seleksi_basdat`
--

CREATE DATABASE /*!32312 IF NOT EXISTS*/ `seleksi_basdat` /*!40100 DEFAULT CHARACTER SET utf8mb4 COLLATE utf8mb4_unicode_ci */;

USE `seleksi_basdat`;

--
-- Table structure for table `price`
--

DROP TABLE IF EXISTS `price`;
/*!40101 SET @saved_cs_client     = @@character_set_client */;
/*!40101 SET character_set_client = utf8 */;
CREATE TABLE `price` (
  `id` int(11) NOT NULL,
  `price_original_currency` varchar(10) NOT NULL,
  `price_original_value` float NOT NULL,
  `price_idr` float NOT NULL,
  PRIMARY KEY (`id`),
  CONSTRAINT `price_ibfk_1` FOREIGN KEY (`id`) REFERENCES `product` (`id`)
) ENGINE=InnoDB DEFAULT CHARSET=utf8mb4 COLLATE=utf8mb4_unicode_ci;
/*!40101 SET character_set_client = @saved_cs_client */;

--
-- Dumping data for table `price`
--

LOCK TABLES `price` WRITE;
/*!40000 ALTER TABLE `price` DISABLE KEYS */;
INSERT INTO `price` (`id`, `price_original_currency`, `price_original_value`, `price_idr`) VALUES (1,'US $',669.99,9999850),
(2,'EUR ',239.99,4027000),
(3,'EUR ',199.99,3355800),
(4,'US $',2499.99,37313300),
(5,'US $',1399.99,20895400),
(6,'US $',172.31,2571790),
(7,'US $',238.19,3555070),
(8,'US $',699.99,10447600),
(9,'US $',349.99,5223730),
(10,'US $',319.99,4775970),
(11,'US $',299.99,4477460),
(12,'US $',151.14,2255820),
(13,'US $',309.99,4626720),
(14,'US $',274.99,4104330),
(15,'GBP ',189,3700590),
(16,'GBP ',79.34,1553470),
(17,'GBP ',499,9770350),
(18,'GBP ',349.99,6852750),
(19,'GBP ',219,4287990),
(20,'US $',381.99,5701340),
(21,'US $',268.99,4014780),
(22,'US $',649.99,9701340),
(23,'US $',999,14910400),
(24,'US $',651.99,9731190),
(25,'EUR ',60.14,1009140),
(26,'EUR ',122.3,2052180),
(27,'EUR ',319.9,5367870),
(28,'EUR ',118.66,1991100),
(29,'EUR ',118.66,1991100),
(30,'EUR ',74.75,1254290),
(31,'EUR ',48.9,820535),
(32,'EUR ',82.9,1391050),
(33,'EUR ',21.9,367479),
(34,'EUR ',84.9,1424610),
(35,'EUR ',79.9,1340710),
(36,'EUR ',72.9,1223250),
(37,'EUR ',9.33,156556),
(38,'EUR ',64.9,1089010),
(39,'EUR ',56.9,954774),
(40,'EUR ',26.9,451378),
(41,'EUR ',49.9,837315),
(42,'EUR ',26.9,451378),
(43,'EUR ',11.9,199680),
(44,'EUR ',91.9,1542070),
(45,'EUR ',33.9,568837),
(46,'EUR ',42.9,719856),
(47,'EUR ',108.9,1827330),
(48,'EUR ',32.9,552057),
(49,'EUR ',14.06,235925),
(50,'EUR ',24.9,417818),
(51,'EUR ',14.5,243308),
(52,'EUR ',14.5,243308),
(53,'EUR ',23.36,391977),
(54,'EUR ',27.9,468158),
(55,'EUR ',27.9,468158),
(56,'EUR ',23.2,389293),
(57,'EUR ',27.9,468158),
(58,'EUR ',17.5,293647),
(59,'EUR ',12.9,216460),
(60,'EUR ',27.9,468158),
(61,'EUR ',23.2,389293),
(62,'EUR ',23.28,390635),
(63,'US $',168,2507460),
(64,'US $',4.49,67014.9),
(65,'US $',39.99,596866),
(66,'GBP ',169,3308990),
(67,'GBP ',199,3896390),
(68,'GBP ',179,3504790),
(69,'GBP ',172,3367730),
(70,'GBP ',156,3054460),
(71,'GBP ',148.98,2917010),
(72,'GBP ',89.99,1761990),
(73,'US $',299,4462690),
(74,'EUR ',385,6460240),
(75,'EUR ',199.99,3355800),
(76,'EUR ',139.99,2349010),
(77,'EUR ',161.49,2709780),
(78,'EUR ',101.33,1700300),
(79,'EUR ',225,3775470),
(80,'EUR ',335,5621250),
(81,'EUR ',335,5621250),
(82,'US $',2399.52,35813700),
(83,'US $',159,2373130),
(84,'US $',470,7014930),
(85,'US $',228.99,3417760),
(86,'US $',124.99,1865520),
(87,'GBP ',359.99,7048550),
(88,'GBP ',539,10553500),
(89,'GBP ',124.99,2447290),
(90,'GBP ',609.99,11943500),
(91,'GBP ',124.99,2447290),
(92,'GBP ',329.99,6461160),
(93,'GBP ',188.99,3700400),
(94,'GBP ',79.99,1566190),
(95,'GBP ',82.95,1624150),
(96,'GBP ',59.95,1173810),
(97,'US $',59.99,895373),
(98,'US $',32.99,492388),
(99,'GBP ',419.99,8223340),
(100,'GBP ',179.99,3524180),
(101,'GBP ',239.99,4698970),
(102,'GBP ',159.99,3132580),
(103,'GBP ',149.99,2936780),
(104,'GBP ',69.96,1369810),
(105,'GBP ',144.99,2838880),
(106,'GBP ',439.99,8614940),
(107,'GBP ',74.99,1468290),
(108,'GBP ',239.99,4698970),
(109,'GBP ',289.99,5677960),
(110,'GBP ',44.85,878156),
(111,'GBP ',269.99,5286360),
(112,'GBP ',299.99,5873760),
(113,'GBP ',214.99,4209470),
(114,'GBP ',229.99,4503170),
(115,'GBP ',309.99,6069560),
(116,'GBP ',319.99,6265360),
(117,'GBP ',209.99,4111570),
(118,'GBP ',249.99,4894770),
(119,'GBP ',249.99,4894770),
(120,'GBP ',179.99,3524180),
(121,'US $',29.98,447463),
(122,'US $',400.99,5984930),
(123,'US $',65,970149),
(124,'US $',109.88,1640000),
(125,'US $',39.98,596716),
(126,'US $',29.99,447612),
(127,'US $',49.99,746119),
(128,'US $',129.99,1940150),
(129,'US $',360,5373130),
(130,'US $',314.99,4701340),
(131,'US $',1209.04,18045400),
(132,'US $',249.99,3731190),
(133,'US $',279.99,4178960),
(134,'US $',49.95,745522),
(135,'US $',299.99,4477460),
(136,'US $',39.95,596269),
(137,'US $',189.95,2835070),
(138,'US $',3001.99,44805800),
(139,'US $',4173.99,62298400),
(140,'US $',1577.66,23547200),
(141,'US $',269.99,4029700),
(142,'EUR ',43.05,722373),
(143,'US $',180.99,2701340),
(144,'US $',70,1044780),
(145,'US $',39.99,596866),
(146,'US $',74.99,1119250),
(147,'US $',105.99,1581940),
(148,'US $',199.99,2984930),
(149,'US $',11.99,178955),
(150,'US $',9.99,149104),
(151,'US $',18.99,283433),
(152,'US $',12,179104),
(153,'US $',25.49,380448),
(154,'US $',10.8,161194),
(155,'US $',28.99,432687),
(156,'US $',114.98,1716120),
(157,'US $',28.4,423881),
(158,'US $',219.99,3283430),
(159,'US $',136.99,2044630),
(160,'US $',99.95,1491790),
(161,'US $',138.99,2074480),
(162,'US $',85.99,1283430),
(163,'US $',105.99,1581940),
(164,'US $',166.99,2492390),
(165,'US $',209,3119400),
(166,'US $',59.79,892388),
(167,'US $',43.88,654925),
(168,'US $',139,2074630),
(169,'GBP ',36.5,714665),
(170,'GBP ',64.95,1271710),
(171,'EUR ',174.5,2928080),
(172,'EUR ',159,2668000),
(173,'EUR ',220,3691570),
(174,'EUR ',151,2533760),
(175,'EUR ',221,3708350),
(176,'EUR ',61.99,1040180),
(177,'EUR ',132.99,2231550),
(178,'US $',59.99,895373),
(179,'US $',360,5373130),
(180,'US $',54.98,820597),
(181,'US $',79.99,1193880),
(182,'US $',99.99,1492390),
(183,'US $',39.99,596866),
(184,'US $',99.99,1492390),
(185,'US $',59.99,895373),
(186,'US $',29.95,447015),
(187,'US $',59.99,895373),
(188,'GBP ',419,8203960),
(189,'GBP ',249.99,4894770),
(190,'GBP ',229.95,4502390),
(191,'GBP ',189.99,3719980),
(192,'GBP ',69.95,1369610),
(193,'GBP ',49.95,978014),
(194,'GBP ',84.95,1663310),
(195,'GBP ',41.95,821375),
(196,'GBP ',59.95,1173810),
(197,'GBP ',35.95,703896),
(198,'GBP ',65.95,1291290),
(199,'GBP ',81.95,1604570),
(200,'US $',74.99,1119250),
(201,'EUR ',12.5,209748),
(202,'US $',159.99,2387910),
(203,'US $',26.99,402836),
(204,'US $',27.99,417761),
(205,'US $',129.99,1940150),
(206,'US $',213.98,3193730),
(207,'US $',203.97,3044330),
(208,'US $',34.99,522239),
(209,'US $',38.99,581940),
(210,'US $',69.99,1044630),
(211,'US $',37.99,567015),
(212,'US $',47.99,716269),
(213,'US $',78.99,1178960),
(214,'US $',45.99,686418),
(215,'GBP ',49.95,978014),
(216,'GBP ',59.95,1173810),
(217,'EUR ',36.85,618338),
(218,'EUR ',29.99,503228),
(219,'EUR ',749,12568100),
(220,'US $',33.99,507313),
(221,'US $',43.42,648060);
/*!40000 ALTER TABLE `price` ENABLE KEYS */;
UNLOCK TABLES;

--
-- Table structure for table `product`
--

DROP TABLE IF EXISTS `product`;
/*!40101 SET @saved_cs_client     = @@character_set_client */;
/*!40101 SET character_set_client = utf8 */;
CREATE TABLE `product` (
  `id` int(11) NOT NULL AUTO_INCREMENT,
  `listing_id` bigint(20) NOT NULL,
  `title` varchar(255) NOT NULL,
  `type` varchar(50) NOT NULL,
  `available` varchar(50) DEFAULT NULL,
  `sold` int(11) DEFAULT NULL,
  `return` varchar(50) DEFAULT NULL,
  `seller` varchar(100) NOT NULL,
  `condition` varchar(50) NOT NULL,
  PRIMARY KEY (`id`)
) ENGINE=InnoDB AUTO_INCREMENT=222 DEFAULT CHARSET=utf8mb4 COLLATE=utf8mb4_unicode_ci;
/*!40101 SET character_set_client = @saved_cs_client */;

--
-- Dumping data for table `product`
--

LOCK TABLES `product` WRITE;
/*!40000 ALTER TABLE `product` DISABLE KEYS */;
INSERT INTO `product` (`id`, `listing_id`, `title`, `type`, `available`, `sold`, `return`, `seller`, `condition`) VALUES (1,354907151520,'Microsoft 13\" Surface Pro 8 (i5, 8GB RAM, 256GB SSD, Graphite) with Surface Pen','Laptops & Netbooks','Limited quantity ',1,'30 days ','Always Deals Store','New'),
(2,333563280818,'CHUWI Laptop HeroBook GemiBook CoreBook Pro/Plus/X Intel Core Laptop Windows','Laptops & Netbooks','Limited quantity ',32,'30 days ','CHUWI Official Store（chuwi2018）','New'),
(3,333996205343,'CHUWI HeroBook Pro 14.1\" Windows 10 Laptop Intel N4020 Laptop 8+256GB','Laptops & Netbooks','Limited quantity ',14,'30 days ','CHUWI Official Store（chuwi2018）','New'),
(4,295671743764,'HP Omen 17.3\" Gaming Notebook QHD 165Hz i9-13900HX 32GB RAM 1TB SSD RTX 4090','Laptops & Netbooks','Limited quantity ',92,'30 days ','Antonline','New'),
(5,285185433173,'Lenovo ThinkPad P1 Gen 5 15.6\" 2022 2K 2.3GHz i7-12700H 32GB 1TB SSD - RTX A2000','Laptops & Netbooks','Limited quantity ',5,'30 days ','ItsWorthMore','Excellent - Refurbished'),
(6,254654754368,'HP 250 G4 Laptop Computer 15.6\" Core i3 16GB Ram 500GB DVD WiFi Windows 10 PC','Laptops & Netbooks','6 ',424,'30 days ','Discount Computer Depot','Good - Refurbished'),
(7,283560024468,'Dell Latitude Laptop Computer 14\" Windows 10 PC Core i5 16GB Ram 240GB SSD HDMI','Laptops & Netbooks','4 ',968,'30 days ','Discount Computer Depot','Very Good - Refurbished'),
(8,125970744067,'Lenovo ThinkPad X1 Nano Gen 1 13\" Laptop 2K i5-1140G7 16GB RAM 512GB SSD','Laptops & Netbooks','Limited quantity ',4,'30 days ','Antonline','New'),
(9,334384327563,'Dell Latitude Laptop Core i5 Light Gaming Business 16GB RAM 512GB SSD Win11 Pro','Laptops & Netbooks','More than 10 ',606,'30 days ','AAA PCs Store','Very Good - Refurbished'),
(10,284812316529,'Dell Latitude 14\" Touchscreen Laptop Core i5 8GB Ram 256GB SSD Windows 11','Laptops & Netbooks','Last One',216,'30 days ','Discount Computer Depot','Very Good - Refurbished'),
(11,265781146667,'Dell Laptop Computer Latitude 14\" Core i5 16GB Ram 512GB SSD Windows 11 Pro','Laptops & Netbooks','3 ',291,'30 days ','Discount Computer Depot','Very Good - Refurbished'),
(12,255061480279,'Dell Latitude 3350 13.3\" Laptop Computer Core i5 8GB Ram 128GB SSD Windows 10','Laptops & Netbooks','More than 10 ',335,'30 days ','Discount Computer Depot','Very Good - Refurbished'),
(13,225143770371,'Thinkpad T470 i7-7600U 14\" FHD 16GB 512gb ssd Win pro 10 Pro Laptop Notebook','Laptops & Netbooks','More than 10 ',494,'Seller does not accept ','kl0','Very Good - Refurbished'),
(14,225285020534,'Dell laptop Latitude 7480 14\" i7 2.80GHz 16GB NEW 500GB SSD Win 11 Pro WIFI Cam','Laptops & Netbooks','8 ',349,'Seller does not accept ','kl0','Very Good - Refurbished'),
(15,185644571020,'Microsoft Surface Laptop 13\" 7th Gen i5 2.6Ghz 8GB 128GB B/C Grade 12M Warranty','Laptops & Netbooks','Limited quantity ',45,'30 days ','USMAC Computers','Good - Refurbished'),
(16,185459965940,'HP CHROMEBOOK 11\" N3450 1.1 G6 EE 4GB RAM 32GB SSD CHROME OS WEBCAM Black A Grad','Laptops & Netbooks','2 ',49,'30 days ','USMAC Computers','Very Good - Refurbished'),
(17,182434051125,'Apple MacBook Pro 13\" 2015 Retina Core i7 3.1ghz 16GB 512GB SSD B Grade','Laptops & Netbooks','Last One',456,'30 days ','USMAC Computers','Good - Refurbished'),
(18,185854363732,'Apple MacBook Pro 13\" Core i5 2.3Ghz 8GB RAM 256GB SSD 2017 B Grade Latest MacOS','Laptops & Netbooks','Limited quantity ',36,'30 days ','USMAC Computers','Good - Refurbished'),
(19,184872918085,'Apple MacBook Air 13\" Core i5 1.8Ghz 8GB 128GB 2017 B/C Grade ONE Year Waranty','Laptops & Netbooks','Last One',203,'30 days ','USMAC Computers','Good - Refurbished'),
(20,295725405515,'Havis Docking Station Dell Latitude Rugged 7220 & 7212 Tablets Port Replication','Laptops & Netbooks','Limited quantity ',21,'30 days ','Swing Computers','New'),
(21,133276314159,'New Samsung Galaxy Book Go 5G 14” 128GB 8GB RAM Silver AT&T GSM Unlocked Laptop','Laptops & Netbooks','Limited quantity ',256,'30 days ','DailyExpressDeals','Open box'),
(22,275802926783,'Dell Precision 3570 15.6\" 2022 FHD 2.2GHz i7-1270P 16GB 512GB SSD - Excellent','Laptops & Netbooks','Limited quantity ',8,'30 days ','ItsWorthMore','Excellent - Refurbished'),
(23,225627250008,'2021 Alienware m15 R6 i7-11800H 16GB RAM 512GB SSD 15.6\" QHD 240Hz RTX 3060 DARK','Laptops & Netbooks',NULL,NULL,'30 days ','NEW-TECHIES','Good - Refurbished'),
(24,295788260572,'Lenovo Thinkpad X13 2nd Gen G 2 i7-1185G7 512GB 16GB Warranty 2024-10-14 NEW','Laptops & Netbooks','Limited quantity ',NULL,'30 days ','Swing Computers','Excellent - Refurbished'),
(25,144833361265,'ESSLNB 180X Telescope Astronomy Refractor 3X Barlow Lens with Tripod 70mm','Cameras & Photo','More than 10 ',87,'14 days ','Dr. Optics','New'),
(26,144833516189,'ESSLNB 133X Telescope Astronomy Telescope Refractor w/Tripod Phone Adapter','Cameras & Photo','6 ',24,'14 days ','Dr. Optics','New'),
(27,404139470075,'SmallRig VB99 Mini V Mount Battery 3580 (99Wh) for Sony Canon Camera 3580','Cameras & Photo','Last One',8,'1 month ','SmallRig Offizieller EU-Shop','New'),
(28,144833476154,'ESSLNB 525X Telescope Astronomy Refractor 3X Barlow Lens with Tripod','Cameras & Photo','6 ',19,'14 days ','Dr. Optics','New'),
(29,354420942240,'700mm Refractor Telescope Astronomy 525X Beginner Adult with Cell Phone Adapter','Cameras & Photo','9 ',42,'14 days ','aome25','New'),
(30,145048765308,'350X Telescope Astronomy Refractor with Tripod 3X Barlow Lens 10X Phone Adapter','Cameras & Photo','More than 10 ',8,'14 days ','Dr. Optics','New'),
(31,404022747395,'SmallRig OSMO Action 3 Camera Cage Protective Cage Compatible for DJI Mic/|DJI Osmo ','Cameras & Photo','8 ',36,'1 month ','SmallRig Offizieller EU-Shop','New'),
(32,404106256684,'SmallRig Universal Photography Tripod Cart with Adjustable Containers ','Cameras & Photo','More than 10 ',3,'1 month ','SmallRig Offizieller EU-Shop','New'),
(33,404054499162,'SmallRig 10\"\" Magic Arm w/ Super Clamp Crab Pliers Clip for Monitor LED Light','Cameras & Photo','More than 10 ',87,'1 month ','SmallRig Offizieller EU-Shop','New'),
(34,404048768666,'SmallRig Sony A7 IV Folding L-Bracket for Sony A7R V / A7 IV / A7S III for Arca','Cameras & Photo','6 ',23,'1 month ','SmallRig Offizieller EU-Shop','New'),
(35,404240859242,'SmallRig 71\" Camera Tripod Monopod w/ 36mm 360° Ball Head Payload 15kg 33lb ','Cameras & Photo','More than 10 ',5,'1 month ','SmallRig Offizieller EU-Shop','New'),
(36,403973058483,'SmallRig X-T5 Arca-Swiss Quick Release L Bracket for FUJIFILM X-T5 Camera 4137','Cameras & Photo','More than 10 ',18,'1 month ','SmallRig Offizieller EU-Shop','New'),
(37,394198673786,'IMOU 64GB Micro SD Specific-Class 10 A1 TF Flash Micro Memory Card SDXC','Cameras & Photo','More than 10 ',81,'30 days ','imou-deutschland','New'),
(38,404042153421,'Smallrig Camera Suction Cup Mount for GoPro, Car Window Camera Holder Sc-2k 3566','Cameras & Photo','Last One',8,'1 month ','SmallRig Offizieller EU-Shop','New'),
(39,404147087321,'SmallRig NP-W235 Camera Battery and Charger Kit for Fujifilm X-T5/X-T4/X-H2S ','Cameras & Photo','7 ',12,'1 month ','SmallRig Offizieller EU-Shop','New'),
(40,404284479665,'SmallRig P96 LED Video Light 96 LED Beads w/ 2200mAh Long Battery Life-3286B','Cameras & Photo','More than 10 ',7,'1 month ','SmallRig Offizieller EU-Shop','New'),
(41,403973058433,'SmallRig FUJIFILM X-T5 Camera L-Shape Grip (Arca-Swiss) for FUJIFILM X-T5 4136','Cameras & Photo','More than 10 ',40,'1 month ','SmallRig Offizieller EU-Shop','New'),
(42,404088282469,'SmallRig LED Video Light P96 Permanent Light LED Video Light 2200mAh for Camera','Cameras & Photo','More than 10 ',23,'1 month ','SmallRig Offizieller EU-Shop','New'),
(43,404291395058,'SmallRig Silicone Gear for Follow Focus Compatible with Standard M0.8-43T Gear','Cameras & Photo','9 ',1,'1 month ','SmallRig Offizieller EU-Shop','New'),
(44,404103194673,'SmallRig 78\" Tripod Camera Sticker with 36mm 360 Panorama Ball Head 15kg Load Force','Cameras & Photo','More than 10 ',14,'1 month ','SmallRig Offizieller EU-Shop','New'),
(45,404036195673,'Smallrig Vibe P108 RGB Video Light Video Light 2500mAh Vlog Fill Light for Vlog','Cameras & Photo','6 ',14,'1 month ','SmallRig Offizieller EU-Shop','New'),
(46,404089826772,'SmallRig P96L RGB Video Light Rechargeable Portable LED Video Light for TikTok','Cameras & Photo','3 ',6,'1 month ','SmallRig Offizieller EU-Shop','New'),
(47,403962395209,'SmallRig Sony FX30|FX3 Camera Cage with Cold Shoe for Camera','Cameras & Photo','More than 10 ',15,'1 month ','SmallRig Offizieller EU-Shop','New'),
(48,404214273974,'SmallRig NATO Top Handle Handle with NATO Quick Release for Camera Cage Only 124g','Cameras & Photo','7 ',13,'1 month ','SmallRig Offizieller EU-Shop','New'),
(49,314549818098,'TV Wall Mount Wall Holder LCD LED PLASMA TV 32-65\" Flat Tilt DE','TV, Video & Home Audio','More than 10 ',168,'30 days ','houseamaze','New'),
(50,304947906037,'TV STAND FOOT TV STAND UNIVERSAL HEIGHT ADJUSTABLE FOR 37-55\"\" LCD ','TV, Video & Home Audio','More than 10 ',11,'30 days ','prettyalfalfa','New'),
(51,204160038683,'TV Wall Mount Wall Holder LCD LED TV 32-65/70\" Tilt Black DE','TV, Video & Home Audio','More than 10 ',74,'30 days ','delightmark','New'),
(52,165591936990,'TV Wall Mount Wall Holder LCD LED TV 32-65/70\" Tilt Black NEW','TV, Video & Home Audio','More than 10 ',73,'30 days ','gouchenshou','New'),
(53,314579185924,'TV Stand TV Stand Universal Height Adjustable for 37-55\" LCD LED NEW','TV, Video & Home Audio','More than 10 ',22,'30 days ','houseamaze','New'),
(54,374467222814,'TV TV Wall Mount Wall Mount LCD LED Tilt Swivel 32-70\" ','TV, Video & Home Audio','5 ',11,'30 days ','FOCUSPET','New'),
(55,165543715390,'32-70\" LCD LED TV TV TV Wall Mount Swivel Tilt 2022','TV, Video & Home Audio','More than 10 ',133,'30 days ','PERLESMITH','New'),
(56,385617090643,'TV Stand Mount Table Stand TV Stand Height Adjustable 37-55\" NEW','TV, Video & Home Audio','More than 10 ',2,'30 days ','Rentliv','New'),
(57,385649927286,'TV Wall Mount Wall Holder LCD Plasma Tilt Swivel LED LCD 32-70\"','TV, Video & Home Audio','10 ',1,'30 days ','wsionnic','New'),
(58,385645527641,'65\" TV Wall Mount Wall Holder LCD LED TV 32-65\" Flat Tilt VESA','TV, Video & Home Audio','More than 10 ',24,'30 days ','Rentliv','New'),
(59,404233442103,'DVB-T2 Antenna FULL HD TV Terrestrial Active DAB Room Antenna 30dbi + 5M Cable','TV, Video & Home Audio','More than 10 ',16,'30 days ','kitchensealerbags','New'),
(60,354527022050,'TV Wall Mount Wall Holder LCD LED TV 32-70\" Swivel Tilt ','TV, Video & Home Audio','More than 10 ',64,'30 days ','watermelnde','New'),
(61,166100283260,'TV Stand TV Stand Universal Height Adjustable for 37-55\" LCD LED Black','TV, Video & Home Audio','More than 10 ',3,'30 days ','PERLESMITH','New'),
(62,404333549199,'TV Wall Mount Wall Holder LCD LED TV 32-70\" Swivel Tilt DE','TV, Video & Home Audio','More than 10 ',4,'30 days ','kitchensealerbags','New'),
(63,312511148100,'Sony STRDH190 2-Ch Stereo Receiver with Phono Inputs and Bluetooth','TV, Video & Home Audio','Limited quantity ',45,'30 days ','BuyDig','New'),
(64,183986526985,'HDMI 1.4 CABLE Cord 6FT 10FT 15FT 25FT 30FT 50FT 75FT 100FT HIGH SPEED Blue Lot','TV, Video & Home Audio','More than 10 ',11212,'30 days ','sjbcables','New'),
(65,174496916448,'Carbon Fiber HD-TV Long Range Digital Television Antenna + Amplifier ','TV, Video & Home Audio','Limited quantity ',587,'30 days ','IG_Deals','New'),
(66,291487951165,'Sony Blu-ray Player Multi Region All Zone Code Free BDPS3500B BDP-S3500B','TV, Video & Home Audio','Limited quantity ',113,'30 days ','tps1996','New'),
(67,195304573475,'Tangent PreAmp II New Generation Pre-amplifier With Bluetooth & Remote Control','TV, Video & Home Audio','Limited quantity ',2,'30 days ','red_apple_av','New'),
(68,403523596287,'Centre Speaker Q Acoustics 3090ci Home Cinema Loudspeakers Hi-Fi English Walnut','TV, Video & Home Audio','Limited quantity ',3,'30 days ','Digitalis Audio','New'),
(69,233724282817,'Audio Pro C3 Wireless Multi Room Speaker - Active','TV, Video & Home Audio','Limited quantity ',8,'30 days ','HiFi-Madness','New'),
(70,125522449822,'JVC LT-39CA120 Android TV 39\" Smart HD Ready HDR LED TV with Google Assistant','TV, Video & Home Audio','Limited quantity ',99,'Seller does not accept ','mi and more','Open box'),
(71,394314363893,'Formuler  Z11 PRO MAX Mytvonline 3 Android 11 4GB DDR4 RAM  32GB eMMC Z8 2023','TV, Video & Home Audio','Limited quantity ',159,'30 days ','Tech-Tech Shop','New'),
(72,393178266600,'MAG 520 Mag Box 520 Infomir Latest Model NEW MAGBOX UHD 4K 254 Genuine 322','TV, Video & Home Audio','Limited quantity ',290,'30 days ','Tech-Tech Shop','New'),
(73,383791923777,'2021 Apple iPad 9th Gen 64/256GB WiFi 10.2\"','iPads, Tablets & eReaders','More than 10 ',5238,'30 days ','Deals From the Rock','New'),
(74,354829559045,'Xiaomi Pad 5 11-Inch Tablet 6+256GB 2.5K LCD Display 120Hz Snapdragon 860 WIFI','iPads, Tablets & eReaders','9 ',5,'14 days ','Xiaomi-DE-Store','New'),
(75,333767454976,'CHUWI 10.1\" Hi10 X Tablet/Laptop 2 in 1 Stylus Windows 11 PC Intel N4120 8+128GB','iPads, Tablets & eReaders','Limited quantity ',91,'30 days ','CHUWI Official Store（chuwi2018）','New'),
(76,334294471115,'CHUWI Hipad X 10.1in T618 Tablet Android 11 6+128G GPS 4G LTE Dual SIM Octa Core','iPads, Tablets & eReaders','Limited quantity ',6,'30 days ','CHUWI Official Store（chuwi2018）','New'),
(77,234857001013,'Cubot TAB 30 Tablet 10.1\" 6580mAh 4+128GB Octa Core 4G SIM Card WiFi Android 11','iPads, Tablets & eReaders','5 ',8,'1 month ','cubot_de','New'),
(78,404296373754,'Cubot TAB 20 10.1\" Tablet 4GB+64GB Android 13 Pad Octa-Core 6000mAh 4G Dual SIM','iPads, Tablets & eReaders','More than 10 ',9,'1 month ','buyitshop8','New'),
(79,235033401617,'Xiaomi Redmi Pad Tablet 4+128GB 10.61\"\" 90Hz 8000mAh WiFi MTK Helio G99 Global','iPads, Tablets & eReaders','More than 10 ',NULL,'14 days ','Tech Store ES','New'),
(80,354845734238,'Xiaomi Pad 5 11-Inch Tablet 6GB 128GB/256GB 2.5K 120Hz Snapdragon 860 WIFI','iPads, Tablets & eReaders','8 ',4,'14 days ','Xiaomi-DE-Store','New'),
(81,354826136276,'Xiaomi Pad 5 11-Inch Tablet 6GB+128GB 2.5K LCD 120Hz 8720mAh Snapdragon 860','iPads, Tablets & eReaders','10 ',NULL,'14 days ','Xiaomi-DE-Store','New'),
(82,225222332867,'Apple iPad Pro 12.9(2022) 12.9\" WiFi  1TB 16GB RAM Apple M2 Tablet By FedEx','iPads, Tablets & eReaders','4 ',3,'30 days ','bq_shop estore','New'),
(83,363061681562,'Apple iPad 6 (6th Gen) - (2018 Model) - 32GB - 128GB - Wi-Fi - Cellular - Good','iPads, Tablets & eReaders','More than 10 ',3120,'30 days ','LTDeals','Good - Refurbished'),
(84,385274330646,'2022 Apple iPad 10th Gen 64/256GB WiFi 10.9\" latest model','iPads, Tablets & eReaders','More than 10 ',311,'30 days ','Deals From the Rock','New'),
(85,256065639777,'Apple iPad Air 3rd Gen 64GB, Wi-Fi + 4G (Unlocked), 10.5in - Space Gray - Good','iPads, Tablets & eReaders','Limited quantity ',19,'30 days ','Big Deals','Good - Refurbished'),
(86,374752568540,'Apple iPad Air 2 64GB, Wi-Fi, 9.7in - Space Gray - Good','iPads, Tablets & eReaders','Limited quantity ',4,'30 days ','Big Deals','Good - Refurbished'),
(87,225050530254,'Apple iPad Air (3rd Generation) 256GB Wi-Fi 10.5in - Gold BRAND NEW','iPads, Tablets & eReaders','Limited quantity ',53,'30 days ','PhoneUsLtd','New'),
(88,295703808705,'Apple iPad Pro 12.9Inch 3rd Gen 64GB 256GB 512GB 1TB WiFi Cellular Very Good','iPads, Tablets & eReaders','Limited quantity ',20,'30 days ','ALCHEMY TELCO SOLUTIONS','Very Good - Refurbished'),
(89,284983378005,'Apple iPad Air 2 64GB Wi-Fi + 4G Cellular 9.7\" Silver  Colours A++ Pristine','iPads, Tablets & eReaders','Limited quantity ',1077,'30 days ','Travco Tel','Open box'),
(90,165545146657,'Apple iPad Pro 3rd Gen 11\" 2021 M1 128GB Space Grey WiFi & Cellular 5G Unlocked','iPads, Tablets & eReaders','Limited quantity ',54,'30 days ','KassTech Ltd','Excellent - Refurbished'),
(91,285356897787,'Apple iPad Air 2 64GB, Wi-Fi + Cellular (Unlocked), 9.7in - Silver A++Pristine','iPads, Tablets & eReaders','Limited quantity ',23,'30 days ','Travco Tel','Open box'),
(92,165514216561,'Apple iPad 9th Gen 10.2\" 2021 - 64GB Wi-Fi & Cellular 5G - Unlocked - Silver','iPads, Tablets & eReaders','Limited quantity ',43,'30 days ','KassTech Ltd','Excellent - Refurbished'),
(93,115756756407,'Lenovo Tab M10 Plus (3rd Gen) Tablet 10.61\" 2K 4GB RAM 128GB Storage Android 12','iPads, Tablets & eReaders','Limited quantity ',4,'30 days ','TEKshop','New'),
(94,285177358156,'SAMSUNG GALAXY TAB A6 2016 SM-T580 BLACK 10.1 Wifi Only Warranty + CHRGER Lead','iPads, Tablets & eReaders','Limited quantity ',21,'30 days ','Travco Tel','Open box'),
(95,185796692315,'KINDLE PAPERWHITE 10TH GEN EREADER | 8GB WIFI 6\" DISPLAY WITH ADS - 2018 RELEASE','iPads, Tablets & eReaders','Limited quantity ',140,'60 days ','Total Digital Stores','Very Good - Refurbished'),
(96,403852131485,'KINDLE PAPERWHITE EREADER 7TH GEN 6\" DISPLAY BUILT-IN LIGHT WIFI WITH ADS BLACK','iPads, Tablets & eReaders','Limited quantity ',608,'60 days ','Total Digital Stores','Very Good - Refurbished'),
(97,325368994181,'Sony PlayStation Classic Mini Gray Console with x20 Pre-Loaded Games!','Video Games & Consoles','More than 10 ',681,'30 days ','orkmastermcgee','Very Good - Refurbished'),
(98,404162991171,'USB Bluetooth Audio Transmitter Adapter for PC Laptop Mac PS4 Nintendo Switch','Video Games & Consoles','Limited quantity ',4,'30 days ','All Accessories Depot','New'),
(99,364338365213,'Sony PlayStation 5 Digital Version Console - White - Soiled Packaging','Video Games & Consoles','Limited quantity ',1,'30 days ','Stock Must Go','New'),
(100,364263726790,'Sony PlayStation 4 Slim Console - 1TB - Refurbished Very Good - With Controller','Video Games & Consoles','Limited quantity ',2,'30 days ','Stock Must Go','Very Good - Refurbished'),
(101,334818857843,'Xbox Series S 512GB Digital Console, White - New','Video Games & Consoles','Limited quantity ',3,'30 days ','Stock Must Go','New'),
(102,225553995775,'Nintendo Switch Console 32GB - Device Only - Refurbished Good','Video Games & Consoles','Limited quantity ',1,'30 days ','Stock Must Go','Good - Refurbished'),
(103,364177665428,'Nintendo Switch Console 32GB - Display Only - Refurbished Very Good','Video Games & Consoles','Limited quantity ',1,'30 days ','Stock Must Go','Very Good - Refurbished'),
(104,285312663335,'Evercade Retro Handheld Games Console Premium Pack, 43\" Screen, White/Red, HDMI ','Video Games & Consoles','Limited quantity ',1,'30 days ','Rebx','Excellent - Refurbished'),
(105,225582224623,'Sony PlayStation 4 Console - 500GB / 1TB - Refurbished Good - With Controller','Video Games & Consoles','Limited quantity ',1,'30 days ','Stock Must Go','Good - Refurbished'),
(106,334929336396,'Sony PlayStation 5 Disc Version Console - White - Refurbished Good','Video Games & Consoles','Limited quantity ',1,'30 days ','Stock Must Go','Good - Refurbished'),
(107,225582224789,'Evercade Retro Handheld Games Console Premium Pack - Refurbished Pristine','Video Games & Consoles','Limited quantity ',2,'30 days ','Stock Must Go','Excellent - Refurbished'),
(108,225573072206,'Nintendo Switch OLED Model 64GB - White / Black - No Joycons/Dock','Video Games & Consoles','Limited quantity ',1,'30 days ','Stock Must Go','Good - Refurbished'),
(109,304159299186,'Nintendo Switch (OLED Model) - White','Video Games & Consoles','Limited quantity ',34,'Seller does not accept ','Shop Save UK','New'),
(110,284831971836,'THEC64 Mini','Video Games & Consoles','Limited quantity ',1,'30 days ','rarewaves-outlet','New'),
(111,175385481038,'Microsoft Xbox Series S 512 GB Wi-Fi Game Console White','Video Games & Consoles','Limited quantity ',14,'30 days ','Yoltso','New'),
(112,334770029196,'Microsoft Xbox Series S 512GB Digital Console, Fortnite + Rocket League Bundle','Video Games & Consoles','Limited quantity ',2,'30 days ','Stock Must Go','New'),
(113,174802922966,'Nintendo Switch Lite (Coral) Nintendo Switch Lite NVIDIA Custom Tegra Coral Anal','Video Games & Consoles','Limited quantity ',3,'30 days ','Yoltso','New'),
(114,174802922933,'Nintendo Switch Lite portable Game Console 5.5\" 32GB Wi-Fi Turquoise','Video Games & Consoles','Limited quantity ',3,'30 days ','Yoltso','New'),
(115,225659155348,'Nintendo Switch OLED Model 64GB Blue / Red - New','Video Games & Consoles','Limited quantity ',NULL,'30 days ','Stock Must Go','New'),
(116,175325682684,'Nintendo Switch OLED Model Nintendo Switch NVIDIA Custom Tegra White','Video Games & Consoles','Limited quantity ',2,'30 days ','Yoltso','New'),
(117,364100934469,'Nintendo Switch Console 32GB - MISSING DOCK - Blue / Red - Refurbished Good - SC','Video Games & Consoles','Limited quantity ',1,'30 days ','Stock Must Go','New'),
(118,225659155339,'Nintendo Switch Console 32GB - Grey - New','Video Games & Consoles',NULL,NULL,'30 days ','Stock Must Go','New'),
(119,285128448590,'Xbox Series S 512GB Digital Console','Video Games & Consoles','Limited quantity ',4,'30 days ','Shop Save UK','New'),
(120,225659155194,'Capcom Home Arcade Console - New','Video Games & Consoles',NULL,NULL,'30 days ','Stock Must Go','New'),
(121,225206141519,'Touch Screen Dash Cam 4\" 1080P Dual Lens Car DVR Recorder Front and Rear Camera','Vehicle Electronics & GPS','More than 10 ',1559,'30 days ','Frugality Inc','New'),
(122,285164489538,'BOSS Audio Systems UNI4RGB UTV Marine Stereo Package | Certified Refurbished','Vehicle Electronics & GPS','More than 10 ',1,'30 days ','SpeeceInc','New'),
(123,283619457023,'BOSS Audio Systems MR692B 6 x 9 Inch Marine Stereo Speakers','Vehicle Electronics & GPS','More than 10 ',87,'30 days ','SpeeceInc','New'),
(124,284347290788,'BOSS Audio Systems MRWT69 6 x 9 ATV UTV Marine Boat Waketower IPX5 Speaker','Vehicle Electronics & GPS','More than 10 ',81,'30 days ','SpeeceInc','New'),
(125,225207283051,'7\" Double 2 DIN Car MP5 Player Bluetooth Touch Screen Stereo Radio With Camera','Vehicle Electronics & GPS','More than 10 ',386,'30 days ','Frugality Inc','New'),
(126,283596795264,'BOSS Audio Systems 616UAB Car Stereo – Bluetooth, USB, Aux-in, AM/FM, No CD','Vehicle Electronics & GPS','More than 10 ',3711,'30 days ','SpeeceInc','New'),
(127,372172069343,'1000W 2000W Car Power Inverter DC 12V To AC 110V 2 AC Outlets RV Solar Converter','Vehicle Electronics & GPS','More than 10 ',2779,'30 days ','Whizzohead','New'),
(128,284216426014,'BOSS Audio Systems Cap18 18 Farad Car Audio Capacitor','Vehicle Electronics & GPS','More than 10 ',17,'30 days ','SpeeceInc','New'),
(129,294111390755,'18-20 Jeep Grand Cherokee 8.4 Uconnect LCD MONITOR Touch-Screen Radio Navigation','Vehicle Electronics & GPS','Limited quantity ',745,'30 days ','OEMGPSNAV.COM','New'),
(130,183207988245,'Garmin zumo 396 LMT-S Motorcycle Navigator w/ 4.3\" Screen & WiFi 010-02019-00 ','Vehicle Electronics & GPS','Limited quantity ',720,'30 days ','GPS City','New'),
(131,374597576016,'Garmin GPSMAP1042XSV 10\" Combo US Lakes & Coast No Transducer Garmin 010-01740-','Vehicle Electronics & GPS','Limited quantity ',5,'30 days ','The-Shot-Shop','New'),
(132,185663021972,'Fusion Signature Series 3 Marine Wake Tower 7.7\" Speakers White 010-02439-01','Vehicle Electronics & GPS','Limited quantity ',49,'30 days ','GPS City','New'),
(133,185663005479,'Fusion Signature Series 3 Marine Wake Tower 7.7\" Speakers Chrome 010-02439-00','Vehicle Electronics & GPS','Limited quantity ',24,'30 days ','GPS City','New'),
(134,304815646178,'Rockville RockerBT Rocker Switch Bluetooth Controller+Aux For RZR/ATV/UTV/Cart','Vehicle Electronics & GPS','Limited quantity ',7,'30 days ','Audiosavings Electronics Superstore','New'),
(135,185662973731,'Fusion Signature Series 3 Sports Chrome 12 inch Marine Subwoofer 010-02436-11','Vehicle Electronics & GPS','Limited quantity ',6,'30 days ','GPS City','New'),
(136,394202525991,'Rockville RDM18 In-Dash Car Digital Media Bluetooth AM/FM/MP3 USB/SD Receiver','Vehicle Electronics & GPS','Limited quantity ',6,'30 days ','Audiosavings Electronics Superstore','New'),
(137,304720286784,'Rockville RGHR-ZA 4 Zone Marine Gauge Hole Receiver Bluetooth App Control+Remote','Vehicle Electronics & GPS','Limited quantity ',4,'30 days ','Audiosavings Electronics Superstore','New'),
(138,374597576256,'Garmin GPSMAP 1042xsv w/GMR 18HD+ Radar GARMIN 010-01740-03/GMR18+','Vehicle Electronics & GPS','Limited quantity ',NULL,'30 days ','The-Shot-Shop','New'),
(139,374597576251,'Garmin GPSMAP 1042xsv Keyed Networking Combo - U.S., Canada, Bahamas w/GMR 18 x','Vehicle Electronics & GPS','Limited quantity ',NULL,'30 days ','The-Shot-Shop','New'),
(140,374597576227,'Garmin GMR18XHD Radar 18\" 4Kw Garmin 010-00959-00','Vehicle Electronics & GPS','Limited quantity ',NULL,'30 days ','The-Shot-Shop','New'),
(141,185662981334,'Fusion Signature Series 3 Marine Wake Tower 6.5 inch Speakers White 010-02438-01','Vehicle Electronics & GPS','Limited quantity ',3,'30 days ','GPS City','New'),
(142,393515785233,'Netac 1TB SSD intern 2,5 Zoll SATA III 6Gb/s Festplatte Solid State Drive','Memory Drives & Storage','More than 10 ',828,'30 days ','netac_official_eu','New'),
(143,284579625585,'Seagate ST16000NM001G 16TB Exos X16 512e 6Gb 3.5 SATA  Enterprise Hard Drive New','Memory Drives & Storage','More than 10 ',685,'30 days ','EAST DIGITAL','New'),
(144,164983644104,'IBM Storwize V3700 00Y2432 00Y2507 00MJ149 1.2TB 10K SAS 2.5 Hard Drive','Memory Drives & Storage','More than 10 ',137,'Seller does not accept ','Wie Bo technology mall 2012','New'),
(145,313969708276,'Netac 1TB SSD 2.5\'\' SATA III 6 Gb/s Internal Solid State Drive 500MB/s MAC/PC','Memory Drives & Storage','More than 10 ',821,'30 days ','netac-official-store','New'),
(146,304852410569,'GIGABYTE Aorus 1TB Solid State Drive','Memory Drives & Storage','More than 10 ',34,'30 days ','Antonline','New'),
(147,274146735855,'ST1800MM0129 SEAGATE 1.8TB 12Gbs 10K.9 2.5\'\' SAS Hard Drive 100% Original New','Memory Drives & Storage','More than 10 ',152,'30 days ','EAST DIGITAL','New'),
(148,304736586669,'LOT 10 SK Hynix 256Gb PCIe NVMe SSD M.2 Solid State Drive 2242 HFM256GD3HX015N','Memory Drives & Storage','Limited quantity ',5,'30 days ','theMaxMart','New'),
(149,314583757070,'Netac M.2 1TB 500GB 250GB Internal SSD NVMe PCIe3.0 Gen3x4 Solid State Drive lot','Memory Drives & Storage','More than 10 ',384,'30 days ','netac-official-store','New'),
(150,314555594439,'Netac 1TB 2TB 512GB Internal SSD 2.5\'\' SATA III 6Gb/s Solid State Drive lot','Memory Drives & Storage','More than 10 ',1234,'30 days ','netac-official-store','New'),
(151,313831486251,'Netac Internal SSD 2.5\'\' SATA III M.2 NVMe PCIe Gen 3.0×4 Solid State Drive lot','Memory Drives & Storage','More than 10 ',2283,'30 days ','netac-official-store','New'),
(152,313293169130,'Netac SSD 250GB/500GB/1TB PCIe NVMe Gen3x4 M.2 Solid State Drive  PC/Laptop lot','Memory Drives & Storage','More than 10 ',1567,'30 days ','netac-official-store','New'),
(153,313575258433,'Netac 512GB SSD 2.5\'\' SATA III 6 Gb/s Internal Solid State Drive 500MB/s PC/MAC','Memory Drives & Storage','More than 10 ',2886,'30 days ','netac-official-store','New'),
(154,313292798496,'Netac 120GB 240GB 500GB SSD 2.5\" SATA III Internal Solid State Drive 500MB/s lot','Memory Drives & Storage','More than 10 ',4615,'30 days ','netac-official-store','New'),
(155,314491550846,'Netac Internal SSD 500GB Solid State Drive M.2 2280 PCIe Gen 3 x4 NVMe 3100MB/s','Memory Drives & Storage','More than 10 ',163,'30 days ','netac-official-store','New'),
(156,314016357754,'Netac 1T Internal SSD 2.5\'\' SATA III M.2 NVMe PCIe Gen3×4 Solid State Drive','Memory Drives & Storage','More than 10 ',40,'30 days ','netac-official-store','New'),
(157,314008928274,'Netac Internal SSD 512GB Solid State Drive 2.5\'\' SATA III 6GB/s Up to 550MBps','Memory Drives & Storage','More than 10 ',198,'30 days ','netac-official-store','New'),
(158,305006625881,'Western Digital 0F31052 14TB 3.5\" 7200RPM SAS 12Gb/s Hard Drive WUH721414AL5204','Memory Drives & Storage','Limited quantity ',12,'30 days ','Swing Computers','New'),
(159,295788280670,'New Micron 7300 PRO 1.92TB 2.5\" U.2 NVMe Gen3 x4 SSD MTFDHBE1T9TDF','Memory Drives & Storage','Limited quantity ',5,'30 days ','Swing Computers','New'),
(160,305002599321,'Western Digital WD SN550 2TB SATA Solid State Drive - Blue (WDS200T2B0B)(OEM)','Memory Drives & Storage','Limited quantity ',3,'30 days ','Swing Computers','New'),
(161,305002598935,'Samsung PM1725b 1.6TB PCIe 3.0 x4 NVMe U.2 2.5\" SSD MZ-WLL1T6B MZWLL1T6HAJQ','Memory Drives & Storage','Limited quantity ',NULL,'30 days ','Swing Computers','Open box'),
(162,295791537904,'New Micron 5300 Max MTFDDAK480TDT-1AW1ZABYY 480GB Solid State Drive SSD 2.5”','Memory Drives & Storage','Limited quantity ',NULL,'30 days ','Swing Computers','New'),
(163,295791537159,'Toshiba MG06ACA800A 8TB 7200RPM 256MB SATA 6Gb/s 3.5\" Hard Drive 4K','Memory Drives & Storage','Limited quantity ',1,'30 days ','Swing Computers','New'),
(164,295791597657,'SEALED Micron 7300 MAX 1.6TB PCIe Gen3 x4 NVMe U.2 Enterprise SSD MTFDHBE1T6TDG','Memory Drives & Storage','Limited quantity ',1,'30 days ','Swing Computers','New'),
(165,115844311324,'LOT of 10 Mixed Brand WD/Samsung/SK Hynix 256Gb PCIe NVMe SSD M.2 2242 Drive','Memory Drives & Storage','Limited quantity ',NULL,'30 days ','theMaxMart','Excellent - Refurbished'),
(166,125214276662,'WITH CHIP W2110A Toner Compatible for HP 206A LaserJet Pro M283fdw M282 M283','Printers & Printer Supplies','5 ',119,'30 days ','toner_kingdom','New'),
(167,121434373806,'4PK CF210A Toner Cartridge For HP 131A LaserJet Pro 200 M251nw MFP M276nw M251n','Printers & Printer Supplies','More than 10 ',6323,'30 days ','toner_kingdom','New'),
(168,334648633140,'Canon SELPHY CP1500 Wireless Compact Photo Printer - Black','Printers & Printer Supplies','Limited quantity ',13,'30 days ','BuyDig','New'),
(169,132751200375,'Genuine Canon PG-540 & CL-541 Black & Colour Ink Cartridges for Pixma TS5150','Printers & Printer Supplies','Limited quantity ',925,'30 days ','Ink Trader Ltd','New'),
(170,162002739829,'Original Canon PG540XL Black & CL541XL Colour Ink Cartridges for PIXMA MG3200','Printers & Printer Supplies','Limited quantity ',4365,'30 days ','Ink Trader Ltd','New'),
(171,314045125043,'Genuine Konica Minolta Drum DR313 Color CMY A7U40TD for Bizhub C258 C308 C368 N','Printers & Printer Supplies','Limited quantity ',9,'Seller does not accept ','Tradeline-eu','New'),
(172,123834319037,'Genuine Lexmark 78C2UCE 78C2UC0 Toner Cyan for CS521 CS622 CX622 A-Ware','Printers & Printer Supplies','Limited quantity ',1,'1 month ','CSH-Teile','New'),
(173,115836639094,'Genuine Canon Toner 0482C002 C-EXV51 Cyan New B','Printers & Printer Supplies','Limited quantity ',NULL,'1 month ','CSH-Teile','New'),
(174,275776261583,'\"Original Konica Minolta TNP54 Toner Black for Bizhub 4402P AADX050 NEW ORIGINAL PACKAGING\"','Printers & Printer Supplies','Limited quantity ',NULL,'Seller does not accept ','TONER-CMYK.EU','New'),
(175,115836638702,'Genuine Canon Toner 0482C002 C-EXV51 Cyan A-Ware','Printers & Printer Supplies','Limited quantity ',NULL,'1 month ','CSH-Teile','New'),
(176,374199677017,'Soundcore Life Q20 Bluetooth Headphone Wireless Headphone Hi-Res Audio 40H Play','Headphones & Portable Audio','4 ',136,'30 days ','Anker offizieller Shop','New'),
(177,374651305861,'Soundcore Life Q35 Over-Ear Bluetooth Wireless Headphones + Life P2 Mini In Ear','Headphones & Portable Audio','More than 10 ',NULL,'30 days ','Anker offizieller Shop','New'),
(178,304719930024,'BRAND NEW Harman Kardon Fly TWS True Wireless In-Ear Headphones - Black','Headphones & Portable Audio','Limited quantity ',14,'30 days ','Swing Computers','New'),
(179,303952263935,'17-20 Replacement 8.4\" Uconnect 4C UAQ LCD MONITOR Touch-Screen Radio Navigation','Headphones & Portable Audio','Limited quantity ',868,'30 days ','OEMGPSNAV.COM','New'),
(180,185147705847,'🔥 New Palm Buds Pro Bluetooth Wireless Noise Cancelling Headphones Satin Black','Headphones & Portable Audio','Limited quantity ',24,'30 days ','Jectronics','New'),
(181,401724406161,'Wireless Neckband Headphones Earbuds Set for TV PC Bluetooth Transmitter','Headphones & Portable Audio','Limited quantity ',318,'30 days ','All Accessories Depot','New'),
(182,174519926314,'Deci-Diamond Bamboo Speaker Total Wireless Digital Bluetooth Speaker','Headphones & Portable Audio','Limited quantity ',178,'Seller does not accept ','IG_Deals','New'),
(183,174067251449,'DE Headphones - Decibel B68 Bluetooth Over Ear Headphones Club Studio - Black','Headphones & Portable Audio','Limited quantity ',203,'Seller does not accept ','IG_Deals','New'),
(184,174042347257,'DE Noise Cancelling Headphones - Decibel H78 Bluetooth Headphones Diamond Studio','Headphones & Portable Audio','Limited quantity ',43,'Seller does not accept ','IG_Deals','New'),
(185,174439028235,'DA2 Decibel Atmosphere Wireless Bluetooth Waterproof Ear Buds (Black)','Headphones & Portable Audio','Limited quantity ',11,'Seller does not accept ','IG_Deals','New'),
(186,234675366740,'Renewgoo GooGamer Headset Wireless BT Gaming In-ear Bluetooth Earbuds PS4 Switch','Headphones & Portable Audio','Limited quantity ',12,'30 days ','Renewgoo','New'),
(187,174439032288,'DA2 Decibel Atmosphere Wireless Bluetooth Waterproof Ear Buds (White)','Headphones & Portable Audio','Limited quantity ',10,'Seller does not accept ','IG_Deals','New'),
(188,295263280613,'JBL Boombox 3 Wireless Bluetooth Speaker with Indoor & Outdoor Modes – Squad','Headphones & Portable Audio','Limited quantity ',39,'30 days ','Home AV Direct','New'),
(189,272525246139,'House of Marley Bag of Riddim 2 Bluetooth Speaker, Aux In, 10 Hour Playback','Headphones & Portable Audio','Limited quantity ',130,'30 days ','FKA Brands','New'),
(190,314479597990,'LG XBOOM 360 RP4 PORTABLE 120W BLUETOOTH LED PARTY SPEAKER BURGUNDY USB NEW','Headphones & Portable Audio','Limited quantity ',9,'30 days ','electrical_bargain','New'),
(191,225405193012,'Beats Pill+ Black Portable Speaker','Headphones & Portable Audio','Limited quantity ',16,'30 days ','PhoneUsLtd','New'),
(192,125432338283,'Skullcandy Hesh ANC | Over-Ear Wireless Headphones | True Black','Headphones & Portable Audio','Limited quantity ',459,'30 days ','Red Rock UK','Excellent - Refurbished'),
(193,125256673445,'Skullcandy Hesh Evo Bluetooth Wireless Over-Ear Headphones with Tile - Black','Headphones & Portable Audio','Limited quantity ',426,'30 days ','Red Rock UK','Excellent - Refurbished'),
(194,403742792392,'JBL TUNER 2 PORTABLE RADIO BLUETOOTH SPEAKER DAB & FM 12 HOURS BATTERY - BLACK','Headphones & Portable Audio','Limited quantity ',129,'60 days ','Total Digital Stores','New'),
(195,404135959204,'JBL WAVE 300TWS IN EAR HEADPHONES BLUETOOTH TRUE WIRELESS & CASE- 4 COLOURS','Headphones & Portable Audio','Limited quantity ',192,'60 days ','Total Digital Stores','New'),
(196,363884195298,'JBL TUNE 710BT OVER EAR BLLUETOOTH HEADPHONES WIRELESS BLUE WHITE PINK JBLT710BT','Headphones & Portable Audio','Limited quantity ',427,'60 days ','Total Digital Stores','New'),
(197,403139727355,'JBL TUNE 510BT WIRELESS HEADPHONES BLUETOOTH ON-EAR FOLDABLE BLACK JBLT510BTBLK','Headphones & Portable Audio','Limited quantity ',942,'60 days ','Total Digital Stores','New'),
(198,134181784709,'Skullcandy Hesh ANC | Over-Ear Wireless Headphones | Mod White','Headphones & Portable Audio','Limited quantity ',131,'30 days ','Red Rock UK','Excellent - Refurbished'),
(199,403575544933,'JBL FLIP 5 PORTABLE BLUETOOTH SPEAKER IPX7 WATERPROOF PARTY WIRELESS 12 COLOURS','Headphones & Portable Audio','Limited quantity ',502,'60 days ','Total Digital Stores','New'),
(200,303331203953,'Microsoft Surface Pen Ice Blue','Computer Accessories','More than 10 ',804,'30 days ','Antonline','New'),
(201,204352069967,'Mini Fan USB Fan Table Fan Portable Leafless Quiet Handheld Fan','Computer Accessories','More than 10 ',66,'30 days ','delightmark','New'),
(202,295297343081,'Microsoft Audio Dock','Computer Accessories','10 ',9,'30 days ','Antonline','New'),
(203,125915466240,'Adjustable Laptop Tray Lap Desk Stand Foldable Bed Table Notebook Tray Cup Slot','Computer Accessories','More than 10 ',135,'30 days ','Cozy Array','New'),
(204,303553942978,'OEM 135W AC Adapter Charger ADP-135KB Acer Nitro 5 AN515-53-55G9 AN515-53-52FA','Computer Accessories','Limited quantity ',897,'30 days ','Swing Computers','New'),
(205,312355382074,'Microsoft Surface Pro Signature Type Cover Keyboard (Black) FMM-00001','Computer Accessories','Limited quantity ',1268,'30 days ','BuyDig','New'),
(206,165398353410,'Moncler Sioule Nylon Laptop Case/Clutch In Pastel Blue F109B6B50000-5396Q-71A','Computer Accessories','Limited quantity ',NULL,'30 days ','leperfect','New'),
(207,175212186150,'Moncler Sioule Nylon Laptop Case/Clutch In Black F109B6B50000-5396Q-999','Computer Accessories',NULL,NULL,'30 days ','leperfect','New'),
(208,305002591789,'NEW DELL 130W USB-C Type C K00F5 HA130PM170 AC Power Adapter Charger Dell XPS','Computer Accessories','Limited quantity ',9,'30 days ','Swing Computers','Open box'),
(209,295794261652,'NEW Genuine 135W HP Laptop Charger AC Adapter Power Supply 4.5mm Blue Tip','Computer Accessories','Limited quantity ',6,'30 days ','Swing Computers','Open box'),
(210,325323014037,'Microphone for PC Computer Laptop Gaming Streaming Recording USB Plug & Play Mic','Computer Accessories','Limited quantity ',5,'30 days ','BuyDig','New'),
(211,305006444881,'NEW HP 90W USB-C TPN-DA08 Charger Spectre 15-bl100 x360 Elitebook x360 1040 G5','Computer Accessories','Limited quantity ',NULL,'30 days ','Swing Computers','New'),
(212,305006345139,'Original Lenovo 135W ADL135SDC3A Slim Tip AC Adapter for Lenovo ThinkPad P1 20MD','Computer Accessories','Limited quantity ',NULL,'30 days ','Swing Computers','Open box'),
(213,295791536628,'NEW 19.5V 11.8A 230W Adapter Charger for Asus ROG GX501VI-XS74 ADP-280GB B','Computer Accessories','Limited quantity ',NULL,'30 days ','Swing Computers','Open box'),
(214,303892048128,'Samson Meteor Mic USB Condenser Podcasting Podcast Recording Desktop Microphone','Computer Accessories','Limited quantity ',NULL,'30 days ','Audiosavings Electronics Superstore','New'),
(215,125481825418,'Apple Smart Keyboard for 10.5 inch iPad Pro, iPad, iPad Air 3rd Gen | QWERTY','Computer Accessories','Limited quantity ',343,'30 days ','Red Rock UK','New'),
(216,115768945870,'Apple Smart Keyboard | MPTL2B/A | 10.5\" iPad Pro, iPad, Air 3rd Gen | QWERTY UK','Computer Accessories','Limited quantity ',32,'30 days ','Red Rock UK','New'),
(217,363615671889,'Samsung Stylus Pen GH96-14339A Mystic Black Black for Samsung Galaxy Tab S7 FE','Computer Accessories','Limited quantity ',93,'1 month ','PhoneFunky Shop','New'),
(218,384726527036,'Premium Tablet Case Bag for Samsung Galaxy Tab S8 Plus (SM-X800) Blue','Computer Accessories','Limited quantity ',5,'Seller does not accept ','IM-Trading GmbH','New'),
(219,294054556317,'Kandao Meeting 360 Pro Conference Camera','Computer Accessories','Limited quantity ',7,'1 month ','camforpro','New'),
(220,313784767380,'Smart Wireless WiFi Ring Doorbell Security Intercom Video Camera Door Bell Chime','Other Consumer Electronics','More than 10 ',949,'30 days ','Whizzohead','New'),
(221,163642250051,'69800mAh 12V Car Jump Starter Portable USB Power Bank Battery Booster Clamp 600A','Other Consumer Electronics','More than 10 ',6740,'Seller does not accept ','MMElectronicles','New');
/*!40000 ALTER TABLE `product` ENABLE KEYS */;
UNLOCK TABLES;

--
-- Table structure for table `shipment`
--

DROP TABLE IF EXISTS `shipment`;
/*!40101 SET @saved_cs_client     = @@character_set_client */;
/*!40101 SET character_set_client = utf8 */;
CREATE TABLE `shipment` (
  `id` int(11) NOT NULL,
  `shipping_availability` bit(1) NOT NULL,
  `shipping_price_currency` varchar(10) DEFAULT NULL,
  `shipping_price_value` float DEFAULT NULL,
  `shipping_location` varchar(100) DEFAULT NULL,
  PRIMARY KEY (`id`),
  CONSTRAINT `shipment_ibfk_1` FOREIGN KEY (`id`) REFERENCES `product` (`id`)
) ENGINE=InnoDB DEFAULT CHARSET=utf8mb4 COLLATE=utf8mb4_unicode_ci;
/*!40101 SET character_set_client = @saved_cs_client */;

--
-- Dumping data for table `shipment`
--

LOCK TABLES `shipment` WRITE;
/*!40000 ALTER TABLE `shipment` DISABLE KEYS */;
INSERT INTO `shipment` (`id`, `shipping_availability`, `shipping_price_currency`, `shipping_price_value`, `shipping_location`) VALUES (1,'','US $',54.46,'Avenel, New Jersey, United States'),
(2,'',NULL,0,NULL),
(3,'',NULL,0,NULL),
(4,'\0',NULL,NULL,'Atlanta, Georgia, United States'),
(5,'','US $',168.15,'Sanford, Florida, United States'),
(6,'','US $',70.59,'Jacksonville, Texas, United States'),
(7,'','US $',51.46,'Jacksonville, Texas, United States'),
(8,'','US $',59.03,'Atlanta, Georgia, United States'),
(9,'\0',NULL,NULL,'Fort Myers, Florida, United States'),
(10,'','US $',43.07,'Jacksonville, Texas, United States'),
(11,'','US $',52.85,'Jacksonville, Texas, United States'),
(12,'','US $',49.5,'Jacksonville, Texas, United States'),
(13,'\0',NULL,NULL,'Irvine, California, United States'),
(14,'\0',NULL,NULL,'Irvine, California, United States'),
(15,'','GBP ',200,NULL),
(16,'','GBP ',200,NULL),
(17,'','GBP ',200,NULL),
(18,'','GBP ',200,NULL),
(19,'','GBP ',200,NULL),
(20,'','US $',54.69,'Henderson, Nevada, United States'),
(21,'\0',NULL,NULL,'Houston, Texas, United States'),
(22,'','US $',60.72,'Sanford, Florida, United States'),
(23,'','US $',79.91,'Kennewick, Washington, United States'),
(24,'','US $',57.95,'Redwood City, California, United States'),
(25,'\0',NULL,NULL,'Langenlonsheim, Germany'),
(26,'\0',NULL,NULL,'Langenlonsheim, Germany'),
(27,'\0',NULL,NULL,'Bremen, Germany'),
(28,'\0',NULL,NULL,'Langenlonsheim, Germany'),
(29,'\0',NULL,NULL,'Langenlonsheim, Germany'),
(30,'\0',NULL,NULL,'Langenlonsheim, Germany'),
(31,'\0',NULL,NULL,'Bremen, Germany'),
(32,'\0',NULL,NULL,'Bremen, Germany'),
(33,'\0',NULL,NULL,'Bremen, Germany'),
(34,'\0',NULL,NULL,'Bremen, Germany'),
(35,'\0',NULL,NULL,'Bremen, Germany'),
(36,'\0',NULL,NULL,'Bremen, Germany'),
(37,'','EUR ',3,NULL),
(38,'\0',NULL,NULL,'Bremen, Germany'),
(39,'\0',NULL,NULL,'Bremen, Germany'),
(40,'\0',NULL,NULL,'Bremen, Germany'),
(41,'\0',NULL,NULL,'Bremen, Germany'),
(42,'\0',NULL,NULL,'Bremen, Germany'),
(43,'\0',NULL,NULL,'Bremen, Germany'),
(44,'\0',NULL,NULL,'Bremen, Germany'),
(45,'\0',NULL,NULL,'Bremen, Germany'),
(46,'\0',NULL,NULL,'Bremen, Germany'),
(47,'\0',NULL,NULL,'Bremen, Germany'),
(48,'\0',NULL,NULL,'Bremen, Germany'),
(49,'\0',NULL,NULL,'Euskirchen, Germany'),
(50,'\0',NULL,NULL,'Euskirchen, Germany'),
(51,'\0',NULL,NULL,'Euskirchen, Germany'),
(52,'\0',NULL,NULL,'Euskirchen, Germany'),
(53,'\0',NULL,NULL,'Euskirchen, Germany'),
(54,'\0',NULL,NULL,'Euskirchen, Germany'),
(55,'\0',NULL,NULL,'Euskirchen, Germany'),
(56,'\0',NULL,NULL,'Euskirchen, Germany'),
(57,'\0',NULL,NULL,'Euskirchen, Germany'),
(58,'\0',NULL,NULL,'Euskirchen, Germany'),
(59,'\0',NULL,NULL,'Euskirchen, Germany'),
(60,'\0',NULL,NULL,'Euskirchen, Germany'),
(61,'\0',NULL,NULL,'Euskirchen, Germany'),
(62,'\0',NULL,NULL,'Euskirchen, Germany'),
(63,'','US $',65.55,'Edison, New Jersey, United States'),
(64,'','US $',20.67,'Rowland Heights, California, United States'),
(65,'','US $',24.84,'Wilson, New York, United States'),
(66,'','GBP ',71,NULL),
(67,'','GBP ',99.41,'Tonbridge, United Kingdom'),
(68,'','GBP ',123.56,'Davidson Way, United Kingdom'),
(69,'','GBP ',104.3,'Birmingham, United Kingdom'),
(70,'\0',NULL,NULL,'Manchester, United Kingdom'),
(71,'','GBP ',44.84,'Yorkshire, United Kingdom'),
(72,'','GBP ',43.04,'Yorkshire, United Kingdom'),
(73,'\0',NULL,NULL,'Far Rockaway, New York, United States'),
(74,'\0',NULL,NULL,'Zúrich, Switzerland'),
(75,'',NULL,0,NULL),
(76,'\0',NULL,NULL,'SESENA NUEVO ,TOLEDO SPAIN, Spain'),
(77,'\0',NULL,NULL,'Hamburg, Germany'),
(78,'\0',NULL,NULL,'Hamburg, Germany'),
(79,'\0',NULL,NULL,'Schweiz, Switzerland'),
(80,'\0',NULL,NULL,'Zúrich, Switzerland'),
(81,'\0',NULL,NULL,'Zúrich, Switzerland'),
(82,'','US $',42,NULL),
(83,'\0',NULL,NULL,'Brooklyn, New York, United States'),
(84,'\0',NULL,NULL,'Far Rockaway, New York, United States'),
(85,'','US $',32.2,'Egg Harbor Township, New Jersey, United States'),
(86,'','US $',26.75,'Egg Harbor Township, New Jersey, United States'),
(87,'','GBP ',51.28,'London, United Kingdom'),
(88,'','GBP ',64.22,'Newcastle-Under-Lyme, United Kingdom'),
(89,'\0',NULL,NULL,'London, England,, London, United Kingdom'),
(90,'','GBP ',63.34,'Dundee, United Kingdom'),
(91,'\0',NULL,NULL,'London, England,, London, United Kingdom'),
(92,'','GBP ',54.8,'Dundee, United Kingdom'),
(93,'','GBP ',57.83,'Nottingham, United Kingdom'),
(94,'\0',NULL,NULL,'London, England,, London, United Kingdom'),
(95,'','GBP ',42.83,'Knutsford, Cheshire, United Kingdom'),
(96,'','GBP ',27.72,'Knutsford, Cheshire, United Kingdom'),
(97,'','US $',28.4,'Elmsford, New York, United States'),
(98,'','US $',21.31,'Duarte, California, United States'),
(99,'','GBP ',102.51,'Cannock, England, United Kingdom'),
(100,'','GBP ',72.25,'Cannock, England, United Kingdom'),
(101,'','GBP ',86.14,'Cannock, England, United Kingdom'),
(102,'','GBP ',56.95,'Cannock, England, United Kingdom'),
(103,'','GBP ',56.64,'Cannock, England, United Kingdom'),
(104,'','GBP ',49.91,'Wokingham, United Kingdom'),
(105,'','GBP ',78.17,'Cannock, England, United Kingdom'),
(106,'','GBP ',103.12,'Cannock, England, United Kingdom'),
(107,'','GBP ',54.36,'Cannock, England, United Kingdom'),
(108,'','GBP ',67.55,'Cannock, England, United Kingdom'),
(109,'','GBP ',69.07,'Sheffield, United Kingdom'),
(110,'','GBP ',2.99,NULL),
(111,'','GBP ',87.05,'Burnley, United Kingdom'),
(112,'','GBP ',87.97,'Cannock, England, United Kingdom'),
(113,'','GBP ',58.63,'Burnley, United Kingdom'),
(114,'','GBP ',59.08,'Burnley, United Kingdom'),
(115,'','GBP ',69.68,'Cannock, England, United Kingdom'),
(116,'','GBP ',69.99,'Burnley, United Kingdom'),
(117,'','GBP ',58.47,'Cannock, England, United Kingdom'),
(118,'','GBP ',59.69,'Cannock, England, United Kingdom'),
(119,'','GBP ',86.89,'Sheffield, United Kingdom'),
(120,'','GBP ',79.24,'Cannock, England, United Kingdom'),
(121,'','US $',24.62,'Milton, Florida, United States'),
(122,'','US $',55.12,'Oxnard, California, United States'),
(123,'','US $',58.89,'Oxnard, California, United States'),
(124,'','US $',69.19,'Oxnard, California, United States'),
(125,'','US $',31.37,'Milton, Florida, United States'),
(126,'','US $',31.14,'Oxnard, California, United States'),
(127,'','US $',47.22,'La Puente, California, United States'),
(128,'','US $',60.35,'Oxnard, California, United States'),
(129,'\0',NULL,NULL,NULL),
(130,'','US $',37.55,'Las Vegas, Nevada, United States'),
(131,'','US $',357.75,NULL),
(132,'','US $',120,NULL),
(133,'','US $',120,NULL),
(134,'','US $',21.69,'Inwood, New York, United States'),
(135,'','US $',120,NULL),
(136,'','US $',24.84,'Inwood, New York, United States'),
(137,'','US $',31.32,'Inwood, New York, United States'),
(138,'','US $',1287.05,NULL),
(139,'','US $',1341.54,NULL),
(140,'','US $',314.65,NULL),
(141,'','US $',120,NULL),
(142,'\0',NULL,NULL,'Langenlonsheim, Germany'),
(143,'',NULL,0,NULL),
(144,'',NULL,0,NULL),
(145,'','US $',21.47,'Hebron, Kentucky, United States'),
(146,'','US $',22.25,'Atlanta, Georgia, United States'),
(147,'',NULL,0,NULL),
(148,'','US $',25.07,'Greensboro, North Carolina, United States'),
(149,'','US $',20.84,'Hebron, Kentucky, United States'),
(150,'','US $',20.79,'Hebron, Kentucky, United States'),
(151,'','US $',20.99,'Hebron, Kentucky, United States'),
(152,'','US $',20.84,'Hebron, Kentucky, United States'),
(153,'','US $',21.14,'Hebron, Kentucky, United States'),
(154,'','US $',43.52,'Hebron, Kentucky, United States'),
(155,'','US $',21.22,'Hebron, Kentucky, United States'),
(156,'','US $',23.15,'Hebron, Kentucky, United States'),
(157,'','US $',21.21,'Hebron, Kentucky, United States'),
(158,'','US $',32,'Redwood City, California, United States'),
(159,'','US $',23.65,'Redwood City, California, United States'),
(160,'','US $',22.82,'Redwood City, California, United States'),
(161,'','US $',23.69,'Redwood City, California, United States'),
(162,'','US $',22.5,'Redwood City, California, United States'),
(163,'','US $',29.44,'Redwood City, California, United States'),
(164,'','US $',24.32,'Redwood City, California, United States'),
(165,'','US $',25.27,'Greensboro, North Carolina, United States'),
(166,'','US $',21.91,'Walnut, California, United States'),
(167,'','US $',58.42,'Walnut, California, United States'),
(168,'','US $',35.45,'Edison, New Jersey, United States'),
(169,'','GBP ',41.41,'West Sussex, United Kingdom'),
(170,'','GBP ',42.28,'West Sussex, United Kingdom'),
(171,'','EUR ',89.9,NULL),
(172,'','EUR ',59.99,NULL),
(173,'','EUR ',59.99,NULL),
(174,'','EUR ',89.9,NULL),
(175,'','EUR ',59.99,NULL),
(176,'\0',NULL,NULL,'Langenlonsheim, Germany'),
(177,'\0',NULL,NULL,'Langenlonsheim, Germany'),
(178,'\0',NULL,NULL,'Redwood City, California, United States'),
(179,'\0',NULL,NULL,NULL),
(180,'','US $',28.29,'Waltham, Massachusetts, United States'),
(181,'','US $',28.85,'Duarte, California, United States'),
(182,'\0',NULL,NULL,'Wilson, New York, United States'),
(183,'\0',NULL,NULL,'Wilson, New York, United States'),
(184,'','US $',23,NULL),
(185,'\0',NULL,NULL,'Wilson, New York, United States'),
(186,'','US $',21.24,'South Florida, United States'),
(187,'\0',NULL,NULL,'Wilson, New York, United States'),
(188,'','GBP ',91.6,'Hayes, Middlesex, United Kingdom'),
(189,'','GBP ',86.89,'Scunthorpe, United Kingdom'),
(190,'','GBP ',85.83,'Swindon, Wiltshire, United Kingdom'),
(191,'','GBP ',66.02,'London, United Kingdom'),
(192,'','GBP ',28.02,'Guildford, UK, United Kingdom'),
(193,'','GBP ',27.41,'Guildford, UK, United Kingdom'),
(194,'','GBP ',81.86,'Knutsford, Cheshire, United Kingdom'),
(195,'','GBP ',27.17,'Knutsford, Cheshire, United Kingdom'),
(196,'','GBP ',42.13,'Knutsford, Cheshire, United Kingdom'),
(197,'','GBP ',26.99,'Knutsford, Cheshire, United Kingdom'),
(198,'','GBP ',42.31,'Guildford, UK, United Kingdom'),
(199,'','GBP ',47.24,'Knutsford, Cheshire, United Kingdom'),
(200,'','US $',25.63,'Atlanta, Georgia, United States'),
(201,'\0',NULL,NULL,'Euskirchen, Germany'),
(202,'','US $',35.93,'Atlanta, Georgia, United States'),
(203,'','US $',27.59,'Orangeburg, New York, United States'),
(204,'','US $',24.57,'Redwood City, California, United States'),
(205,'','US $',29.98,'Edison, New Jersey, United States'),
(206,'','US $',37.14,'Brooklyn, New York, United States'),
(207,'','US $',58.21,'Brooklyn, New York, United States'),
(208,'','US $',24.73,'Henderson, Nevada, United States'),
(209,'','US $',24.82,'Henderson, Nevada, United States'),
(210,'','US $',22.21,'Edison, New Jersey, United States'),
(211,'','US $',24.8,'Redwood City, California, United States'),
(212,'','US $',21.72,'Redwood City, California, United States'),
(213,'','US $',25.72,'Redwood City, California, United States'),
(214,'','US $',24.98,'Inwood, New York, United States'),
(215,'','GBP ',41.82,'Guildford, UK, United Kingdom'),
(216,'','GBP ',42.13,'Guildford, UK, United Kingdom'),
(217,'','EUR ',4.45,NULL),
(218,'','EUR ',4.9,NULL),
(219,'','EUR ',36,NULL),
(220,'','US $',24.71,'La Puente, California, United States'),
(221,'','US $',39.99,NULL);
/*!40000 ALTER TABLE `shipment` ENABLE KEYS */;
UNLOCK TABLES;
/*!40103 SET TIME_ZONE=@OLD_TIME_ZONE */;

/*!40101 SET SQL_MODE=@OLD_SQL_MODE */;
/*!40014 SET FOREIGN_KEY_CHECKS=@OLD_FOREIGN_KEY_CHECKS */;
/*!40014 SET UNIQUE_CHECKS=@OLD_UNIQUE_CHECKS */;
/*!40101 SET CHARACTER_SET_CLIENT=@OLD_CHARACTER_SET_CLIENT */;
/*!40101 SET CHARACTER_SET_RESULTS=@OLD_CHARACTER_SET_RESULTS */;
/*!40101 SET COLLATION_CONNECTION=@OLD_COLLATION_CONNECTION */;
/*!40111 SET SQL_NOTES=@OLD_SQL_NOTES */;

-- Dump completed on 2023-07-17  3:55:27
