--
-- PostgreSQL database dump
--

-- Dumped from database version 14.7
-- Dumped by pg_dump version 14.7

SET statement_timeout = 0;
SET lock_timeout = 0;
SET idle_in_transaction_session_timeout = 0;
SET client_encoding = 'UTF8';
SET standard_conforming_strings = on;
SELECT pg_catalog.set_config('search_path', '', false);
SET check_function_bodies = false;
SET xmloption = content;
SET client_min_messages = warning;
SET row_security = off;

SET default_tablespace = '';

SET default_table_access_method = heap;

--
-- Name: country; Type: TABLE; Schema: public; Owner: postgres
--

CREATE TABLE public.country (
    country_code character varying(3) NOT NULL,
    country_name character varying(40),
    currency_code character varying(3)
);


ALTER TABLE public.country OWNER TO postgres;

--
-- Name: currency; Type: TABLE; Schema: public; Owner: postgres
--

CREATE TABLE public.currency (
    currency_code character varying(3) NOT NULL,
    currency_name character varying(50)
);


ALTER TABLE public.currency OWNER TO postgres;

--
-- Name: kurs_pajak_document; Type: TABLE; Schema: public; Owner: postgres
--

CREATE TABLE public.kurs_pajak_document (
    doc_id character varying(15) NOT NULL,
    start_date date,
    end_date date
);


ALTER TABLE public.kurs_pajak_document OWNER TO postgres;

--
-- Name: nilai_kurs; Type: TABLE; Schema: public; Owner: postgres
--

CREATE TABLE public.nilai_kurs (
    doc_id character varying(15) NOT NULL,
    no_urut integer NOT NULL,
    currency_code character varying(3) NOT NULL,
    value_in_rupiah double precision
);


ALTER TABLE public.nilai_kurs OWNER TO postgres;

--
-- Data for Name: country; Type: TABLE DATA; Schema: public; Owner: postgres
--

COPY public.country (country_code, country_name, currency_code) FROM stdin;
\.


--
-- Data for Name: currency; Type: TABLE DATA; Schema: public; Owner: postgres
--

COPY public.currency (currency_code, currency_name) FROM stdin;
USD	Dolar Amerika Serikat
AUD	Dolar Australia
CAD	Dolar Kanada
DKK	Kroner Denmark
HKD	Dolar Hongkong
MYR	Ringgit Malaysia
NZD	Dolar Selandia Baru
NOK	Kroner Norwegia
GBP	Poundsterling Inggris
SGD	Dolar Singapura
SEK	Kroner Swedia
CHF	Franc Swiss
JPY	Yen Jepang
MMK	Kyat Myanmar
INR	Rupee India
KWD	Dinar Kuwait
PKR	Rupee Pakistan
PHP	Peso Philipina
SAR	Riyal Saudi Arabia
LKR	Rupee Sri Lanka
THB	Bath Thailand
BND	Dolar Brunei Darussalam
EUR	Euro Euro
CNY	Yuan Renminbi Tiongkok
KRW	Won Korea
\.


--
-- Data for Name: kurs_pajak_document; Type: TABLE DATA; Schema: public; Owner: postgres
--

COPY public.kurs_pajak_document (doc_id, start_date, end_date) FROM stdin;
35/KM.10/2023	2023-07-12	2023-07-18
34/KM.10/2023	2023-07-05	2023-07-11
33/KM.10/2023	2023-06-28	2023-07-04
31/KM.10/2023	2023-06-21	2023-06-27
30/KM.10/2023	2023-06-14	2023-06-20
29/KM.10/2023	2023-06-07	2023-06-13
27/KM.10/2023	2023-05-31	2023-06-06
26/KM.10/2023	2023-05-24	2023-05-30
25/KM.10/2023	2023-05-17	2023-05-23
24/KM.10/2023	2023-05-10	2023-05-16
23/KM.10/2023	2023-05-03	2023-05-09
21/KM.10/2023	2023-04-19	2023-05-02
20/KM.10/2023	2023-04-12	2023-04-18
18/KM.10/2023	2023-04-05	2023-04-11
16/KM.10/2023	2023-03-29	2023-04-04
15/KM.10/2023	2023-03-22	2023-03-28
14/KM.10/2023	2023-03-15	2023-03-21
13/KM.10/2023	2023-03-08	2023-03-14
12/KM.10/2023	2023-03-01	2023-03-07
10/KM.10/2023	2023-02-22	2023-02-28
9/KM.10/2023	2023-02-15	2023-02-21
8/KM.10/2023	2023-02-08	2023-02-14
7/KM.10/2023	2023-02-01	2023-02-07
5/KM.10/2023	2023-01-25	2023-01-31
4/KM.10/2023	2023-01-18	2023-01-24
3/KM.10/2023	2023-01-11	2023-01-17
2/KM.10/2023	2023-01-04	2023-01-10
67/KM.10/2022	2022-12-28	2023-01-03
66/KM.10/2022	2022-12-21	2022-12-27
65/KM.10/2022	2022-12-14	2022-12-20
64/KM.10/2022	2022-12-07	2022-12-13
62/KM.10/2022	2022-11-30	2022-12-06
61/KM.10/2022	2022-11-23	2022-11-29
60/KM.10/2022	2022-11-16	2022-11-22
59/KM.10/2022	2022-11-09	2022-11-15
57/KM.10/2022	2022-11-02	2022-11-08
55/KM.10/2022	2022-10-26	2022-11-01
54/KM.10/2022	2022-10-19	2022-10-25
53/KM.10/2022	2022-10-12	2022-10-18
52/KM.10/2022	2022-10-05	2022-10-11
51/KM.10/2022	2022-09-28	2022-10-04
49/KM.10/2022	2022-09-21	2022-09-27
48/KM.10/2022	2022-09-14	2022-09-20
47/KM.10/2022	2022-09-07	2022-09-13
44/KM.10/2022	2022-08-31	2022-09-06
43/KM.10/2022	2022-08-24	2022-08-30
42/KM.10/2022	2022-08-17	2022-08-23
41/KM.10/2022	2022-08-10	2022-08-16
40/KM.10/2022	2022-08-03	2022-08-09
38/KMK.10/2022	2022-07-27	2022-08-02
37/KM.10/2022	2022-07-20	2022-07-26
35/KM.10/2022	2022-07-13	2022-07-19
34/KM.10/2022	2022-07-06	2022-07-12
33/KM.10/2022	2022-06-29	2022-07-05
31/KM.10/2022	2022-06-22	2022-06-28
30/KM.10/2022	2022-06-15	2022-06-21
29/KM.10/2022	2022-06-08	2022-06-14
28/KM.10/2022	2022-06-01	2022-06-07
26/KM.10/2022	2022-05-25	2022-05-31
25/KM.10/2022	2022-05-18	2022-05-24
24/KM.10/2022	2022-05-11	2022-05-17
22/KM.10/2022	2022-04-27	2022-05-10
21/KM.1/2022	2022-04-20	2022-04-26
20/KM.10/2022	2022-04-13	2022-04-19
18/KM.10/2022	2022-04-06	2022-04-12
16/KM.10/2022	2022-03-30	2022-04-05
15/KM.10/2022	2022-03-23	2022-03-29
14/KM.10/2022	2022-03-16	2022-03-22
13/KM.10/2022	2022-03-09	2022-03-15
12/KM.10/2022	2022-03-02	2022-03-08
10/KM.10/2022	2022-02-23	2022-03-01
9/KM.10/2022	2022-02-16	2022-02-22
8/KM.10/2022	2022-02-09	2022-02-15
7/KM.10/2022	2022-02-02	2022-02-08
5/KM.10/2022	2022-01-26	2022-02-01
4/KM.10/2022	2022-01-19	2022-01-25
3/KM.10/2022	2022-01-12	2022-01-18
1/KM.10/2022	2022-01-05	2022-01-11
69/KM.10/2021	2021-12-29	2022-01-04
68/KM.10/2021	2021-12-22	2021-12-28
67/KM.10/2021	2021-12-15	2021-12-21
66/KM.10/2021	2021-12-08	2021-12-14
65/KM.10/2021	2021-12-01	2021-12-07
64/KM.10/2021	2021-11-24	2021-11-30
63/KM.10/2021	2021-11-17	2021-11-23
62/KM.10/2021	2021-11-10	2021-11-16
61/KM.10/2021	2021-11-03	2021-11-09
59/KM.10/2021	2021-10-27	2021-11-02
58/KM.10/2021	2021-10-20	2021-10-26
57/KM.10/2021	2021-10-13	2021-10-19
56/KM.10/2021	2021-10-06	2021-10-12
53/KM.10/2021	2021-09-29	2021-10-05
52/KM.10/2021	2021-09-22	2021-09-28
51/KM.10/2021	2021-09-15	2021-09-21
50/KM.10/2021	2021-09-08	2021-09-14
48/KM.10/2021	2021-09-01	2021-09-07
47/KM.10/2021	2021-08-25	2021-08-31
46/KM.10/2021	2021-08-18	2021-08-24
45/KM.10/2021	2021-08-11	2021-08-17
44/KM.10/2021	2021-08-04	2021-08-10
\.


--
-- Data for Name: nilai_kurs; Type: TABLE DATA; Schema: public; Owner: postgres
--

COPY public.nilai_kurs (doc_id, no_urut, currency_code, value_in_rupiah) FROM stdin;
35/KM.10/2023	1	USD	15053
35/KM.10/2023	2	AUD	10035.87
35/KM.10/2023	3	CAD	11335.3
35/KM.10/2023	4	DKK	2202.78
35/KM.10/2023	5	HKD	1923.08
35/KM.10/2023	6	MYR	3230.77
35/KM.10/2023	7	NZD	9299.5
35/KM.10/2023	8	NOK	1408.83
35/KM.10/2023	9	GBP	19173.7
35/KM.10/2023	10	SGD	11142.98
35/KM.10/2023	11	SEK	1384.14
35/KM.10/2023	12	CHF	16814.79
35/KM.10/2023	13	JPY	10451.89
35/KM.10/2023	14	MMK	7.17
35/KM.10/2023	15	INR	182.92
35/KM.10/2023	16	KWD	48982.35
35/KM.10/2023	17	PKR	54.54
35/KM.10/2023	18	PHP	271.61
35/KM.10/2023	19	SAR	4013
35/KM.10/2023	20	LKR	48.9
35/KM.10/2023	21	THB	429.43
35/KM.10/2023	22	BND	11139.98
35/KM.10/2023	23	EUR	16407.64
35/KM.10/2023	24	CNY	2077.32
35/KM.10/2023	25	KRW	11.55
34/KM.10/2023	1	USD	15013
34/KM.10/2023	2	AUD	9980.94
34/KM.10/2023	3	CAD	11356.45
34/KM.10/2023	4	DKK	2199.69
34/KM.10/2023	5	HKD	1916.31
34/KM.10/2023	6	MYR	3215.09
34/KM.10/2023	7	NZD	9187.06
34/KM.10/2023	8	NOK	1395.06
34/KM.10/2023	9	GBP	19040.69
34/KM.10/2023	10	SGD	11097.07
34/KM.10/2023	11	SEK	1392.23
34/KM.10/2023	12	CHF	16750.35
34/KM.10/2023	13	JPY	10409.36
34/KM.10/2023	14	MMK	7.15
34/KM.10/2023	15	INR	182.99
34/KM.10/2023	16	KWD	48843.22
34/KM.10/2023	17	PKR	52.33
34/KM.10/2023	18	PHP	271.22
34/KM.10/2023	19	SAR	4002.24
34/KM.10/2023	20	LKR	48.77
34/KM.10/2023	21	THB	423.7
34/KM.10/2023	22	BND	11097.33
34/KM.10/2023	23	EUR	16380.38
34/KM.10/2023	24	CNY	2070.95
34/KM.10/2023	25	KRW	11.46
33/KM.10/2023	1	USD	14987
33/KM.10/2023	2	AUD	10151.49
33/KM.10/2023	3	CAD	11363.15
33/KM.10/2023	4	DKK	2200.29
33/KM.10/2023	5	HKD	1914.92
33/KM.10/2023	6	MYR	3222.99
33/KM.10/2023	7	NZD	9259.2
33/KM.10/2023	8	NOK	1400.05
33/KM.10/2023	9	GBP	19119.35
33/KM.10/2023	10	SGD	11147.94
33/KM.10/2023	11	SEK	1398.51
33/KM.10/2023	12	CHF	16731.49
33/KM.10/2023	13	JPY	10522.09
33/KM.10/2023	14	MMK	7.13
33/KM.10/2023	15	INR	182.73
33/KM.10/2023	16	KWD	48839.05
33/KM.10/2023	17	PKR	52.21
33/KM.10/2023	18	PHP	269.2
33/KM.10/2023	19	SAR	3995.07
33/KM.10/2023	20	LKR	48.83
33/KM.10/2023	21	THB	429.05
33/KM.10/2023	22	BND	11141.8
33/KM.10/2023	23	EUR	16387.63
33/KM.10/2023	24	CNY	2085.24
33/KM.10/2023	25	KRW	11.61
31/KM.10/2023	1	USD	14905
31/KM.10/2023	2	AUD	10157.46
31/KM.10/2023	3	CAD	11218.07
31/KM.10/2023	4	DKK	2170.79
31/KM.10/2023	5	HKD	1903.99
31/KM.10/2023	6	MYR	3226.65
31/KM.10/2023	7	NZD	9225.3
31/KM.10/2023	8	NOK	1401.93
31/KM.10/2023	9	GBP	18895.37
31/KM.10/2023	10	SGD	11120.98
31/KM.10/2023	11	SEK	1392.91
31/KM.10/2023	12	CHF	16558.17
31/KM.10/2023	13	JPY	10615.79
31/KM.10/2023	14	MMK	7.09
31/KM.10/2023	15	INR	181.31
31/KM.10/2023	16	KWD	48523.07
31/KM.10/2023	17	PKR	52.01
31/KM.10/2023	18	PHP	266.38
31/KM.10/2023	19	SAR	3974.07
31/KM.10/2023	20	LKR	48.48
31/KM.10/2023	21	THB	430.06
31/KM.10/2023	22	BND	11121.57
31/KM.10/2023	23	EUR	16175.5
31/KM.10/2023	24	CNY	2084.43
31/KM.10/2023	25	KRW	11.66
30/KM.10/2023	1	USD	14872
30/KM.10/2023	2	AUD	9933.63
30/KM.10/2023	3	CAD	11112.31
30/KM.10/2023	4	DKK	2141.34
30/KM.10/2023	5	HKD	1896.9
30/KM.10/2023	6	MYR	3224.87
30/KM.10/2023	7	NZD	9044.61
30/KM.10/2023	8	NOK	1356.25
30/KM.10/2023	9	GBP	18569.27
30/KM.10/2023	10	SGD	11044.14
30/KM.10/2023	11	SEK	1369.26
30/KM.10/2023	12	CHF	16427.99
30/KM.10/2023	13	JPY	10658.2
30/KM.10/2023	14	MMK	7.08
30/KM.10/2023	15	INR	180.1
30/KM.10/2023	16	KWD	48346.48
30/KM.10/2023	17	PKR	51.91
30/KM.10/2023	18	PHP	264.88
30/KM.10/2023	19	SAR	3965.34
30/KM.10/2023	20	LKR	50.82
30/KM.10/2023	21	THB	428.27
30/KM.10/2023	22	BND	11039.02
30/KM.10/2023	23	EUR	15953.06
30/KM.10/2023	24	CNY	2085.16
30/KM.10/2023	25	KRW	11.43
29/KM.10/2023	1	USD	14982
29/KM.10/2023	2	AUD	9810
29/KM.10/2023	3	CAD	11074.23
29/KM.10/2023	4	DKK	2156.46
29/KM.10/2023	5	HKD	1912.9
29/KM.10/2023	6	MYR	3255.44
29/KM.10/2023	7	NZD	9066.9
29/KM.10/2023	8	NOK	1351.1
29/KM.10/2023	9	GBP	18633.9
29/KM.10/2023	10	SGD	11091.29
29/KM.10/2023	11	SEK	1383.97
29/KM.10/2023	12	CHF	16516
29/KM.10/2023	13	JPY	10727.24
29/KM.10/2023	14	MMK	7.13
29/KM.10/2023	15	INR	181.47
29/KM.10/2023	16	KWD	48708.71
29/KM.10/2023	17	PKR	52.49
29/KM.10/2023	18	PHP	266.78
29/KM.10/2023	19	SAR	3994.51
29/KM.10/2023	20	LKR	51.21
29/KM.10/2023	21	THB	431.26
29/KM.10/2023	22	BND	11095.73
29/KM.10/2023	23	EUR	16060.95
29/KM.10/2023	24	CNY	2109.52
29/KM.10/2023	25	KRW	11.38
27/KM.10/2023	1	USD	14919
27/KM.10/2023	2	AUD	9794.99
27/KM.10/2023	3	CAD	10991.73
27/KM.10/2023	4	DKK	2154.25
27/KM.10/2023	5	HKD	1904.61
27/KM.10/2023	6	MYR	3251.29
27/KM.10/2023	7	NZD	9177.98
27/KM.10/2023	8	NOK	1357.87
27/KM.10/2023	9	GBP	18462.76
27/KM.10/2023	10	SGD	11050.35
27/KM.10/2023	11	SEK	1393.23
27/KM.10/2023	12	CHF	16518.88
27/KM.10/2023	13	JPY	10696.81
27/KM.10/2023	14	MMK	7.09
27/KM.10/2023	15	INR	180.34
27/KM.10/2023	16	KWD	48522.54
27/KM.10/2023	17	PKR	52.12
27/KM.10/2023	18	PHP	267.17
27/KM.10/2023	19	SAR	3977.89
27/KM.10/2023	20	LKR	49.32
27/KM.10/2023	21	THB	430.69
27/KM.10/2023	22	BND	11045.21
27/KM.10/2023	23	EUR	16046.31
27/KM.10/2023	24	CNY	2110.44
27/KM.10/2023	25	KRW	11.3
26/KM.10/2023	1	USD	14859
26/KM.10/2023	2	AUD	9892.33
26/KM.10/2023	3	CAD	11020.48
26/KM.10/2023	4	DKK	2160.89
26/KM.10/2023	5	HKD	1897.62
26/KM.10/2023	6	MYR	3287.49
26/KM.10/2023	7	NZD	9280.76
26/KM.10/2023	8	NOK	1378.48
26/KM.10/2023	9	GBP	18530.62
26/KM.10/2023	10	SGD	11070.4
26/KM.10/2023	11	SEK	1420.66
26/KM.10/2023	12	CHF	16526.06
26/KM.10/2023	13	JPY	10815.75
26/KM.10/2023	14	MMK	7.08
26/KM.10/2023	15	INR	180.25
26/KM.10/2023	16	KWD	48404.95
26/KM.10/2023	17	PKR	52.08
26/KM.10/2023	18	PHP	265.42
26/KM.10/2023	19	SAR	3961.99
26/KM.10/2023	20	LKR	48.29
26/KM.10/2023	21	THB	435.18
26/KM.10/2023	22	BND	11067.9
26/KM.10/2023	23	EUR	16091.78
26/KM.10/2023	24	CNY	2120.19
26/KM.10/2023	25	KRW	11.13
25/KM.10/2023	1	USD	14738
25/KM.10/2023	2	AUD	9924.33
25/KM.10/2023	3	CAD	10969.91
25/KM.10/2023	4	DKK	2165.62
25/KM.10/2023	5	HKD	1879.8
25/KM.10/2023	6	MYR	3306.16
25/KM.10/2023	7	NZD	9295.34
25/KM.10/2023	8	NOK	1391.84
25/KM.10/2023	9	GBP	18519.65
25/KM.10/2023	10	SGD	11085.94
25/KM.10/2023	11	SEK	1436.26
25/KM.10/2023	12	CHF	16515.97
25/KM.10/2023	13	JPY	10918.06
25/KM.10/2023	14	MMK	7.02
25/KM.10/2023	15	INR	179.68
25/KM.10/2023	16	KWD	48040.49
25/KM.10/2023	17	PKR	50.8
25/KM.10/2023	18	PHP	264.81
25/KM.10/2023	19	SAR	3929.53
25/KM.10/2023	20	LKR	46.75
25/KM.10/2023	21	THB	436.24
25/KM.10/2023	22	BND	11081.89
25/KM.10/2023	23	EUR	16126.33
25/KM.10/2023	24	CNY	2122.62
25/KM.10/2023	25	KRW	11.11
24/KM.10/2023	1	USD	14679
24/KM.10/2023	2	AUD	9807.17
24/KM.10/2023	3	CAD	10841.19
24/KM.10/2023	4	DKK	2169.65
24/KM.10/2023	5	HKD	1870.15
24/KM.10/2023	6	MYR	3299.93
24/KM.10/2023	7	NZD	9152.79
24/KM.10/2023	8	NOK	1369.9
24/KM.10/2023	9	GBP	18418.01
24/KM.10/2023	10	SGD	11028.03
24/KM.10/2023	11	SEK	1430.45
24/KM.10/2023	12	CHF	16495.57
24/KM.10/2023	13	JPY	10827.43
24/KM.10/2023	14	MMK	6.99
24/KM.10/2023	15	INR	179.36
24/KM.10/2023	16	KWD	47942.17
24/KM.10/2023	17	PKR	51.71
24/KM.10/2023	18	PHP	265.26
24/KM.10/2023	19	SAR	3913.81
24/KM.10/2023	20	LKR	45.94
24/KM.10/2023	21	THB	430.81
24/KM.10/2023	22	BND	11034.21
24/KM.10/2023	23	EUR	16166.59
24/KM.10/2023	24	CNY	2117.79
24/KM.10/2023	25	KRW	11.02
23/KM.10/2023	1	USD	14765
23/KM.10/2023	2	AUD	9795.18
23/KM.10/2023	3	CAD	10864.68
23/KM.10/2023	4	DKK	2183.22
23/KM.10/2023	5	HKD	1880.95
23/KM.10/2023	6	MYR	3311.76
23/KM.10/2023	7	NZD	9080.57
23/KM.10/2023	8	NOK	1390.01
23/KM.10/2023	9	GBP	18434.87
23/KM.10/2023	10	SGD	11056.69
23/KM.10/2023	11	SEK	1435.11
23/KM.10/2023	12	CHF	16553.06
23/KM.10/2023	13	JPY	10986.6
23/KM.10/2023	14	MMK	7.03
23/KM.10/2023	15	INR	180.38
23/KM.10/2023	16	KWD	48415.22
23/KM.10/2023	17	PKR	52.19
23/KM.10/2023	18	PHP	265.47
23/KM.10/2023	19	SAR	3936.24
23/KM.10/2023	20	LKR	46
23/KM.10/2023	21	THB	431.26
23/KM.10/2023	22	BND	11117.17
23/KM.10/2023	23	EUR	16272.73
23/KM.10/2023	24	CNY	2130.89
23/KM.10/2023	25	KRW	11.05
21/KM.10/2023	1	USD	14824
21/KM.10/2023	2	AUD	9924.27
21/KM.10/2023	3	CAD	11040.98
21/KM.10/2023	4	DKK	2180.51
21/KM.10/2023	5	HKD	1888.39
21/KM.10/2023	6	MYR	3362.92
21/KM.10/2023	7	NZD	9226.68
21/KM.10/2023	8	NOK	1419.24
21/KM.10/2023	9	GBP	18448.31
21/KM.10/2023	10	SGD	11152.79
21/KM.10/2023	11	SEK	1427.31
21/KM.10/2023	12	CHF	16498.68
21/KM.10/2023	13	JPY	11115.49
21/KM.10/2023	14	MMK	7.06
21/KM.10/2023	15	INR	180.74
21/KM.10/2023	16	KWD	48389.99
21/KM.10/2023	17	PKR	52.07
21/KM.10/2023	18	PHP	268.42
21/KM.10/2023	19	SAR	3951.58
21/KM.10/2023	20	LKR	46.25
21/KM.10/2023	21	THB	433.18
21/KM.10/2023	22	BND	11149.6
21/KM.10/2023	23	EUR	16246.74
21/KM.10/2023	24	CNY	2153.8
21/KM.10/2023	25	KRW	11.27
20/KM.10/2023	1	USD	14945
20/KM.10/2023	2	AUD	10043.17
20/KM.10/2023	3	CAD	11095.66
20/KM.10/2023	4	DKK	2189.96
20/KM.10/2023	5	HKD	1903.85
20/KM.10/2023	6	MYR	3393.17
20/KM.10/2023	7	NZD	9390.98
20/KM.10/2023	8	NOK	1436.92
20/KM.10/2023	9	GBP	18601.73
20/KM.10/2023	10	SGD	11252.39
20/KM.10/2023	11	SEK	1438.33
20/KM.10/2023	12	CHF	16476.03
20/KM.10/2023	13	JPY	11331.57
20/KM.10/2023	14	MMK	7.11
20/KM.10/2023	15	INR	182.08
20/KM.10/2023	16	KWD	48649.59
20/KM.10/2023	17	PKR	52.26
20/KM.10/2023	18	PHP	273.96
20/KM.10/2023	19	SAR	3983.99
20/KM.10/2023	20	LKR	46.53
20/KM.10/2023	21	THB	438.29
20/KM.10/2023	22	BND	11242.48
20/KM.10/2023	23	EUR	16314.59
20/KM.10/2023	24	CNY	2172.15
20/KM.10/2023	25	KRW	11.36
18/KM.10/2023	1	USD	15079
18/KM.10/2023	2	AUD	10085.14
18/KM.10/2023	3	CAD	11110.37
18/KM.10/2023	4	DKK	2195.49
18/KM.10/2023	5	HKD	1920.93
18/KM.10/2023	6	MYR	3415.19
18/KM.10/2023	7	NZD	9408.39
18/KM.10/2023	8	NOK	1447.22
18/KM.10/2023	9	GBP	18597.23
18/KM.10/2023	10	SGD	11343.91
18/KM.10/2023	11	SEK	1453.01
18/KM.10/2023	12	CHF	16452.81
18/KM.10/2023	13	JPY	11408.27
18/KM.10/2023	14	MMK	7.18
18/KM.10/2023	15	INR	183.22
18/KM.10/2023	16	KWD	49164.18
18/KM.10/2023	17	PKR	53.18
18/KM.10/2023	18	PHP	277.19
18/KM.10/2023	19	SAR	4016.18
18/KM.10/2023	20	LKR	46.43
18/KM.10/2023	21	THB	440.11
18/KM.10/2023	22	BND	11343.76
18/KM.10/2023	23	EUR	16354.98
18/KM.10/2023	24	CNY	2191.75
18/KM.10/2023	25	KRW	11.59
16/KM.10/2023	1	USD	15304
16/KM.10/2023	2	AUD	10222.93
16/KM.10/2023	3	CAD	11159.4
16/KM.10/2023	4	DKK	2216.56
16/KM.10/2023	5	HKD	1950.26
16/KM.10/2023	6	MYR	3437.81
16/KM.10/2023	7	NZD	9523.57
16/KM.10/2023	8	NOK	1456.54
16/KM.10/2023	9	GBP	18756.68
16/KM.10/2023	10	SGD	11485.71
16/KM.10/2023	11	SEK	1477.84
16/KM.10/2023	12	CHF	16615.28
16/KM.10/2023	13	JPY	11649.03
16/KM.10/2023	14	MMK	7.29
16/KM.10/2023	15	INR	185.47
16/KM.10/2023	16	KWD	49978.98
16/KM.10/2023	17	PKR	54.02
16/KM.10/2023	18	PHP	281
16/KM.10/2023	19	SAR	4073.61
16/KM.10/2023	20	LKR	46.99
16/KM.10/2023	21	THB	447.25
16/KM.10/2023	22	BND	11489.29
16/KM.10/2023	23	EUR	16508.01
16/KM.10/2023	24	CNY	2230.33
16/KM.10/2023	25	KRW	11.77
15/KM.10/2023	1	USD	15381
15/KM.10/2023	2	AUD	10249.98
15/KM.10/2023	3	CAD	11204.02
15/KM.10/2023	4	DKK	2202.79
15/KM.10/2023	5	HKD	1959.67
15/KM.10/2023	6	MYR	3425.13
15/KM.10/2023	7	NZD	9569.56
15/KM.10/2023	8	NOK	1442.8
15/KM.10/2023	9	GBP	18665.41
15/KM.10/2023	10	SGD	11422.35
15/KM.10/2023	11	SEK	1460.46
15/KM.10/2023	12	CHF	16663.99
15/KM.10/2023	13	JPY	11539.07
15/KM.10/2023	14	MMK	7.32
15/KM.10/2023	15	INR	186.42
15/KM.10/2023	16	KWD	50139.11
15/KM.10/2023	17	PKR	54.51
15/KM.10/2023	18	PHP	280.01
15/KM.10/2023	19	SAR	4095.31
15/KM.10/2023	20	LKR	46.03
15/KM.10/2023	21	THB	446.51
15/KM.10/2023	22	BND	11418.43
15/KM.10/2023	23	EUR	16401.75
15/KM.10/2023	24	CNY	2235.12
15/KM.10/2023	25	KRW	11.77
14/KM.10/2023	1	USD	15404
14/KM.10/2023	2	AUD	10188.73
14/KM.10/2023	3	CAD	11189.13
14/KM.10/2023	4	DKK	2193.69
14/KM.10/2023	5	HKD	1962.44
14/KM.10/2023	6	MYR	3420.97
14/KM.10/2023	7	NZD	9439.51
14/KM.10/2023	8	NOK	1451.52
14/KM.10/2023	9	GBP	18377.8
14/KM.10/2023	10	SGD	11398.95
14/KM.10/2023	11	SEK	1442.77
14/KM.10/2023	12	CHF	16500.34
14/KM.10/2023	13	JPY	11298.95
14/KM.10/2023	14	MMK	7.34
14/KM.10/2023	15	INR	187.84
14/KM.10/2023	16	KWD	50124.76
14/KM.10/2023	17	PKR	55.4
14/KM.10/2023	18	PHP	279.5
14/KM.10/2023	19	SAR	4103.42
14/KM.10/2023	20	LKR	47.36
14/KM.10/2023	21	THB	441.5
14/KM.10/2023	22	BND	11393.61
14/KM.10/2023	23	EUR	16327.3
14/KM.10/2023	24	CNY	2211.3
14/KM.10/2023	25	KRW	11.73
13/KM.10/2023	1	USD	15269
13/KM.10/2023	2	AUD	10299.89
13/KM.10/2023	3	CAD	11225.1
13/KM.10/2023	4	DKK	2178.15
13/KM.10/2023	5	HKD	1945.43
13/KM.10/2023	6	MYR	3409.63
13/KM.10/2023	7	NZD	9480.88
13/KM.10/2023	8	NOK	1469.83
13/KM.10/2023	9	GBP	18351.94
13/KM.10/2023	10	SGD	11343.68
13/KM.10/2023	11	SEK	1460.95
13/KM.10/2023	12	CHF	16256.33
13/KM.10/2023	13	JPY	11207.3
13/KM.10/2023	14	MMK	7.27
13/KM.10/2023	15	INR	185.04
13/KM.10/2023	16	KWD	49743.88
13/KM.10/2023	17	PKR	56.7
13/KM.10/2023	18	PHP	276.89
13/KM.10/2023	19	SAR	4068.4
13/KM.10/2023	20	LKR	43.09
13/KM.10/2023	21	THB	436.96
13/KM.10/2023	22	BND	11348.33
13/KM.10/2023	23	EUR	16210.67
13/KM.10/2023	24	CNY	2205.76
13/KM.10/2023	25	KRW	11.64
12/KM.10/2023	1	USD	15194
12/KM.10/2023	2	AUD	10361.73
12/KM.10/2023	3	CAD	11220.77
12/KM.10/2023	4	DKK	2166.58
12/KM.10/2023	5	HKD	1936.93
12/KM.10/2023	6	MYR	3425.7
12/KM.10/2023	7	NZD	9446.16
12/KM.10/2023	8	NOK	1472.56
12/KM.10/2023	9	GBP	18279.72
12/KM.10/2023	10	SGD	11321.27
12/KM.10/2023	11	SEK	1458.24
12/KM.10/2023	12	CHF	16313
12/KM.10/2023	13	JPY	11249.85
12/KM.10/2023	14	MMK	7.24
12/KM.10/2023	15	INR	183.55
12/KM.10/2023	16	KWD	49553.13
12/KM.10/2023	17	PKR	58.09
12/KM.10/2023	18	PHP	275.95
12/KM.10/2023	19	SAR	4050.22
12/KM.10/2023	20	LKR	41.58
12/KM.10/2023	21	THB	438.95
12/KM.10/2023	22	BND	11329.65
12/KM.10/2023	23	EUR	16130.44
12/KM.10/2023	24	CNY	2198.58
12/KM.10/2023	25	KRW	11.69
10/KM.10/2023	1	USD	15191
10/KM.10/2023	2	AUD	10515.84
10/KM.10/2023	3	CAD	11337.28
10/KM.10/2023	4	DKK	2182.51
10/KM.10/2023	5	HKD	1935.5
10/KM.10/2023	6	MYR	3461.79
10/KM.10/2023	7	NZD	9564.31
10/KM.10/2023	8	NOK	1489.98
10/KM.10/2023	9	GBP	18341.74
10/KM.10/2023	10	SGD	11394.77
10/KM.10/2023	11	SEK	1458.61
10/KM.10/2023	12	CHF	16455.36
10/KM.10/2023	13	JPY	11373.1
10/KM.10/2023	14	MMK	7.24
10/KM.10/2023	15	INR	183.53
10/KM.10/2023	16	KWD	49618.04
10/KM.10/2023	17	PKR	57.02
10/KM.10/2023	18	PHP	276.03
10/KM.10/2023	19	SAR	4049.19
10/KM.10/2023	20	LKR	41.64
10/KM.10/2023	21	THB	444.33
10/KM.10/2023	22	BND	11383.6
10/KM.10/2023	23	EUR	16259.71
10/KM.10/2023	24	CNY	2216.48
10/KM.10/2023	25	KRW	11.84
9/KM.10/2023	1	USD	15116
9/KM.10/2023	2	AUD	10465.76
9/KM.10/2023	3	CAD	11264.87
9/KM.10/2023	4	DKK	2176.32
9/KM.10/2023	5	HKD	1925.78
9/KM.10/2023	6	MYR	3497.35
9/KM.10/2023	7	NZD	9543.74
9/KM.10/2023	8	NOK	1472.99
9/KM.10/2023	9	GBP	18235.58
9/KM.10/2023	10	SGD	11392.05
9/KM.10/2023	11	SEK	1436.68
9/KM.10/2023	12	CHF	16368.01
9/KM.10/2023	13	JPY	11484.32
9/KM.10/2023	14	MMK	7.2
9/KM.10/2023	15	INR	183.01
9/KM.10/2023	16	KWD	49425.28
9/KM.10/2023	17	PKR	55.52
9/KM.10/2023	18	PHP	276.64
9/KM.10/2023	19	SAR	4028.27
9/KM.10/2023	20	LKR	41.27
9/KM.10/2023	21	THB	449.83
9/KM.10/2023	22	BND	11374.46
9/KM.10/2023	23	EUR	16198.05
9/KM.10/2023	24	CNY	2222.75
9/KM.10/2023	25	KRW	12.01
8/KM.10/2023	1	USD	14946
8/KM.10/2023	2	AUD	10537.25
8/KM.10/2023	3	CAD	11204.1
8/KM.10/2023	4	DKK	2185.75
8/KM.10/2023	5	HKD	1905.87
8/KM.10/2023	6	MYR	3511.98
8/KM.10/2023	7	NZD	9631.54
8/KM.10/2023	8	NOK	1490.27
8/KM.10/2023	9	GBP	18331.97
8/KM.10/2023	10	SGD	11377.59
8/KM.10/2023	11	SEK	1433.97
8/KM.10/2023	12	CHF	16285.22
8/KM.10/2023	13	JPY	11508.48
8/KM.10/2023	14	MMK	7.12
8/KM.10/2023	15	INR	182.54
8/KM.10/2023	16	KWD	48965.74
8/KM.10/2023	17	PKR	55.22
8/KM.10/2023	18	PHP	275.49
8/KM.10/2023	19	SAR	3982.39
8/KM.10/2023	20	LKR	40.81
8/KM.10/2023	21	THB	454.83
8/KM.10/2023	22	BND	11376.28
8/KM.10/2023	23	EUR	16263.5
8/KM.10/2023	24	CNY	2212.43
8/KM.10/2023	25	KRW	12.17
7/KM.10/2023	1	USD	14958
7/KM.10/2023	2	AUD	10588.12
7/KM.10/2023	3	CAD	11202.27
7/KM.10/2023	4	DKK	2189.23
7/KM.10/2023	5	HKD	1910.25
7/KM.10/2023	6	MYR	3522.04
7/KM.10/2023	7	NZD	9708.91
7/KM.10/2023	8	NOK	1515.97
7/KM.10/2023	9	GBP	18519.18
7/KM.10/2023	10	SGD	11371.93
7/KM.10/2023	11	SEK	1459.9
7/KM.10/2023	12	CHF	16244.03
7/KM.10/2023	13	JPY	11496.4
7/KM.10/2023	14	MMK	7.13
7/KM.10/2023	15	INR	183.36
7/KM.10/2023	16	KWD	49039.53
7/KM.10/2023	17	PKR	60.07
7/KM.10/2023	18	PHP	274.39
7/KM.10/2023	19	SAR	3984.2
7/KM.10/2023	20	LKR	41
7/KM.10/2023	21	THB	456
7/KM.10/2023	22	BND	11383.53
7/KM.10/2023	23	EUR	16284.23
7/KM.10/2023	24	CNY	2210.91
7/KM.10/2023	25	KRW	12.16
5/KM.10/2023	1	USD	15109
5/KM.10/2023	2	AUD	10503.34
5/KM.10/2023	3	CAD	11252.22
5/KM.10/2023	4	DKK	2197.16
5/KM.10/2023	5	HKD	1931.51
5/KM.10/2023	6	MYR	3505.33
5/KM.10/2023	7	NZD	9704.99
5/KM.10/2023	8	NOK	1527.83
5/KM.10/2023	9	GBP	18618.88
5/KM.10/2023	10	SGD	11440.51
5/KM.10/2023	11	SEK	1458.83
5/KM.10/2023	12	CHF	16416.9
5/KM.10/2023	13	JPY	11737.18
5/KM.10/2023	14	MMK	7.2
5/KM.10/2023	15	INR	185.56
5/KM.10/2023	16	KWD	49348.63
5/KM.10/2023	17	PKR	65.76
5/KM.10/2023	18	PHP	276.53
5/KM.10/2023	19	SAR	4022.73
5/KM.10/2023	20	LKR	41.25
5/KM.10/2023	21	THB	458.47
5/KM.10/2023	22	BND	11420.73
5/KM.10/2023	23	EUR	16345.61
5/KM.10/2023	24	CNY	2232.82
5/KM.10/2023	25	KRW	12.22
4/KM.10/2023	1	USD	15447
4/KM.10/2023	2	AUD	10702.02
4/KM.10/2023	3	CAD	11526.8
4/KM.10/2023	4	DKK	2238.79
4/KM.10/2023	5	HKD	1978.08
4/KM.10/2023	6	MYR	3540.62
4/KM.10/2023	7	NZD	9848.13
4/KM.10/2023	8	NOK	1553.06
4/KM.10/2023	9	GBP	18820.45
4/KM.10/2023	10	SGD	11635.86
4/KM.10/2023	11	SEK	1482.73
4/KM.10/2023	12	CHF	16681.71
4/KM.10/2023	13	JPY	11814.57
4/KM.10/2023	14	MMK	7.36
4/KM.10/2023	15	INR	189.01
4/KM.10/2023	16	KWD	50447.57
4/KM.10/2023	17	PKR	67.61
4/KM.10/2023	18	PHP	280.82
4/KM.10/2023	19	SAR	4112.71
4/KM.10/2023	20	LKR	42.06
4/KM.10/2023	21	THB	464.24
4/KM.10/2023	22	BND	11628.88
4/KM.10/2023	23	EUR	16652.36
4/KM.10/2023	24	CNY	2286.68
4/KM.10/2023	25	KRW	12.41
3/KM.10/2023	1	USD	15605
3/KM.10/2023	2	AUD	10610.06
3/KM.10/2023	3	CAD	11518.54
3/KM.10/2023	4	DKK	2223.33
3/KM.10/2023	5	HKD	1997.6
3/KM.10/2023	6	MYR	3550.68
3/KM.10/2023	7	NZD	9813.3
3/KM.10/2023	8	NOK	1551.83
3/KM.10/2023	9	GBP	18747.13
3/KM.10/2023	10	SGD	11623.39
3/KM.10/2023	11	SEK	1478.92
3/KM.10/2023	12	CHF	16757.3
3/KM.10/2023	13	JPY	11822.59
3/KM.10/2023	14	MMK	7.44
3/KM.10/2023	15	INR	188.59
3/KM.10/2023	16	KWD	50923.45
3/KM.10/2023	17	PKR	68.81
3/KM.10/2023	18	PHP	279.74
3/KM.10/2023	19	SAR	4151.3
3/KM.10/2023	20	LKR	42.67
3/KM.10/2023	21	THB	457.46
3/KM.10/2023	22	BND	11610.75
3/KM.10/2023	23	EUR	16535.98
3/KM.10/2023	24	CNY	2263.55
3/KM.10/2023	25	KRW	12.28
2/KM.10/2023	1	USD	15665
2/KM.10/2023	2	AUD	10584.93
2/KM.10/2023	3	CAD	11549.21
2/KM.10/2023	4	DKK	2243.46
2/KM.10/2023	5	HKD	2008.23
2/KM.10/2023	6	MYR	3545.46
2/KM.10/2023	7	NZD	9893.82
2/KM.10/2023	8	NOK	1589.97
2/KM.10/2023	9	GBP	18873.17
2/KM.10/2023	10	SGD	11640.53
2/KM.10/2023	11	SEK	1496.16
2/KM.10/2023	12	CHF	16887.9
2/KM.10/2023	13	JPY	11777.77
2/KM.10/2023	14	MMK	7.47
2/KM.10/2023	15	INR	189.22
2/KM.10/2023	16	KWD	51102.7
2/KM.10/2023	17	PKR	69.06
2/KM.10/2023	18	PHP	280
2/KM.10/2023	19	SAR	4167.04
2/KM.10/2023	20	LKR	42.8
2/KM.10/2023	21	THB	451.68
2/KM.10/2023	22	BND	11623.2
2/KM.10/2023	23	EUR	16683.94
2/KM.10/2023	24	CNY	2248.32
2/KM.10/2023	25	KRW	12.34
67/KM.10/2022	1	USD	15606
67/KM.10/2022	2	AUD	10448.4
67/KM.10/2022	3	CAD	11453.63
67/KM.10/2022	4	DKK	2226.18
67/KM.10/2022	5	HKD	2002.52
67/KM.10/2022	6	MYR	3522.83
67/KM.10/2022	7	NZD	9843.2
67/KM.10/2022	8	NOK	1580.19
67/KM.10/2022	9	GBP	18884.58
67/KM.10/2022	10	SGD	11538.83
67/KM.10/2022	11	SEK	1493.59
67/KM.10/2022	12	CHF	16796.32
67/KM.10/2022	13	JPY	11709.74
67/KM.10/2022	14	MMK	7.44
67/KM.10/2022	15	INR	188.52
67/KM.10/2022	16	KWD	50892.38
67/KM.10/2022	17	PKR	69.18
67/KM.10/2022	18	PHP	282.64
67/KM.10/2022	19	SAR	4149.82
67/KM.10/2022	20	LKR	42.66
67/KM.10/2022	21	THB	449.17
67/KM.10/2022	22	BND	11530.97
67/KM.10/2022	23	EUR	16557.44
67/KM.10/2022	24	CNY	2232.81
67/KM.10/2022	25	KRW	12.12
66/KM.10/2022	1	USD	15634
66/KM.10/2022	2	AUD	10584.71
66/KM.10/2022	3	CAD	11480.92
66/KM.10/2022	4	DKK	2230.68
66/KM.10/2022	5	HKD	2010.32
66/KM.10/2022	6	MYR	3540.34
66/KM.10/2022	7	NZD	10011.57
66/KM.10/2022	8	NOK	1587
66/KM.10/2022	9	GBP	19194.24
66/KM.10/2022	10	SGD	11548.6
66/KM.10/2022	11	SEK	1519.03
66/KM.10/2022	12	CHF	16805.84
66/KM.10/2022	13	JPY	11442.94
66/KM.10/2022	14	MMK	7.44
66/KM.10/2022	15	INR	189.08
66/KM.10/2022	16	KWD	50912.25
66/KM.10/2022	17	PKR	69.59
66/KM.10/2022	18	PHP	280.57
66/KM.10/2022	19	SAR	4157.7
66/KM.10/2022	20	LKR	42.6
66/KM.10/2022	21	THB	449.08
66/KM.10/2022	22	BND	11533.19
66/KM.10/2022	23	EUR	16592.46
66/KM.10/2022	24	CNY	2242.02
66/KM.10/2022	25	KRW	11.99
65/KM.10/2022	1	USD	15563
65/KM.10/2022	2	AUD	10481.68
65/KM.10/2022	3	CAD	11420.88
65/KM.10/2022	4	DKK	2199.64
65/KM.10/2022	5	HKD	1999.92
65/KM.10/2022	6	MYR	3542.52
65/KM.10/2022	7	NZD	9892.47
65/KM.10/2022	8	NOK	1557.48
65/KM.10/2022	9	GBP	18992.77
65/KM.10/2022	10	SGD	11477.99
65/KM.10/2022	11	SEK	1500.04
65/KM.10/2022	12	CHF	16568.37
65/KM.10/2022	13	JPY	11383.12
65/KM.10/2022	14	MMK	7.41
65/KM.10/2022	15	INR	189.06
65/KM.10/2022	16	KWD	50776.13
65/KM.10/2022	17	PKR	69.45
65/KM.10/2022	18	PHP	279.51
65/KM.10/2022	19	SAR	4139.36
65/KM.10/2022	20	LKR	42.37
65/KM.10/2022	21	THB	445.36
65/KM.10/2022	22	BND	11496.45
65/KM.10/2022	23	EUR	16359.83
65/KM.10/2022	24	CNY	2233.29
65/KM.10/2022	25	KRW	11.87
64/KM.10/2022	1	USD	15651
64/KM.10/2022	2	AUD	10557.09
64/KM.10/2022	3	CAD	11612.63
64/KM.10/2022	4	DKK	2194.06
64/KM.10/2022	5	HKD	2006.38
64/KM.10/2022	6	MYR	3526.78
64/KM.10/2022	7	NZD	9836.21
64/KM.10/2022	8	NOK	1584.56
64/KM.10/2022	9	GBP	18936.22
64/KM.10/2022	10	SGD	11475.2
64/KM.10/2022	11	SEK	1497.42
64/KM.10/2022	12	CHF	16569.41
64/KM.10/2022	13	JPY	11419.11
64/KM.10/2022	14	MMK	7.45
64/KM.10/2022	15	INR	192.1
64/KM.10/2022	16	KWD	50877.94
64/KM.10/2022	17	PKR	69.93
64/KM.10/2022	18	PHP	278
64/KM.10/2022	19	SAR	4164.15
64/KM.10/2022	20	LKR	42.55
64/KM.10/2022	21	THB	444.61
64/KM.10/2022	22	BND	11453.75
64/KM.10/2022	23	EUR	16317.84
64/KM.10/2022	24	CNY	2204.76
64/KM.10/2022	25	KRW	11.88
62/KM.10/2022	1	USD	15688
62/KM.10/2022	2	AUD	10511.32
62/KM.10/2022	3	CAD	11725.89
62/KM.10/2022	4	DKK	2183.18
62/KM.10/2022	5	HKD	2008.13
62/KM.10/2022	6	MYR	3454.34
62/KM.10/2022	7	NZD	9729.14
62/KM.10/2022	8	NOK	1564.92
62/KM.10/2022	9	GBP	18815.39
62/KM.10/2022	10	SGD	11386.31
62/KM.10/2022	11	SEK	1489.61
62/KM.10/2022	12	CHF	16540.42
62/KM.10/2022	13	JPY	11194.23
62/KM.10/2022	14	MMK	7.47
62/KM.10/2022	15	INR	191.93
62/KM.10/2022	16	KWD	50937.08
62/KM.10/2022	17	PKR	70.24
62/KM.10/2022	18	PHP	275.03
62/KM.10/2022	19	SAR	4174.57
62/KM.10/2022	20	LKR	42.73
62/KM.10/2022	21	THB	435.41
62/KM.10/2022	22	BND	11385.02
62/KM.10/2022	23	EUR	16236.04
62/KM.10/2022	24	CNY	2188.94
62/KM.10/2022	25	KRW	11.68
61/KM.10/2022	1	USD	15611
61/KM.10/2022	2	AUD	10476.76
61/KM.10/2022	3	CAD	11715.12
61/KM.10/2022	4	DKK	2172.46
61/KM.10/2022	5	HKD	1994.8
61/KM.10/2022	6	MYR	3423.36
61/KM.10/2022	7	NZD	9578.54
61/KM.10/2022	8	NOK	1550.68
61/KM.10/2022	9	GBP	18510.5
61/KM.10/2022	10	SGD	11372.37
61/KM.10/2022	11	SEK	1481.13
61/KM.10/2022	12	CHF	16471.53
61/KM.10/2022	13	JPY	11162.4
61/KM.10/2022	14	MMK	7.43
61/KM.10/2022	15	INR	191.77
61/KM.10/2022	16	KWD	50694.55
61/KM.10/2022	17	PKR	70.13
61/KM.10/2022	18	PHP	272.43
61/KM.10/2022	19	SAR	4153.25
61/KM.10/2022	20	LKR	42.5
61/KM.10/2022	21	THB	436.46
61/KM.10/2022	22	BND	11363.89
61/KM.10/2022	23	EUR	16159.26
61/KM.10/2022	24	CNY	2200.38
61/KM.10/2022	25	KRW	11.74
60/KM.10/2022	1	USD	15645
60/KM.10/2022	2	AUD	10243.9
60/KM.10/2022	3	CAD	11667.21
60/KM.10/2022	4	DKK	2130.78
60/KM.10/2022	5	HKD	1993.99
60/KM.10/2022	6	MYR	3330.37
60/KM.10/2022	7	NZD	9357.47
60/KM.10/2022	8	NOK	1538.18
60/KM.10/2022	9	GBP	18136.08
60/KM.10/2022	10	SGD	11244.74
60/KM.10/2022	11	SEK	1463.91
60/KM.10/2022	12	CHF	16081.91
60/KM.10/2022	13	JPY	10886.07
60/KM.10/2022	14	MMK	7.46
60/KM.10/2022	15	INR	191.98
60/KM.10/2022	16	KWD	50642.36
60/KM.10/2022	17	PKR	70.57
60/KM.10/2022	18	PHP	269.41
60/KM.10/2022	19	SAR	4161.47
60/KM.10/2022	20	LKR	42.65
60/KM.10/2022	21	THB	424.23
60/KM.10/2022	22	BND	11248.16
60/KM.10/2022	23	EUR	15851.62
60/KM.10/2022	24	CNY	2174.21
60/KM.10/2022	25	KRW	11.42
59/KM.10/2022	1	USD	15663
59/KM.10/2022	2	AUD	9993.86
59/KM.10/2022	3	CAD	11484.21
59/KM.10/2022	4	DKK	2074.2
59/KM.10/2022	5	HKD	1995.28
59/KM.10/2022	6	MYR	3305.15
59/KM.10/2022	7	NZD	9140.58
59/KM.10/2022	8	NOK	1505.15
59/KM.10/2022	9	GBP	17818.8
59/KM.10/2022	10	SGD	11064.46
59/KM.10/2022	11	SEK	1417.27
59/KM.10/2022	12	CHF	15624.28
59/KM.10/2022	13	JPY	10586.14
59/KM.10/2022	14	MMK	7.46
59/KM.10/2022	15	INR	189.35
59/KM.10/2022	16	KWD	50513.08
59/KM.10/2022	17	PKR	70.78
59/KM.10/2022	18	PHP	267.71
59/KM.10/2022	19	SAR	4168.35
59/KM.10/2022	20	LKR	42.74
59/KM.10/2022	21	THB	414.59
59/KM.10/2022	22	BND	11061.94
59/KM.10/2022	23	EUR	15437.8
59/KM.10/2022	24	CNY	2145.19
59/KM.10/2022	25	KRW	11.02
57/KM.10/2022	1	USD	15584
57/KM.10/2022	2	AUD	9993.95
57/KM.10/2022	3	CAD	11453.83
57/KM.10/2022	4	DKK	2088.18
57/KM.10/2022	5	HKD	1985.25
57/KM.10/2022	6	MYR	3297.32
57/KM.10/2022	7	NZD	9008.76
57/KM.10/2022	8	NOK	1504.69
57/KM.10/2022	9	GBP	17938.05
57/KM.10/2022	10	SGD	11029.22
57/KM.10/2022	11	SEK	1419.08
57/KM.10/2022	12	CHF	15680.94
57/KM.10/2022	13	JPY	10570.75
57/KM.10/2022	14	MMK	7.43
57/KM.10/2022	15	INR	188.73
57/KM.10/2022	16	KWD	50251.05
57/KM.10/2022	17	PKR	70.58
57/KM.10/2022	18	PHP	266.53
57/KM.10/2022	19	SAR	4146.22
57/KM.10/2022	20	LKR	42.6
57/KM.10/2022	21	THB	410.45
57/KM.10/2022	22	BND	11027.96
57/KM.10/2022	23	EUR	15536.65
57/KM.10/2022	24	CNY	2143.66
57/KM.10/2022	25	KRW	10.91
55/KM.10/2022	1	USD	15526
55/KM.10/2022	2	AUD	9790.57
55/KM.10/2022	3	CAD	11312.39
55/KM.10/2022	4	DKK	2050.5
55/KM.10/2022	5	HKD	1977.9
55/KM.10/2022	6	MYR	3286.69
55/KM.10/2022	7	NZD	8823.93
55/KM.10/2022	8	NOK	1468.41
55/KM.10/2022	9	GBP	17523.97
55/KM.10/2022	10	SGD	10923.82
55/KM.10/2022	11	SEK	1388.9
55/KM.10/2022	12	CHF	15536.99
55/KM.10/2022	13	JPY	10406.03
55/KM.10/2022	14	MMK	7.4
55/KM.10/2022	15	INR	187.89
55/KM.10/2022	16	KWD	50017.48
55/KM.10/2022	17	PKR	70.5
55/KM.10/2022	18	PHP	263.59
55/KM.10/2022	19	SAR	4132.3
55/KM.10/2022	20	LKR	42.36
55/KM.10/2022	21	THB	406.34
55/KM.10/2022	22	BND	10926.49
55/KM.10/2022	23	EUR	15252.55
55/KM.10/2022	24	CNY	2145.34
55/KM.10/2022	25	KRW	10.85
54/KM.10/2022	1	USD	15357
54/KM.10/2022	2	AUD	9628.34
54/KM.10/2022	3	CAD	11122.85
54/KM.10/2022	4	DKK	2006.98
54/KM.10/2022	5	HKD	1956.23
54/KM.10/2022	6	MYR	3271.93
54/KM.10/2022	7	NZD	8586.88
54/KM.10/2022	8	NOK	1435.29
54/KM.10/2022	9	GBP	17082.54
54/KM.10/2022	10	SGD	10711.34
54/KM.10/2022	11	SEK	1357.4
54/KM.10/2022	12	CHF	15354.66
54/KM.10/2022	13	JPY	10456.64
54/KM.10/2022	14	MMK	7.32
54/KM.10/2022	15	INR	186.52
54/KM.10/2022	16	KWD	49503.24
54/KM.10/2022	17	PKR	70.5
54/KM.10/2022	18	PHP	260.48
54/KM.10/2022	19	SAR	4086.12
54/KM.10/2022	20	LKR	42.05
54/KM.10/2022	21	THB	402.97
54/KM.10/2022	22	BND	10717.16
54/KM.10/2022	23	EUR	14929.6
54/KM.10/2022	24	CNY	2138.78
54/KM.10/2022	25	KRW	10.72
53/KM.10/2022	1	USD	15242
53/KM.10/2022	2	AUD	9841.81
53/KM.10/2022	3	CAD	11167.15
53/KM.10/2022	4	DKK	2017.29
53/KM.10/2022	5	HKD	1941.64
53/KM.10/2022	6	MYR	3283.55
53/KM.10/2022	7	NZD	8676.74
53/KM.10/2022	8	NOK	1437.21
53/KM.10/2022	9	GBP	17184.29
53/KM.10/2022	10	SGD	10669.65
53/KM.10/2022	11	SEK	1380.53
53/KM.10/2022	12	CHF	15423.91
53/KM.10/2022	13	JPY	10530.18
53/KM.10/2022	14	MMK	7.27
53/KM.10/2022	15	INR	185.87
53/KM.10/2022	16	KWD	49183.17
53/KM.10/2022	17	PKR	68.28
53/KM.10/2022	18	PHP	259.28
53/KM.10/2022	19	SAR	4055.36
53/KM.10/2022	20	LKR	41.74
53/KM.10/2022	21	THB	405.93
53/KM.10/2022	22	BND	10665.86
53/KM.10/2022	23	EUR	15007.18
53/KM.10/2022	24	CNY	2150.83
53/KM.10/2022	25	KRW	10.74
52/KM.10/2022	1	USD	15200
52/KM.10/2022	2	AUD	9822.63
52/KM.10/2022	3	CAD	11082.01
52/KM.10/2022	4	DKK	1984.63
52/KM.10/2022	5	HKD	1936.27
52/KM.10/2022	6	MYR	3287.31
52/KM.10/2022	7	NZD	8612.78
52/KM.10/2022	8	NOK	1410.11
52/KM.10/2022	9	GBP	16596.92
52/KM.10/2022	10	SGD	10584.25
52/KM.10/2022	11	SEK	1352.46
52/KM.10/2022	12	CHF	15433.79
52/KM.10/2022	13	JPY	10512.51
52/KM.10/2022	14	MMK	7.25
52/KM.10/2022	15	INR	186.11
52/KM.10/2022	16	KWD	48955.17
52/KM.10/2022	17	PKR	65.51
52/KM.10/2022	18	PHP	258.04
52/KM.10/2022	19	SAR	4041.44
52/KM.10/2022	20	LKR	41.69
52/KM.10/2022	21	THB	399.88
52/KM.10/2022	22	BND	10584.61
52/KM.10/2022	23	EUR	14759.94
52/KM.10/2022	24	CNY	2125.44
52/KM.10/2022	25	KRW	10.61
51/KM.10/2022	1	USD	15007
51/KM.10/2022	2	AUD	9970.22
51/KM.10/2022	3	CAD	11172.76
51/KM.10/2022	4	DKK	1991.79
51/KM.10/2022	5	HKD	1911.81
51/KM.10/2022	6	MYR	3289.61
51/KM.10/2022	7	NZD	8794.28
51/KM.10/2022	8	NOK	1445.7
51/KM.10/2022	9	GBP	16868.24
51/KM.10/2022	10	SGD	10591.44
51/KM.10/2022	11	SEK	1361.33
51/KM.10/2022	12	CHF	15454.99
51/KM.10/2022	13	JPY	10469.08
51/KM.10/2022	14	MMK	7.15
51/KM.10/2022	15	INR	186.95
51/KM.10/2022	16	KWD	48508.78
51/KM.10/2022	17	PKR	62.7
51/KM.10/2022	18	PHP	258.83
51/KM.10/2022	19	SAR	3991.32
51/KM.10/2022	20	LKR	41.23
51/KM.10/2022	21	THB	403.2
51/KM.10/2022	22	BND	10590.55
51/KM.10/2022	23	EUR	14813.21
51/KM.10/2022	24	CNY	2123.8
51/KM.10/2022	25	KRW	10.72
49/KM.10/2022	1	USD	14893
49/KM.10/2022	2	AUD	10062.36
49/KM.10/2022	3	CAD	11314.2
49/KM.10/2022	4	DKK	2006.21
49/KM.10/2022	5	HKD	1897.28
49/KM.10/2022	6	MYR	3295.81
49/KM.10/2022	7	NZD	8962.72
49/KM.10/2022	8	NOK	1477.34
49/KM.10/2022	9	GBP	17156.41
49/KM.10/2022	10	SGD	10599.28
49/KM.10/2022	11	SEK	1395.4
49/KM.10/2022	12	CHF	15499.47
49/KM.10/2022	13	JPY	10385.95
49/KM.10/2022	14	MMK	7.09
49/KM.10/2022	15	INR	187.29
49/KM.10/2022	16	KWD	48250.84
49/KM.10/2022	17	PKR	64.28
49/KM.10/2022	18	PHP	260.96
49/KM.10/2022	19	SAR	3962.74
49/KM.10/2022	20	LKR	40.92
49/KM.10/2022	21	THB	406.71
49/KM.10/2022	22	BND	10599.49
49/KM.10/2022	23	EUR	14919.01
49/KM.10/2022	24	CNY	2134.37
49/KM.10/2022	25	KRW	10.74
48/KM.10/2022	1	USD	14897
48/KM.10/2022	2	AUD	10097.81
48/KM.10/2022	3	CAD	11364.68
48/KM.10/2022	4	DKK	1998.29
48/KM.10/2022	5	HKD	1897.81
48/KM.10/2022	6	MYR	3311.74
48/KM.10/2022	7	NZD	9049.09
48/KM.10/2022	8	NOK	1490.26
48/KM.10/2022	9	GBP	17179.65
48/KM.10/2022	10	SGD	10611.93
48/KM.10/2022	11	SEK	1388.38
48/KM.10/2022	12	CHF	15287.34
48/KM.10/2022	13	JPY	10435.89
48/KM.10/2022	14	MMK	7.1
48/KM.10/2022	15	INR	186.73
48/KM.10/2022	16	KWD	48233.18
48/KM.10/2022	17	PKR	66.73
48/KM.10/2022	18	PHP	261.26
48/KM.10/2022	19	SAR	3964.03
48/KM.10/2022	20	LKR	41.11
48/KM.10/2022	21	THB	408.15
48/KM.10/2022	22	BND	10606.11
48/KM.10/2022	23	EUR	14860.25
48/KM.10/2022	24	CNY	2142.08
48/KM.10/2022	25	KRW	10.82
47/KM.10/2022	1	USD	14880
47/KM.10/2022	2	AUD	10177.49
47/KM.10/2022	3	CAD	11354.64
47/KM.10/2022	4	DKK	1999.24
47/KM.10/2022	5	HKD	1895.84
47/KM.10/2022	6	MYR	3317.87
47/KM.10/2022	7	NZD	9101.97
47/KM.10/2022	8	NOK	1500.81
47/KM.10/2022	9	GBP	17272.77
47/KM.10/2022	10	SGD	10634.81
47/KM.10/2022	11	SEK	1387.91
47/KM.10/2022	12	CHF	15236.33
47/KM.10/2022	13	JPY	10676.01
47/KM.10/2022	14	MMK	7.09
47/KM.10/2022	15	INR	186.71
47/KM.10/2022	16	KWD	48254.74
47/KM.10/2022	17	PKR	67.79
47/KM.10/2022	18	PHP	263.84
47/KM.10/2022	19	SAR	3960.3
47/KM.10/2022	20	LKR	41.06
47/KM.10/2022	21	THB	407.34
47/KM.10/2022	22	BND	10629.11
47/KM.10/2022	23	EUR	14869.68
47/KM.10/2022	24	CNY	2151.65
47/KM.10/2022	25	KRW	11.02
44/KM.10/2022	1	USD	14854
44/KM.10/2022	2	AUD	10277.07
44/KM.10/2022	3	CAD	11437.13
44/KM.10/2022	4	DKK	1989.93
44/KM.10/2022	5	HKD	1892.93
44/KM.10/2022	6	MYR	3315.8
44/KM.10/2022	7	NZD	9190.99
44/KM.10/2022	8	NOK	1526.52
44/KM.10/2022	9	GBP	17520.48
44/KM.10/2022	10	SGD	10660.44
44/KM.10/2022	11	SEK	1395.97
44/KM.10/2022	12	CHF	15395
44/KM.10/2022	13	JPY	10833.99
44/KM.10/2022	14	MMK	7.08
44/KM.10/2022	15	INR	185.99
44/KM.10/2022	16	KWD	48234.7
44/KM.10/2022	17	PKR	67.95
44/KM.10/2022	18	PHP	264.81
44/KM.10/2022	19	SAR	3954.54
44/KM.10/2022	20	LKR	41.07
44/KM.10/2022	21	THB	412.03
44/KM.10/2022	22	BND	10652.82
44/KM.10/2022	23	EUR	14800.22
44/KM.10/2022	24	CNY	2162.33
44/KM.10/2022	25	KRW	11.09
43/KM.10/2022	1	USD	14794
43/KM.10/2022	2	AUD	10287.7
43/KM.10/2022	3	CAD	11449.01
43/KM.10/2022	4	DKK	2014.42
43/KM.10/2022	5	HKD	1886.31
43/KM.10/2022	6	MYR	3310.44
43/KM.10/2022	7	NZD	9305.11
43/KM.10/2022	8	NOK	1520.59
43/KM.10/2022	9	GBP	17739.77
43/KM.10/2022	10	SGD	10693.43
43/KM.10/2022	11	SEK	1417.98
43/KM.10/2022	12	CHF	15529.28
43/KM.10/2022	13	JPY	10950.85
43/KM.10/2022	14	MMK	7.04
43/KM.10/2022	15	INR	185.63
43/KM.10/2022	16	KWD	48181.06
43/KM.10/2022	17	PKR	69.02
43/KM.10/2022	18	PHP	264.75
43/KM.10/2022	19	SAR	3939.76
43/KM.10/2022	20	LKR	40.93
43/KM.10/2022	21	THB	416.43
43/KM.10/2022	22	BND	10693.7
43/KM.10/2022	23	EUR	14981.38
43/KM.10/2022	24	CNY	2172.9
43/KM.10/2022	25	KRW	11.2
42/KM.10/2022	1	USD	14828
42/KM.10/2022	2	AUD	10459.53
42/KM.10/2022	3	CAD	11572.47
42/KM.10/2022	4	DKK	2044.37
42/KM.10/2022	5	HKD	1889.93
42/KM.10/2022	6	MYR	3330.77
42/KM.10/2022	7	NZD	9448.87
42/KM.10/2022	8	NOK	1541.44
42/KM.10/2022	9	GBP	18008.07
42/KM.10/2022	10	SGD	10795.16
42/KM.10/2022	11	SEK	1464.07
42/KM.10/2022	12	CHF	15658.65
42/KM.10/2022	13	JPY	11076.6
42/KM.10/2022	14	MMK	8
42/KM.10/2022	15	INR	186.24
42/KM.10/2022	16	KWD	48258.58
42/KM.10/2022	17	PKR	67.23
42/KM.10/2022	18	PHP	266.93
42/KM.10/2022	19	SAR	3945.68
42/KM.10/2022	20	LKR	40.93
42/KM.10/2022	21	THB	418.93
42/KM.10/2022	22	BND	10779.21
42/KM.10/2022	23	EUR	15209.76
42/KM.10/2022	24	CNY	2198.52
42/KM.10/2022	25	KRW	11.36
41/KM.10/2022	1	USD	14903
41/KM.10/2022	2	AUD	10364.02
41/KM.10/2022	3	CAD	11576.48
41/KM.10/2022	4	DKK	2043.24
41/KM.10/2022	5	HKD	1898.41
41/KM.10/2022	6	MYR	3345.5
41/KM.10/2022	7	NZD	9358.71
41/KM.10/2022	8	NOK	1531.5
41/KM.10/2022	9	GBP	18121.91
41/KM.10/2022	10	SGD	10801.35
41/KM.10/2022	11	SEK	1463.45
41/KM.10/2022	12	CHF	15573.3
41/KM.10/2022	13	JPY	11178.92
41/KM.10/2022	14	MMK	8.11
41/KM.10/2022	15	INR	188.34
41/KM.10/2022	16	KWD	48582.68
41/KM.10/2022	17	PKR	66.56
41/KM.10/2022	18	PHP	268.68
41/KM.10/2022	19	SAR	3966.27
41/KM.10/2022	20	LKR	41.18
41/KM.10/2022	21	THB	413.91
41/KM.10/2022	22	BND	10798.33
41/KM.10/2022	23	EUR	15207.3
41/KM.10/2022	24	CNY	2201.75
41/KM.10/2022	25	KRW	11.41
40/KM.10/2022	1	USD	14963
40/KM.10/2022	2	AUD	10432.06
40/KM.10/2022	3	CAD	11660.54
40/KM.10/2022	4	DKK	2048.54
40/KM.10/2022	5	HKD	1906.2
40/KM.10/2022	6	MYR	3359.08
40/KM.10/2022	7	NZD	9375.39
40/KM.10/2022	8	NOK	1530.5
40/KM.10/2022	9	GBP	18128.93
40/KM.10/2022	10	SGD	10812.52
40/KM.10/2022	11	SEK	1463.98
40/KM.10/2022	12	CHF	15604.78
40/KM.10/2022	13	JPY	11039.24
40/KM.10/2022	14	MMK	8.18
40/KM.10/2022	15	INR	187.78
40/KM.10/2022	16	KWD	48670.4
40/KM.10/2022	17	PKR	63.61
40/KM.10/2022	18	PHP	269.02
40/KM.10/2022	19	SAR	3983.56
40/KM.10/2022	20	LKR	41.28
40/KM.10/2022	21	THB	409.08
40/KM.10/2022	22	BND	10804.35
40/KM.10/2022	23	EUR	15248.29
40/KM.10/2022	24	CNY	2216.21
40/KM.10/2022	25	KRW	11.45
38/KMK.10/2022	1	USD	15001
38/KMK.10/2022	2	AUD	10338.41
38/KMK.10/2022	3	CAD	11625.67
38/KMK.10/2022	4	DKK	2055.03
38/KMK.10/2022	5	HKD	1911.03
38/KMK.10/2022	6	MYR	3368.68
38/KMK.10/2022	7	NZD	9341.17
38/KMK.10/2022	8	NOK	1504.2
38/KMK.10/2022	9	GBP	17975.22
38/KMK.10/2022	10	SGD	10775.83
38/KMK.10/2022	11	SEK	1462.01
38/KMK.10/2022	12	CHF	15472.83
38/KMK.10/2022	13	JPY	10901.28
38/KMK.10/2022	14	MMK	8.21
38/KMK.10/2022	15	INR	187.64
38/KMK.10/2022	16	KWD	48755.43
38/KMK.10/2022	17	PKR	67.06
38/KMK.10/2022	18	PHP	266.33
38/KMK.10/2022	19	SAR	3993.45
38/KMK.10/2022	20	LKR	41.45
38/KMK.10/2022	21	THB	408.73
38/KMK.10/2022	22	BND	10770.94
38/KMK.10/2022	23	EUR	15298.51
38/KMK.10/2022	24	CNY	2217.88
38/KMK.10/2022	25	KRW	11.43
37/KM.10/2022	1	USD	14989
37/KM.10/2022	2	AUD	10131.07
37/KM.10/2022	3	CAD	11502.92
37/KM.10/2022	4	DKK	2023.76
37/KM.10/2022	5	HKD	1909.45
37/KM.10/2022	6	MYR	3373.56
37/KM.10/2022	7	NZD	9192.75
37/KM.10/2022	8	NOK	1467.51
37/KM.10/2022	9	GBP	17791.64
37/KM.10/2022	10	SGD	10673.19
37/KM.10/2022	11	SEK	1418.21
37/KM.10/2022	12	CHF	15279.93
37/KM.10/2022	13	JPY	10873.73
37/KM.10/2022	14	MMK	8.18
37/KM.10/2022	15	INR	188.1
37/KM.10/2022	16	KWD	48710.88
37/KM.10/2022	17	PKR	71.38
37/KM.10/2022	18	PHP	266.51
37/KM.10/2022	19	SAR	3992.4
37/KM.10/2022	20	LKR	41.43
37/KM.10/2022	21	THB	411.34
37/KM.10/2022	22	BND	10695.87
37/KM.10/2022	23	EUR	15059.15
37/KM.10/2022	24	CNY	2223.29
37/KM.10/2022	25	KRW	11.42
35/KM.10/2022	1	USD	14987
35/KM.10/2022	2	AUD	10234.21
35/KM.10/2022	3	CAD	11554.49
35/KM.10/2022	4	DKK	2062.86
35/KM.10/2022	5	HKD	1909.79
35/KM.10/2022	6	MYR	3388.96
35/KM.10/2022	7	NZD	9261.3
35/KM.10/2022	8	NOK	1491.96
35/KM.10/2022	9	GBP	17997.77
35/KM.10/2022	10	SGD	10694.64
35/KM.10/2022	11	SEK	1429.08
35/KM.10/2022	12	CHF	15444.8
35/KM.10/2022	13	JPY	11027.03
35/KM.10/2022	14	MMK	8.24
35/KM.10/2022	15	INR	189.2
35/KM.10/2022	16	KWD	48803.06
35/KM.10/2022	17	PKR	72.48
35/KM.10/2022	18	PHP	269.5
35/KM.10/2022	19	SAR	3992.01
35/KM.10/2022	20	LKR	41.35
35/KM.10/2022	21	THB	416.69
35/KM.10/2022	22	BND	10712.37
35/KM.10/2022	23	EUR	15350.57
35/KM.10/2022	24	CNY	2236.76
35/KM.10/2022	25	KRW	11.52
34/KM.10/2022	1	USD	14865
34/KM.10/2022	2	AUD	10236.34
34/KM.10/2022	3	CAD	11538.1
34/KM.10/2022	4	DKK	2095.75
34/KM.10/2022	5	HKD	1894.37
34/KM.10/2022	6	MYR	3375.83
34/KM.10/2022	7	NZD	9275.76
34/KM.10/2022	8	NOK	1505.48
34/KM.10/2022	9	GBP	18089.52
34/KM.10/2022	10	SGD	10687.17
34/KM.10/2022	11	SEK	1456.3
34/KM.10/2022	12	CHF	15533.89
34/KM.10/2022	13	JPY	10944.31
34/KM.10/2022	14	MMK	8.08
34/KM.10/2022	15	INR	188.6
34/KM.10/2022	16	KWD	48464.03
34/KM.10/2022	17	PKR	72.29
34/KM.10/2022	18	PHP	270.59
34/KM.10/2022	19	SAR	3961.04
34/KM.10/2022	20	LKR	41.26
34/KM.10/2022	21	THB	420.86
34/KM.10/2022	22	BND	10700.27
34/KM.10/2022	23	EUR	15591.3
34/KM.10/2022	24	CNY	2219.01
34/KM.10/2022	25	KRW	11.5
33/KM.10/2022	1	USD	14837
33/KM.10/2022	2	AUD	10293.65
33/KM.10/2022	3	CAD	11459
33/KM.10/2022	4	DKK	2101.57
33/KM.10/2022	5	HKD	1890.01
33/KM.10/2022	6	MYR	3370.26
33/KM.10/2022	7	NZD	9359.86
33/KM.10/2022	8	NOK	1498.27
33/KM.10/2022	9	GBP	18196.3
33/KM.10/2022	10	SGD	10692.91
33/KM.10/2022	11	SEK	1465.27
33/KM.10/2022	12	CHF	15409.11
33/KM.10/2022	13	JPY	10939.86
33/KM.10/2022	14	MMK	8.22
33/KM.10/2022	15	INR	189.67
33/KM.10/2022	16	KWD	48363.01
33/KM.10/2022	17	PKR	69.99
33/KM.10/2022	18	PHP	272.23
33/KM.10/2022	19	SAR	3953.45
33/KM.10/2022	20	LKR	41.08
33/KM.10/2022	21	THB	418.95
33/KM.10/2022	22	BND	10688.82
33/KM.10/2022	23	EUR	15633.2
33/KM.10/2022	24	CNY	2215.99
33/KM.10/2022	25	KRW	11.44
31/KM.10/2022	1	USD	14744
31/KM.10/2022	2	AUD	10254.19
31/KM.10/2022	3	CAD	11389.99
31/KM.10/2022	4	DKK	2073.62
31/KM.10/2022	5	HKD	1878.15
31/KM.10/2022	6	MYR	3342.08
31/KM.10/2022	7	NZD	9269.93
31/KM.10/2022	8	NOK	1479.3
31/KM.10/2022	9	GBP	17958.4
31/KM.10/2022	10	SGD	10608.76
31/KM.10/2022	11	SEK	1448.55
31/KM.10/2022	12	CHF	14952.84
31/KM.10/2022	13	JPY	10986.65
31/KM.10/2022	14	MMK	7.95
31/KM.10/2022	15	INR	188.89
31/KM.10/2022	16	KWD	48000.85
31/KM.10/2022	17	PKR	71.26
31/KM.10/2022	18	PHP	275.87
31/KM.10/2022	19	SAR	3929.19
31/KM.10/2022	20	LKR	40.82
31/KM.10/2022	21	THB	421.32
31/KM.10/2022	22	BND	10607.26
31/KM.10/2022	23	EUR	15426.4
31/KM.10/2022	24	CNY	2193.95
31/KM.10/2022	25	KRW	11.45
30/KM.10/2022	1	USD	14506
30/KM.10/2022	2	AUD	10378.61
30/KM.10/2022	3	CAD	11485.42
30/KM.10/2022	4	DKK	2076.64
30/KM.10/2022	5	HKD	1848.38
30/KM.10/2022	6	MYR	3298.41
30/KM.10/2022	7	NZD	9338
30/KM.10/2022	8	NOK	1521.96
30/KM.10/2022	9	GBP	18122.76
30/KM.10/2022	10	SGD	10515.73
30/KM.10/2022	11	SEK	1469.51
30/KM.10/2022	12	CHF	14830.48
30/KM.10/2022	13	JPY	10865.63
30/KM.10/2022	14	MMK	7.83
30/KM.10/2022	15	INR	186.6
30/KM.10/2022	16	KWD	47339.33
30/KM.10/2022	17	PKR	72.07
30/KM.10/2022	18	PHP	274
30/KM.10/2022	19	SAR	3866.66
30/KM.10/2022	20	LKR	40.19
30/KM.10/2022	21	THB	420.36
30/KM.10/2022	22	BND	10546
30/KM.10/2022	23	EUR	15448.54
30/KM.10/2022	24	CNY	2167.51
30/KM.10/2022	25	KRW	11.47
29/KM.10/2022	1	USD	14524
29/KM.10/2022	2	AUD	10462.55
29/KM.10/2022	3	CAD	11503.93
29/KM.10/2022	4	DKK	2093.92
29/KM.10/2022	5	HKD	1850.87
29/KM.10/2022	6	MYR	3315.13
29/KM.10/2022	7	NZD	9475.55
29/KM.10/2022	8	NOK	1542.41
29/KM.10/2022	9	GBP	18243.24
29/KM.10/2022	10	SGD	10588.24
29/KM.10/2022	11	SEK	1486.82
29/KM.10/2022	12	CHF	15127.76
29/KM.10/2022	13	JPY	11221.62
29/KM.10/2022	14	MMK	7.84
29/KM.10/2022	15	INR	187.18
29/KM.10/2022	16	KWD	47423.27
29/KM.10/2022	17	PKR	73.11
29/KM.10/2022	18	PHP	276.26
29/KM.10/2022	19	SAR	3872.02
29/KM.10/2022	20	LKR	40.3
29/KM.10/2022	21	THB	423.61
29/KM.10/2022	22	BND	10606.38
29/KM.10/2022	23	EUR	15577.35
29/KM.10/2022	24	CNY	2176.71
29/KM.10/2022	25	KRW	11.69
28/KM.10/2022	1	USD	14636
28/KM.10/2022	2	AUD	10410.35
28/KM.10/2022	3	CAD	11451.86
28/KM.10/2022	4	DKK	2107.53
28/KM.10/2022	5	HKD	1864.51
28/KM.10/2022	6	MYR	3332.95
28/KM.10/2022	7	NZD	9490.96
28/KM.10/2022	8	NOK	1532.69
28/KM.10/2022	9	GBP	18418.46
28/KM.10/2022	10	SGD	10661.81
28/KM.10/2022	11	SEK	1490.14
28/KM.10/2022	12	CHF	15231.41
28/KM.10/2022	13	JPY	11500.64
28/KM.10/2022	14	MMK	7.91
28/KM.10/2022	15	INR	188.7
28/KM.10/2022	16	KWD	47803.23
28/KM.10/2022	17	PKR	72.75
28/KM.10/2022	18	PHP	279.63
28/KM.10/2022	19	SAR	3901.94
28/KM.10/2022	20	LKR	40.55
28/KM.10/2022	21	THB	428.23
28/KM.10/2022	22	BND	10628.38
28/KM.10/2022	23	EUR	15679.62
28/KM.10/2022	24	CNY	2183.06
28/KM.10/2022	25	KRW	11.58
26/KM.10/2022	1	USD	14682
26/KM.10/2022	2	AUD	10289.79
26/KM.10/2022	3	CAD	11431.86
26/KM.10/2022	4	DKK	2075.43
26/KM.10/2022	5	HKD	1870.49
26/KM.10/2022	6	MYR	3340.82
26/KM.10/2022	7	NZD	9319.95
26/KM.10/2022	8	NOK	1505.18
26/KM.10/2022	9	GBP	18234.11
26/KM.10/2022	10	SGD	10592.07
26/KM.10/2022	11	SEK	1470.84
26/KM.10/2022	12	CHF	14887.29
26/KM.10/2022	13	JPY	11426.16
26/KM.10/2022	14	MMK	7.93
26/KM.10/2022	15	INR	189.07
26/KM.10/2022	16	KWD	47866.17
26/KM.10/2022	17	PKR	74.09
26/KM.10/2022	18	PHP	280.1
26/KM.10/2022	19	SAR	3913.81
26/KM.10/2022	20	LKR	40.76
26/KM.10/2022	21	THB	424.81
26/KM.10/2022	22	BND	10589.56
26/KM.10/2022	23	EUR	15444.68
26/KM.10/2022	24	CNY	2175.35
26/KM.10/2022	25	KRW	11.52
25/KM.10/2022	1	USD	14566
25/KM.10/2022	2	AUD	10086.66
25/KM.10/2022	3	CAD	11203.75
25/KM.10/2022	4	DKK	2051.75
25/KM.10/2022	5	HKD	1855.57
25/KM.10/2022	6	MYR	3319.89
25/KM.10/2022	7	NZD	9153.86
25/KM.10/2022	8	NOK	1492.71
25/KM.10/2022	9	GBP	17876.27
25/KM.10/2022	10	SGD	10463.63
25/KM.10/2022	11	SEK	1443.6
25/KM.10/2022	12	CHF	14599.29
25/KM.10/2022	13	JPY	11234.52
25/KM.10/2022	14	MMK	7.87
25/KM.10/2022	15	INR	188.24
25/KM.10/2022	16	KWD	47489.19
25/KM.10/2022	17	PKR	76.74
25/KM.10/2022	18	PHP	277.97
25/KM.10/2022	19	SAR	3883.19
25/KM.10/2022	20	LKR	39.89
25/KM.10/2022	21	THB	420.32
25/KM.10/2022	22	BND	10482.13
25/KM.10/2022	23	EUR	15263.71
25/KM.10/2022	24	CNY	2148.64
25/KM.10/2022	25	KRW	11.38
24/KM.10/2022	1	USD	14441
24/KM.10/2022	2	AUD	10277.3
24/KM.10/2022	3	CAD	11275.3
24/KM.10/2022	4	DKK	2055.32
24/KM.10/2022	5	HKD	1840.36
24/KM.10/2022	6	MYR	3313.82
24/KM.10/2022	7	NZD	9435.71
24/KM.10/2022	8	NOK	1552.6
24/KM.10/2022	9	GBP	18163.55
24/KM.10/2022	10	SGD	10456.86
24/KM.10/2022	11	SEK	1471.33
24/KM.10/2022	12	CHF	14934.53
24/KM.10/2022	13	JPY	11205.48
24/KM.10/2022	14	MMK	7.8
24/KM.10/2022	15	INR	188.65
24/KM.10/2022	16	KWD	47199.06
24/KM.10/2022	17	PKR	77.8
24/KM.10/2022	18	PHP	276.38
24/KM.10/2022	19	SAR	3849.65
24/KM.10/2022	20	LKR	41.73
24/KM.10/2022	21	THB	421.54
24/KM.10/2022	22	BND	10475.47
24/KM.10/2022	23	EUR	15293.07
24/KM.10/2022	24	CNY	2184.72
24/KM.10/2022	25	KRW	11.47
22/KM.10/2022	1	USD	14353
22/KM.10/2022	2	AUD	10560.93
22/KM.10/2022	3	CAD	11386.98
22/KM.10/2022	4	DKK	2085.62
22/KM.10/2022	5	HKD	1829.73
22/KM.10/2022	6	MYR	3353.35
22/KM.10/2022	7	NZD	9659.01
22/KM.10/2022	8	NOK	1617.54
22/KM.10/2022	9	GBP	18645.18
22/KM.10/2022	10	SGD	10510.72
22/KM.10/2022	11	SEK	1506.28
22/KM.10/2022	12	CHF	15088.94
22/KM.10/2022	13	JPY	11201.77
22/KM.10/2022	14	MMK	7.75
22/KM.10/2022	15	INR	188.05
22/KM.10/2022	16	KWD	46988.7
22/KM.10/2022	17	PKR	77.57
22/KM.10/2022	18	PHP	274.02
22/KM.10/2022	19	SAR	3826.97
22/KM.10/2022	20	LKR	43.11
22/KM.10/2022	21	THB	424.3
22/KM.10/2022	22	BND	10513.8
22/KM.10/2022	23	EUR	15514.3
22/KM.10/2022	24	CNY	2225.29
22/KM.10/2022	25	KRW	11.6
21/KM.1/2022	1	USD	14361
21/KM.1/2022	2	AUD	10666.4
21/KM.1/2022	3	CAD	11387.46
21/KM.1/2022	4	DKK	2094.39
21/KM.1/2022	5	HKD	1831.61
21/KM.1/2022	6	MYR	3393.3
21/KM.1/2022	7	NZD	9772.32
21/KM.1/2022	8	NOK	1634.03
21/KM.1/2022	9	GBP	18748.78
21/KM.1/2022	10	SGD	10550.66
21/KM.1/2022	11	SEK	1508.46
21/KM.1/2022	12	CHF	15331.28
21/KM.1/2022	13	JPY	11420.61
21/KM.1/2022	14	MMK	8.04
21/KM.1/2022	15	INR	188.72
21/KM.1/2022	16	KWD	47084.25
21/KM.1/2022	17	PKR	79
21/KM.1/2022	18	PHP	275.65
21/KM.1/2022	19	SAR	3829.47
21/KM.1/2022	20	LKR	44.48
21/KM.1/2022	21	THB	427.4
21/KM.1/2022	22	BND	10540.01
21/KM.1/2022	23	EUR	15577.7
21/KM.1/2022	24	CNY	2249.87
21/KM.1/2022	25	KRW	11.67
20/KM.10/2022	1	USD	14360
20/KM.10/2022	2	AUD	10790.38
20/KM.10/2022	3	CAD	11454.87
20/KM.10/2022	4	DKK	2105.63
20/KM.10/2022	5	HKD	1832.28
20/KM.10/2022	6	MYR	3405.46
20/KM.10/2022	7	NZD	9923.63
20/KM.10/2022	8	NOK	1639.96
20/KM.10/2022	9	GBP	18770.58
20/KM.10/2022	10	SGD	10557.29
20/KM.10/2022	11	SEK	1519.67
20/KM.10/2022	12	CHF	15416.56
20/KM.10/2022	13	JPY	11608.78
20/KM.10/2022	14	MMK	8.22
20/KM.10/2022	15	INR	189.69
20/KM.10/2022	16	KWD	47129.04
20/KM.10/2022	17	PKR	77.04
20/KM.10/2022	18	PHP	279.35
20/KM.10/2022	19	SAR	3828.39
20/KM.10/2022	20	LKR	46.88
20/KM.10/2022	21	THB	428.49
20/KM.10/2022	22	BND	10573.09
20/KM.10/2022	23	EUR	15660.29
20/KM.10/2022	24	CNY	2254.7
20/KM.10/2022	25	KRW	11.79
18/KM.10/2022	1	USD	14359
18/KM.10/2022	2	AUD	10764.79
18/KM.10/2022	3	CAD	11482.81
18/KM.10/2022	4	DKK	2136.51
18/KM.10/2022	5	HKD	1833.77
18/KM.10/2022	6	MYR	3410.53
18/KM.10/2022	7	NZD	9959.84
18/KM.10/2022	8	NOK	1650.38
18/KM.10/2022	9	GBP	18829.27
18/KM.10/2022	10	SGD	10586.9
18/KM.10/2022	11	SEK	1532.84
18/KM.10/2022	12	CHF	15480.18
18/KM.10/2022	13	JPY	11715.92
18/KM.10/2022	14	MMK	8.11
18/KM.10/2022	15	INR	189.02
18/KM.10/2022	16	KWD	47204.02
18/KM.10/2022	17	PKR	78.34
18/KM.10/2022	18	PHP	276.5
18/KM.10/2022	19	SAR	3827.36
18/KM.10/2022	20	LKR	48.8
18/KM.10/2022	21	THB	428.96
18/KM.10/2022	22	BND	10591.03
18/KM.10/2022	23	EUR	15892.32
18/KM.10/2022	24	CNY	2254.51
18/KM.10/2022	25	KRW	11.8
16/KM.10/2022	1	USD	14351
16/KM.10/2022	2	AUD	10733.24
16/KM.10/2022	3	CAD	11438.59
16/KM.10/2022	4	DKK	2122.87
16/KM.10/2022	5	HKD	1833.81
16/KM.10/2022	6	MYR	3403.73
16/KM.10/2022	7	NZD	9976.69
16/KM.10/2022	8	NOK	1650.28
16/KM.10/2022	9	GBP	18943.96
16/KM.10/2022	10	SGD	10570.73
16/KM.10/2022	11	SEK	1519.73
16/KM.10/2022	12	CHF	15406.02
16/KM.10/2022	13	JPY	11843.78
16/KM.10/2022	14	MMK	8.16
16/KM.10/2022	15	INR	188.23
16/KM.10/2022	16	KWD	47189.84
16/KM.10/2022	17	PKR	79.05
16/KM.10/2022	18	PHP	274.2
16/KM.10/2022	19	SAR	3825.67
16/KM.10/2022	20	LKR	50.96
16/KM.10/2022	21	THB	427.54
16/KM.10/2022	22	BND	10562.84
16/KM.10/2022	23	EUR	15793.76
16/KM.10/2022	24	CNY	2249.03
16/KM.10/2022	25	KRW	11.79
15/KM.10/2022	1	USD	14318
15/KM.10/2022	2	AUD	10442.12
15/KM.10/2022	3	CAD	11274.55
15/KM.10/2022	4	DKK	2119.27
15/KM.10/2022	5	HKD	1829.98
15/KM.10/2022	6	MYR	3408.74
15/KM.10/2022	7	NZD	9777.76
15/KM.10/2022	8	NOK	1609.26
15/KM.10/2022	9	GBP	18762.31
15/KM.10/2022	10	SGD	10525.31
15/KM.10/2022	11	SEK	1507.43
15/KM.10/2022	12	CHF	15266.35
15/KM.10/2022	13	JPY	12072.72
15/KM.10/2022	14	MMK	8.04
15/KM.10/2022	15	INR	187.62
15/KM.10/2022	16	KWD	47093.11
15/KM.10/2022	17	PKR	79.79
15/KM.10/2022	18	PHP	273.53
15/KM.10/2022	19	SAR	3816.38
15/KM.10/2022	20	LKR	53.87
15/KM.10/2022	21	THB	429.07
15/KM.10/2022	22	BND	10528.83
15/KM.10/2022	23	EUR	15770.7
15/KM.10/2022	24	CNY	2246.28
15/KM.10/2022	25	KRW	11.65
14/KM.10/2022	1	USD	14356
14/KM.10/2022	2	AUD	10496.82
14/KM.10/2022	3	CAD	11210.9
14/KM.10/2022	4	DKK	2111.39
14/KM.10/2022	5	HKD	1835.36
14/KM.10/2022	6	MYR	3429.3
14/KM.10/2022	7	NZD	9803.43
14/KM.10/2022	8	NOK	1597.97
14/KM.10/2022	9	GBP	18809.23
14/KM.10/2022	10	SGD	10542.86
14/KM.10/2022	11	SEK	1462.31
14/KM.10/2022	12	CHF	15453.84
14/KM.10/2022	13	JPY	12370.53
14/KM.10/2022	14	MMK	8.19
14/KM.10/2022	15	INR	187.25
14/KM.10/2022	16	KWD	47069.12
14/KM.10/2022	17	PKR	80.44
14/KM.10/2022	18	PHP	274.86
14/KM.10/2022	19	SAR	3826.55
14/KM.10/2022	20	LKR	61.57
14/KM.10/2022	21	THB	433.33
14/KM.10/2022	22	BND	10503.1
14/KM.10/2022	23	EUR	15713.22
14/KM.10/2022	24	CNY	2267.12
14/KM.10/2022	25	KRW	11.65
13/KM.10/2022	1	USD	14369
13/KM.10/2022	2	AUD	10492.29
13/KM.10/2022	3	CAD	11320.86
13/KM.10/2022	4	DKK	2142.35
13/KM.10/2022	5	HKD	1838.76
13/KM.10/2022	6	MYR	3428.82
13/KM.10/2022	7	NZD	9763.51
13/KM.10/2022	8	NOK	1617.48
13/KM.10/2022	9	GBP	19176.14
13/KM.10/2022	10	SGD	10590.74
13/KM.10/2022	11	SEK	1485.37
13/KM.10/2022	12	CHF	15653.85
13/KM.10/2022	13	JPY	12478.87
13/KM.10/2022	14	MMK	8.1
13/KM.10/2022	15	INR	189.61
13/KM.10/2022	16	KWD	47440.78
13/KM.10/2022	17	PKR	80.78
13/KM.10/2022	18	PHP	279.35
13/KM.10/2022	19	SAR	3829.64
13/KM.10/2022	20	LKR	71.19
13/KM.10/2022	21	THB	440.38
13/KM.10/2022	22	BND	10588.79
13/KM.10/2022	23	EUR	15936.86
13/KM.10/2022	24	CNY	2273.24
13/KM.10/2022	25	KRW	11.92
12/KM.10/2022	1	USD	14358
12/KM.10/2022	2	AUD	10346.37
12/KM.10/2022	3	CAD	11254.19
12/KM.10/2022	4	DKK	2177
12/KM.10/2022	5	HKD	1839.51
12/KM.10/2022	6	MYR	3425.39
12/KM.10/2022	7	NZD	9659.81
12/KM.10/2022	8	NOK	1609.66
12/KM.10/2022	9	GBP	19387.96
12/KM.10/2022	10	SGD	10640.32
12/KM.10/2022	11	SEK	1524.83
12/KM.10/2022	12	CHF	15583.97
12/KM.10/2022	13	JPY	12464.79
12/KM.10/2022	14	MMK	8.06
12/KM.10/2022	15	INR	191.48
12/KM.10/2022	16	KWD	47455.67
12/KM.10/2022	17	PKR	81.28
12/KM.10/2022	18	PHP	279.72
12/KM.10/2022	19	SAR	3826.83
12/KM.10/2022	20	LKR	71.16
12/KM.10/2022	21	THB	442.82
12/KM.10/2022	22	BND	10649.31
12/KM.10/2022	23	EUR	16195.78
12/KM.10/2022	24	CNY	2271.76
12/KM.10/2022	25	KRW	12
10/KM.10/2022	1	USD	14310
10/KM.10/2022	2	AUD	10256.55
10/KM.10/2022	3	CAD	11250.57
10/KM.10/2022	4	DKK	2181.63
10/KM.10/2022	5	HKD	1834.39
10/KM.10/2022	6	MYR	3417.84
10/KM.10/2022	7	NZD	9536.2
10/KM.10/2022	8	NOK	1604.63
10/KM.10/2022	9	GBP	19420.13
10/KM.10/2022	10	SGD	10637.68
10/KM.10/2022	11	SEK	1532.62
10/KM.10/2022	12	CHF	15505.71
10/KM.10/2022	13	JPY	12408.17
10/KM.10/2022	14	MMK	8.03
10/KM.10/2022	15	INR	190.39
10/KM.10/2022	16	KWD	47299.44
10/KM.10/2022	17	PKR	81.48
10/KM.10/2022	18	PHP	278.69
10/KM.10/2022	19	SAR	3813.6
10/KM.10/2022	20	LKR	70.81
10/KM.10/2022	21	THB	442.92
10/KM.10/2022	22	BND	10640.29
10/KM.10/2022	23	EUR	16233.38
10/KM.10/2022	24	CNY	2258.04
10/KM.10/2022	25	KRW	11.96
9/KM.10/2022	1	USD	14372
9/KM.10/2022	2	AUD	10277.13
9/KM.10/2022	3	CAD	11316.04
9/KM.10/2022	4	DKK	2203.93
9/KM.10/2022	5	HKD	1843.81
9/KM.10/2022	6	MYR	3433.93
9/KM.10/2022	7	NZD	9568.9
9/KM.10/2022	8	NOK	1629.73
9/KM.10/2022	9	GBP	19469.21
9/KM.10/2022	10	SGD	10689.66
9/KM.10/2022	11	SEK	1561.24
9/KM.10/2022	12	CHF	15539.22
9/KM.10/2022	13	JPY	12440.79
9/KM.10/2022	14	MMK	8.06
9/KM.10/2022	15	INR	191.84
9/KM.10/2022	16	KWD	47525.48
9/KM.10/2022	17	PKR	82.3
9/KM.10/2022	18	PHP	279.8
9/KM.10/2022	19	SAR	3830.59
9/KM.10/2022	20	LKR	71.23
9/KM.10/2022	21	THB	438
9/KM.10/2022	22	BND	10657.47
9/KM.10/2022	23	EUR	16400.87
9/KM.10/2022	24	CNY	2258.2
9/KM.10/2022	25	KRW	12
8/KM.10/2022	1	USD	14374
8/KM.10/2022	2	AUD	10218.76
8/KM.10/2022	3	CAD	11318.29
8/KM.10/2022	4	DKK	2190.26
8/KM.10/2022	5	HKD	1844.32
8/KM.10/2022	6	MYR	3436.37
8/KM.10/2022	7	NZD	9527.09
8/KM.10/2022	8	NOK	1631.87
8/KM.10/2022	9	GBP	19455.21
8/KM.10/2022	10	SGD	10668.74
8/KM.10/2022	11	SEK	1561.34
8/KM.10/2022	12	CHF	15580.9
8/KM.10/2022	13	JPY	12509.79
8/KM.10/2022	14	MMK	8.07
8/KM.10/2022	15	INR	192.26
8/KM.10/2022	16	KWD	47455.4
8/KM.10/2022	17	PKR	81.7
8/KM.10/2022	18	PHP	281.57
8/KM.10/2022	19	SAR	3831.23
8/KM.10/2022	20	LKR	71.2
8/KM.10/2022	21	THB	433.3
8/KM.10/2022	22	BND	10625.02
8/KM.10/2022	23	EUR	16300.4
8/KM.10/2022	24	CNY	2259.01
8/KM.10/2022	25	KRW	11.96
7/KM.10/2022	1	USD	14360
7/KM.10/2022	2	AUD	10175.65
7/KM.10/2022	3	CAD	11315.7
7/KM.10/2022	4	DKK	2166.94
7/KM.10/2022	5	HKD	1843.71
7/KM.10/2022	6	MYR	3426.3
7/KM.10/2022	7	NZD	9526.03
7/KM.10/2022	8	NOK	1603.79
7/KM.10/2022	9	GBP	19309.37
7/KM.10/2022	10	SGD	10643.53
7/KM.10/2022	11	SEK	1538.62
7/KM.10/2022	12	CHF	15551.92
7/KM.10/2022	13	JPY	12527.83
7/KM.10/2022	14	MMK	8.06
7/KM.10/2022	15	INR	191.81
7/KM.10/2022	16	KWD	47458.7
7/KM.10/2022	17	PKR	81.27
7/KM.10/2022	18	PHP	279.99
7/KM.10/2022	19	SAR	3827.58
7/KM.10/2022	20	LKR	71.12
7/KM.10/2022	21	THB	433.69
7/KM.10/2022	22	BND	10646.87
7/KM.10/2022	23	EUR	16129.34
7/KM.10/2022	24	CNY	2262.28
7/KM.10/2022	25	KRW	11.96
5/KM.10/2022	1	USD	14344
5/KM.10/2022	2	AUD	10334.42
5/KM.10/2022	3	CAD	11451.4
5/KM.10/2022	4	DKK	2186.68
5/KM.10/2022	5	HKD	1841.46
5/KM.10/2022	6	MYR	3425.04
5/KM.10/2022	7	NZD	9704.73
5/KM.10/2022	8	NOK	1627.26
5/KM.10/2022	9	GBP	19509.86
5/KM.10/2022	10	SGD	10642.22
5/KM.10/2022	11	SEK	1569.53
5/KM.10/2022	12	CHF	15672.86
5/KM.10/2022	13	JPY	12552.33
5/KM.10/2022	14	MMK	8.06
5/KM.10/2022	15	INR	192.69
5/KM.10/2022	16	KWD	47437.21
5/KM.10/2022	17	PKR	81.42
5/KM.10/2022	18	PHP	279.1
5/KM.10/2022	19	SAR	3823.57
5/KM.10/2022	20	LKR	71.01
5/KM.10/2022	21	THB	434.41
5/KM.10/2022	22	BND	10641.09
5/KM.10/2022	23	EUR	16275.05
5/KM.10/2022	24	CNY	2258.77
5/KM.10/2022	25	KRW	12.03
4/KM.10/2022	1	USD	14309
4/KM.10/2022	2	AUD	10346.84
4/KM.10/2022	3	CAD	11386.17
4/KM.10/2022	4	DKK	2192.26
4/KM.10/2022	5	HKD	1836.72
4/KM.10/2022	6	MYR	3418.2
4/KM.10/2022	7	NZD	9748.15
4/KM.10/2022	8	NOK	1633.22
4/KM.10/2022	9	GBP	19544.09
4/KM.10/2022	10	SGD	10605.54
4/KM.10/2022	11	SEK	1588.11
4/KM.10/2022	12	CHF	15586.81
4/KM.10/2022	13	JPY	12474.5
4/KM.10/2022	14	MMK	8.03
4/KM.10/2022	15	INR	193.41
4/KM.10/2022	16	KWD	47298.74
4/KM.10/2022	17	PKR	81.11
4/KM.10/2022	18	PHP	279.65
4/KM.10/2022	19	SAR	3812.76
4/KM.10/2022	20	LKR	70.92
4/KM.10/2022	21	THB	428.84
4/KM.10/2022	22	BND	10596.44
4/KM.10/2022	23	EUR	16312.55
4/KM.10/2022	24	CNY	2246.81
4/KM.10/2022	25	KRW	12.01
3/KM.10/2022	1	USD	14341
3/KM.10/2022	2	AUD	10315.48
3/KM.10/2022	3	CAD	11265.24
3/KM.10/2022	4	DKK	2178.61
3/KM.10/2022	5	HKD	1838.98
3/KM.10/2022	6	MYR	3418.16
3/KM.10/2022	7	NZD	9720.07
3/KM.10/2022	8	NOK	1616.8
3/KM.10/2022	9	GBP	19399.42
3/KM.10/2022	10	SGD	10565.08
3/KM.10/2022	11	SEK	1573.16
3/KM.10/2022	12	CHF	15605.15
3/KM.10/2022	13	JPY	12378.25
3/KM.10/2022	14	MMK	8.06
3/KM.10/2022	15	INR	192.75
3/KM.10/2022	16	KWD	47370
3/KM.10/2022	17	PKR	81.24
3/KM.10/2022	18	PHP	280.32
3/KM.10/2022	19	SAR	3819.06
3/KM.10/2022	20	LKR	70.99
3/KM.10/2022	21	THB	429.23
3/KM.10/2022	22	BND	10573.57
3/KM.10/2022	23	EUR	16204.71
3/KM.10/2022	24	CNY	2247.45
3/KM.10/2022	25	KRW	11.98
1/KM.10/2022	1	USD	14255
1/KM.10/2022	2	AUD	10331.02
1/KM.10/2022	3	CAD	11174.98
1/KM.10/2022	4	DKK	2173.2
1/KM.10/2022	5	HKD	1828
1/KM.10/2022	6	MYR	3412.15
1/KM.10/2022	7	NZD	9723.77
1/KM.10/2022	8	NOK	1617.61
1/KM.10/2022	9	GBP	19214.33
1/KM.10/2022	10	SGD	10536.32
1/KM.10/2022	11	SEK	1574.07
1/KM.10/2022	12	CHF	15574.59
1/KM.10/2022	13	JPY	12399.79
1/KM.10/2022	14	MMK	8.01
1/KM.10/2022	15	INR	191.01
1/KM.10/2022	16	KWD	47064.44
1/KM.10/2022	17	PKR	80.22
1/KM.10/2022	18	PHP	281.35
1/KM.10/2022	19	SAR	3796.38
1/KM.10/2022	20	LKR	70.4
1/KM.10/2022	21	THB	425.55
1/KM.10/2022	22	BND	10504.45
1/KM.10/2022	23	EUR	16159.81
1/KM.10/2022	24	CNY	2237.56
1/KM.10/2022	25	KRW	12
69/KM.10/2021	1	USD	14294
69/KM.10/2021	2	AUD	10275.81
69/KM.10/2021	3	CAD	11112.03
69/KM.10/2021	4	DKK	2173.52
69/KM.10/2021	5	HKD	1832.5
69/KM.10/2021	6	MYR	3396.24
69/KM.10/2021	7	NZD	9701.5
69/KM.10/2021	8	NOK	1604.31
69/KM.10/2021	9	GBP	19043.1
69/KM.10/2021	10	SGD	10493.96
69/KM.10/2021	11	SEK	1568.12
69/KM.10/2021	12	CHF	15528.88
69/KM.10/2021	13	JPY	12525.33
69/KM.10/2021	14	MMK	8.03
69/KM.10/2021	15	INR	189.4
69/KM.10/2021	16	KWD	47161.19
69/KM.10/2021	17	PKR	80.14
69/KM.10/2021	18	PHP	285.71
69/KM.10/2021	19	SAR	3806.5
69/KM.10/2021	20	LKR	70.64
69/KM.10/2021	21	THB	425.75
69/KM.10/2021	22	BND	10460.48
69/KM.10/2021	23	EUR	16161.83
69/KM.10/2021	24	CNY	2241.35
69/KM.10/2021	25	KRW	12.01
68/KM.10/2021	1	USD	14344
68/KM.10/2021	2	AUD	10244.92
68/KM.10/2021	3	CAD	11176.62
68/KM.10/2021	4	DKK	2175.85
68/KM.10/2021	5	HKD	1838.38
68/KM.10/2021	6	MYR	3396.25
68/KM.10/2021	7	NZD	9706.18
68/KM.10/2021	8	NOK	1587.08
68/KM.10/2021	9	GBP	19013.04
68/KM.10/2021	10	SGD	10492.3
68/KM.10/2021	11	SEK	1576.66
68/KM.10/2021	12	CHF	15542.34
68/KM.10/2021	13	JPY	12613.35
68/KM.10/2021	14	MMK	8.05
68/KM.10/2021	15	INR	188.71
68/KM.10/2021	16	KWD	47319.98
68/KM.10/2021	17	PKR	80.52
68/KM.10/2021	18	PHP	285.72
68/KM.10/2021	19	SAR	3822.38
68/KM.10/2021	20	LKR	71.05
68/KM.10/2021	21	THB	429.36
68/KM.10/2021	22	BND	10481.61
68/KM.10/2021	23	EUR	16179.93
68/KM.10/2021	24	CNY	2248.76
68/KM.10/2021	25	KRW	12.13
67/KM.10/2021	1	USD	14386
67/KM.10/2021	2	AUD	10260.1
67/KM.10/2021	3	CAD	11329.78
67/KM.10/2021	4	DKK	2186.15
67/KM.10/2021	5	HKD	1844.61
67/KM.10/2021	6	MYR	3406.01
67/KM.10/2021	7	NZD	9765.82
67/KM.10/2021	8	NOK	1600.74
67/KM.10/2021	9	GBP	19047.73
67/KM.10/2021	10	SGD	10535.98
67/KM.10/2021	11	SEK	1585.85
67/KM.10/2021	12	CHF	15580.88
67/KM.10/2021	13	JPY	12670.17
67/KM.10/2021	14	MMK	8.08
67/KM.10/2021	15	INR	190.47
67/KM.10/2021	16	KWD	47491.38
67/KM.10/2021	17	PKR	81.39
67/KM.10/2021	18	PHP	285.65
67/KM.10/2021	19	SAR	3834.54
67/KM.10/2021	20	LKR	71.06
67/KM.10/2021	21	THB	428.91
67/KM.10/2021	22	BND	10524.02
67/KM.10/2021	23	EUR	16255.56
67/KM.10/2021	24	CNY	2258.93
67/KM.10/2021	25	KRW	12.2
66/KM.10/2021	1	USD	14360
66/KM.10/2021	2	AUD	10186.84
66/KM.10/2021	3	CAD	11220.17
66/KM.10/2021	4	DKK	2184.58
66/KM.10/2021	5	HKD	1842.11
66/KM.10/2021	6	MYR	3398.74
66/KM.10/2021	7	NZD	9777.88
66/KM.10/2021	8	NOK	1582.12
66/KM.10/2021	9	GBP	19079.58
66/KM.10/2021	10	SGD	10496.32
66/KM.10/2021	11	SEK	1582.46
66/KM.10/2021	12	CHF	15609.84
66/KM.10/2021	13	JPY	12699.02
66/KM.10/2021	14	MMK	8.01
66/KM.10/2021	15	INR	191.29
66/KM.10/2021	16	KWD	47472.25
66/KM.10/2021	17	PKR	81.55
66/KM.10/2021	18	PHP	285.05
66/KM.10/2021	19	SAR	3827.59
66/KM.10/2021	20	LKR	71.01
66/KM.10/2021	21	THB	425.09
66/KM.10/2021	22	BND	10491.17
66/KM.10/2021	23	EUR	16245.24
66/KM.10/2021	24	CNY	2252.63
66/KM.10/2021	25	KRW	12.14
65/KM.10/2021	1	USD	14272
65/KM.10/2021	2	AUD	10264.85
65/KM.10/2021	3	CAD	11241.71
65/KM.10/2021	4	DKK	2157.54
65/KM.10/2021	5	HKD	1830.73
65/KM.10/2021	6	MYR	3387.93
65/KM.10/2021	7	NZD	9837.27
65/KM.10/2021	8	NOK	1591.39
65/KM.10/2021	9	GBP	19056.28
65/KM.10/2021	10	SGD	10436.42
65/KM.10/2021	11	SEK	1570.92
65/KM.10/2021	12	CHF	15315.72
65/KM.10/2021	13	JPY	12427.77
65/KM.10/2021	14	MMK	8
65/KM.10/2021	15	INR	191.52
65/KM.10/2021	16	KWD	47178.27
65/KM.10/2021	17	PKR	81.51
65/KM.10/2021	18	PHP	282.74
65/KM.10/2021	19	SAR	3804.31
65/KM.10/2021	20	LKR	70.51
65/KM.10/2021	21	THB	429.15
65/KM.10/2021	22	BND	10460.94
65/KM.10/2021	23	EUR	16044.36
65/KM.10/2021	24	CNY	2232.58
65/KM.10/2021	25	KRW	12
64/KM.10/2021	1	USD	14229
64/KM.10/2021	2	AUD	10381.05
64/KM.10/2021	3	CAD	11313.71
64/KM.10/2021	4	DKK	2170.37
64/KM.10/2021	5	HKD	1826.86
64/KM.10/2021	6	MYR	3409.27
64/KM.10/2021	7	NZD	9993.46
64/KM.10/2021	8	NOK	1623.01
64/KM.10/2021	9	GBP	19157.66
64/KM.10/2021	10	SGD	10491.2
64/KM.10/2021	11	SEK	1605.18
64/KM.10/2021	12	CHF	15342.02
64/KM.10/2021	13	JPY	12445.38
64/KM.10/2021	14	MMK	8.02
64/KM.10/2021	15	INR	191.4
64/KM.10/2021	16	KWD	47028.92
64/KM.10/2021	17	PKR	81.5
64/KM.10/2021	18	PHP	282.8
64/KM.10/2021	19	SAR	3793.23
64/KM.10/2021	20	LKR	70.46
64/KM.10/2021	21	THB	435.48
64/KM.10/2021	22	BND	10488.89
64/KM.10/2021	23	EUR	16139.73
64/KM.10/2021	24	CNY	2229.28
64/KM.10/2021	25	KRW	12.04
63/KM.10/2021	1	USD	14257
63/KM.10/2021	2	AUD	10480.04
63/KM.10/2021	3	CAD	11405.6
63/KM.10/2021	4	DKK	2206.49
63/KM.10/2021	5	HKD	1830.02
63/KM.10/2021	6	MYR	3428.37
63/KM.10/2021	7	NZD	10100.23
63/KM.10/2021	8	NOK	1656.5
63/KM.10/2021	9	GBP	19193.06
63/KM.10/2021	10	SGD	10553.39
63/KM.10/2021	11	SEK	1645.22
63/KM.10/2021	12	CHF	15548.12
63/KM.10/2021	13	JPY	12551.06
63/KM.10/2021	14	MMK	7.93
63/KM.10/2021	15	INR	191.94
63/KM.10/2021	16	KWD	47218.14
63/KM.10/2021	17	PKR	82.05
63/KM.10/2021	18	PHP	284.7
63/KM.10/2021	19	SAR	3801.28
63/KM.10/2021	20	LKR	70.7
63/KM.10/2021	21	THB	433.78
63/KM.10/2021	22	BND	10558.37
63/KM.10/2021	23	EUR	16411.23
63/KM.10/2021	24	CNY	2231.18
63/KM.10/2021	25	KRW	12.08
62/KM.10/2021	1	USD	14300
62/KM.10/2021	2	AUD	10636.04
62/KM.10/2021	3	CAD	11515.96
62/KM.10/2021	4	DKK	2226.44
62/KM.10/2021	5	HKD	1837.27
62/KM.10/2021	6	MYR	3442.89
62/KM.10/2021	7	NZD	10193.61
62/KM.10/2021	8	NOK	1679.72
62/KM.10/2021	9	GBP	19428.87
62/KM.10/2021	10	SGD	10592.3
62/KM.10/2021	11	SEK	1670.01
62/KM.10/2021	12	CHF	15673.2
62/KM.10/2021	13	JPY	12553.86
62/KM.10/2021	14	MMK	7.94
62/KM.10/2021	15	INR	191.5
62/KM.10/2021	16	KWD	47419.39
62/KM.10/2021	17	PKR	84.13
62/KM.10/2021	18	PHP	283.28
62/KM.10/2021	19	SAR	3812.03
62/KM.10/2021	20	LKR	70.91
62/KM.10/2021	21	THB	428.83
62/KM.10/2021	22	BND	10603.75
62/KM.10/2021	23	EUR	16560.65
62/KM.10/2021	24	CNY	2235
62/KM.10/2021	25	KRW	12.12
61/KM.10/2021	1	USD	14181
61/KM.10/2021	2	AUD	10662.81
61/KM.10/2021	3	CAD	11468.36
61/KM.10/2021	4	DKK	2217.07
61/KM.10/2021	5	HKD	1823.62
61/KM.10/2021	6	MYR	3418.3
61/KM.10/2021	7	NZD	10175.29
61/KM.10/2021	8	NOK	1694.89
61/KM.10/2021	9	GBP	19528.11
61/KM.10/2021	10	SGD	10531.46
61/KM.10/2021	11	SEK	1654.83
61/KM.10/2021	12	CHF	15475.38
61/KM.10/2021	13	JPY	12461.9
61/KM.10/2021	14	MMK	7.89
61/KM.10/2021	15	INR	189.09
61/KM.10/2021	16	KWD	46971.91
61/KM.10/2021	17	PKR	81.74
61/KM.10/2021	18	PHP	279.86
61/KM.10/2021	19	SAR	3780.51
61/KM.10/2021	20	LKR	70.23
61/KM.10/2021	21	THB	426.89
61/KM.10/2021	22	BND	10506.76
61/KM.10/2021	23	EUR	16492.37
61/KM.10/2021	24	CNY	2220.21
61/KM.10/2021	25	KRW	12.13
59/KM.10/2021	1	USD	14118
59/KM.10/2021	2	AUD	10541.44
59/KM.10/2021	3	CAD	11422.68
59/KM.10/2021	4	DKK	2207.15
59/KM.10/2021	5	HKD	1815.82
59/KM.10/2021	6	MYR	3394.16
59/KM.10/2021	7	NZD	10095.6
59/KM.10/2021	8	NOK	1688.68
59/KM.10/2021	9	GBP	19452.85
59/KM.10/2021	10	SGD	10483.22
59/KM.10/2021	11	SEK	1639.81
59/KM.10/2021	12	CHF	15346.05
59/KM.10/2021	13	JPY	12373.14
59/KM.10/2021	14	MMK	7.6
59/KM.10/2021	15	INR	188.25
59/KM.10/2021	16	KWD	46771.12
59/KM.10/2021	17	PKR	81.37
59/KM.10/2021	18	PHP	277.92
59/KM.10/2021	19	SAR	3763.85
59/KM.10/2021	20	LKR	70.36
59/KM.10/2021	21	THB	422.87
59/KM.10/2021	22	BND	10454
59/KM.10/2021	23	EUR	16421.77
59/KM.10/2021	24	CNY	2207.51
59/KM.10/2021	25	KRW	11.97
58/KM.10/2021	1	USD	14178
58/KM.10/2021	2	AUD	10467.74
58/KM.10/2021	3	CAD	11409.1
58/KM.10/2021	4	DKK	2205.49
58/KM.10/2021	5	HKD	1822.51
58/KM.10/2021	6	MYR	3406.96
58/KM.10/2021	7	NZD	9906.6
58/KM.10/2021	8	NOK	1667.4
58/KM.10/2021	9	GBP	19356.69
58/KM.10/2021	10	SGD	10484.69
58/KM.10/2021	11	SEK	1629.53
58/KM.10/2021	12	CHF	15313.67
58/KM.10/2021	13	JPY	12478.57
58/KM.10/2021	14	MMK	7.39
58/KM.10/2021	15	INR	188.09
58/KM.10/2021	16	KWD	46943.37
58/KM.10/2021	17	PKR	82.88
58/KM.10/2021	18	PHP	279.48
58/KM.10/2021	19	SAR	3779.81
58/KM.10/2021	20	LKR	70.33
58/KM.10/2021	21	THB	423.73
58/KM.10/2021	22	BND	10464.97
58/KM.10/2021	23	EUR	16410.06
58/KM.10/2021	24	CNY	2200.54
58/KM.10/2021	25	KRW	11.91
57/KM.10/2021	1	USD	14249
57/KM.10/2021	2	AUD	10386.81
57/KM.10/2021	3	CAD	11333.04
57/KM.10/2021	4	DKK	2216.81
57/KM.10/2021	5	HKD	1830.06
57/KM.10/2021	6	MYR	3408.66
57/KM.10/2021	7	NZD	9883.54
57/KM.10/2021	8	NOK	1661.92
57/KM.10/2021	9	GBP	19387.49
57/KM.10/2021	10	SGD	10492.33
57/KM.10/2021	11	SEK	1624.21
57/KM.10/2021	12	CHF	15356.63
57/KM.10/2021	13	JPY	12781.49
57/KM.10/2021	14	MMK	7.22
57/KM.10/2021	15	INR	190.7
57/KM.10/2021	16	KWD	47223.54
57/KM.10/2021	17	PKR	83.35
57/KM.10/2021	18	PHP	281.18
57/KM.10/2021	19	SAR	3799.25
57/KM.10/2021	20	LKR	71.3
57/KM.10/2021	21	THB	421.38
57/KM.10/2021	22	BND	10490.09
57/KM.10/2021	23	EUR	16492.13
57/KM.10/2021	24	CNY	2208.38
57/KM.10/2021	25	KRW	11.98
56/KM.10/2021	1	USD	14294
56/KM.10/2021	2	AUD	10330.27
56/KM.10/2021	3	CAD	11259.37
56/KM.10/2021	4	DKK	2234.8
56/KM.10/2021	5	HKD	1836.18
56/KM.10/2021	6	MYR	3415.91
56/KM.10/2021	7	NZD	9899.17
56/KM.10/2021	8	NOK	1642.02
56/KM.10/2021	9	GBP	19322.34
56/KM.10/2021	10	SGD	10526.24
56/KM.10/2021	11	SEK	1631.76
56/KM.10/2021	12	CHF	15359.98
56/KM.10/2021	13	JPY	12833.31
56/KM.10/2021	14	MMK	7.39
56/KM.10/2021	15	INR	192.89
56/KM.10/2021	16	KWD	47402.99
56/KM.10/2021	17	PKR	83.85
56/KM.10/2021	18	PHP	280.62
56/KM.10/2021	19	SAR	3810.68
56/KM.10/2021	20	LKR	71.45
56/KM.10/2021	21	THB	423.47
56/KM.10/2021	22	BND	10521.02
56/KM.10/2021	23	EUR	16619.35
56/KM.10/2021	24	CNY	2213.54
56/KM.10/2021	25	KRW	12.08
53/KM.10/2021	1	USD	14250
53/KM.10/2021	2	AUD	10344.65
53/KM.10/2021	3	CAD	11174.19
53/KM.10/2021	4	DKK	2246.29
53/KM.10/2021	5	HKD	1830.25
53/KM.10/2021	6	MYR	3402.76
53/KM.10/2021	7	NZD	10018.89
53/KM.10/2021	8	NOK	1647.27
53/KM.10/2021	9	GBP	19482.32
53/KM.10/2021	10	SGD	10542.9
53/KM.10/2021	11	SEK	1644.24
53/KM.10/2021	12	CHF	15403.74
53/KM.10/2021	13	JPY	12975.31
53/KM.10/2021	14	MMK	7.5
53/KM.10/2021	15	INR	193.29
53/KM.10/2021	16	KWD	47319.42
53/KM.10/2021	17	PKR	84.24
53/KM.10/2021	18	PHP	283.17
53/KM.10/2021	19	SAR	3799.35
53/KM.10/2021	20	LKR	71.32
53/KM.10/2021	21	THB	426.59
53/KM.10/2021	22	BND	10544.55
53/KM.10/2021	23	EUR	16703.85
53/KM.10/2021	24	CNY	2204.69
53/KM.10/2021	25	KRW	12.06
52/KM.10/2021	1	USD	14248
52/KM.10/2021	2	AUD	10438.08
52/KM.10/2021	3	CAD	11254.34
52/KM.10/2021	4	DKK	2259.98
52/KM.10/2021	5	HKD	1831.08
52/KM.10/2021	6	MYR	3424.05
52/KM.10/2021	7	NZD	10109.81
52/KM.10/2021	8	NOK	1653.17
52/KM.10/2021	9	GBP	19684.18
52/KM.10/2021	10	SGD	10604.82
52/KM.10/2021	11	SEK	1655.5
52/KM.10/2021	12	CHF	15432.27
52/KM.10/2021	13	JPY	12982.47
52/KM.10/2021	14	MMK	7.73
52/KM.10/2021	15	INR	193.63
52/KM.10/2021	16	KWD	47351.86
52/KM.10/2021	17	PKR	84.66
52/KM.10/2021	18	PHP	285.41
52/KM.10/2021	19	SAR	3799.04
52/KM.10/2021	20	LKR	71.33
52/KM.10/2021	21	THB	431.67
52/KM.10/2021	22	BND	10615.1
52/KM.10/2021	23	EUR	16805.52
52/KM.10/2021	24	CNY	2211.98
52/KM.10/2021	25	KRW	12.15
51/KM.10/2021	1	USD	14240
51/KM.10/2021	2	AUD	10525.76
51/KM.10/2021	3	CAD	11275.34
51/KM.10/2021	4	DKK	2267.25
51/KM.10/2021	5	HKD	1831.33
51/KM.10/2021	6	MYR	3433.96
51/KM.10/2021	7	NZD	10134.18
51/KM.10/2021	8	NOK	1641.52
51/KM.10/2021	9	GBP	19682.55
51/KM.10/2021	10	SGD	10601.42
51/KM.10/2021	11	SEK	1655.76
51/KM.10/2021	12	CHF	15513.69
51/KM.10/2021	13	JPY	12944.67
51/KM.10/2021	14	MMK	8.32
51/KM.10/2021	15	INR	193.97
51/KM.10/2021	16	KWD	47333.47
51/KM.10/2021	17	PKR	84.86
51/KM.10/2021	18	PHP	284.93
51/KM.10/2021	19	SAR	3796.55
51/KM.10/2021	20	LKR	71.19
51/KM.10/2021	21	THB	436.08
51/KM.10/2021	22	BND	10592.36
51/KM.10/2021	23	EUR	16858.88
51/KM.10/2021	24	CNY	2207.44
51/KM.10/2021	25	KRW	12.23
50/KM.10/2021	1	USD	14302
50/KM.10/2021	2	AUD	10528.54
50/KM.10/2021	3	CAD	11361.52
50/KM.10/2021	4	DKK	2277
50/KM.10/2021	5	HKD	1839.02
50/KM.10/2021	6	MYR	3442.75
50/KM.10/2021	7	NZD	10110.95
50/KM.10/2021	8	NOK	1649.26
50/KM.10/2021	9	GBP	19772.21
50/KM.10/2021	10	SGD	10640.46
50/KM.10/2021	11	SEK	1663.09
50/KM.10/2021	12	CHF	15628.7
50/KM.10/2021	13	JPY	13004.4
50/KM.10/2021	14	MMK	8.5
50/KM.10/2021	15	INR	195.63
50/KM.10/2021	16	KWD	47494.99
50/KM.10/2021	17	PKR	86.28
50/KM.10/2021	18	PHP	286.65
50/KM.10/2021	19	SAR	3813.04
50/KM.10/2021	20	LKR	71.67
50/KM.10/2021	21	THB	441.01
50/KM.10/2021	22	BND	10635.83
50/KM.10/2021	23	EUR	16932.05
50/KM.10/2021	24	CNY	2215.67
50/KM.10/2021	25	KRW	12.32
48/KM.10/2021	1	USD	14414
48/KM.10/2021	2	AUD	10443.81
48/KM.10/2021	3	CAD	11404.79
48/KM.10/2021	4	DKK	2278.51
48/KM.10/2021	5	HKD	1850.68
48/KM.10/2021	6	MYR	3426.65
48/KM.10/2021	7	NZD	10007.36
48/KM.10/2021	8	NOK	1629.2
48/KM.10/2021	9	GBP	19778.92
48/KM.10/2021	10	SGD	10647.87
48/KM.10/2021	11	SEK	1656.36
48/KM.10/2021	12	CHF	15754.98
48/KM.10/2021	13	JPY	13113.29
48/KM.10/2021	14	MMK	8.69
48/KM.10/2021	15	INR	194.4
48/KM.10/2021	16	KWD	47876.14
48/KM.10/2021	17	PKR	86.93
48/KM.10/2021	18	PHP	288.06
48/KM.10/2021	19	SAR	3843.13
48/KM.10/2021	20	LKR	72.09
48/KM.10/2021	21	THB	438.48
48/KM.10/2021	22	BND	10635.48
48/KM.10/2021	23	EUR	16944.05
48/KM.10/2021	24	CNY	2225.69
48/KM.10/2021	25	KRW	12.33
47/KM.10/2021	1	USD	14412
47/KM.10/2021	2	AUD	10405.5
47/KM.10/2021	3	CAD	11345.65
47/KM.10/2021	4	DKK	2270.1
47/KM.10/2021	5	HKD	1850.18
47/KM.10/2021	6	MYR	3400.76
47/KM.10/2021	7	NZD	9943.47
47/KM.10/2021	8	NOK	1610.97
47/KM.10/2021	9	GBP	19774.54
47/KM.10/2021	10	SGD	10587.32
47/KM.10/2021	11	SEK	1647.2
47/KM.10/2021	12	CHF	15735.9
47/KM.10/2021	13	JPY	13145.83
47/KM.10/2021	14	MMK	8.75
47/KM.10/2021	15	INR	193.88
47/KM.10/2021	16	KWD	47847.18
47/KM.10/2021	17	PKR	87.84
47/KM.10/2021	18	PHP	285.49
47/KM.10/2021	19	SAR	3842.57
47/KM.10/2021	20	LKR	72.24
47/KM.10/2021	21	THB	432.24
47/KM.10/2021	22	BND	10589.84
47/KM.10/2021	23	EUR	16881.91
47/KM.10/2021	24	CNY	2220.29
47/KM.10/2021	25	KRW	12.26
46/KM.10/2021	1	USD	14388
46/KM.10/2021	2	AUD	10570
46/KM.10/2021	3	CAD	11483.76
46/KM.10/2021	4	DKK	2269.93
46/KM.10/2021	5	HKD	1848.95
46/KM.10/2021	6	MYR	3397.8
46/KM.10/2021	7	NZD	10086.56
46/KM.10/2021	8	NOK	1619.42
46/KM.10/2021	9	GBP	19901.48
46/KM.10/2021	10	SGD	10596.55
46/KM.10/2021	11	SEK	1654.27
46/KM.10/2021	12	CHF	15604.19
46/KM.10/2021	13	JPY	13032.84
46/KM.10/2021	14	MMK	8.72
46/KM.10/2021	15	INR	193.55
46/KM.10/2021	16	KWD	47800.83
46/KM.10/2021	17	PKR	87.9
46/KM.10/2021	18	PHP	285.39
46/KM.10/2021	19	SAR	3836.43
46/KM.10/2021	20	LKR	72.12
46/KM.10/2021	21	THB	430.82
46/KM.10/2021	22	BND	10595.84
46/KM.10/2021	23	EUR	16881.73
46/KM.10/2021	24	CNY	2219.6
46/KM.10/2021	25	KRW	12.44
45/KM.10/2021	1	USD	14371
45/KM.10/2021	2	AUD	10615.85
45/KM.10/2021	3	CAD	11477.75
45/KM.10/2021	4	DKK	2288.36
45/KM.10/2021	5	HKD	1848.09
45/KM.10/2021	6	MYR	3405.42
45/KM.10/2021	7	NZD	10101.96
45/KM.10/2021	8	NOK	1628.06
45/KM.10/2021	9	GBP	19988.93
45/KM.10/2021	10	SGD	10633.7
45/KM.10/2021	11	SEK	1669.34
45/KM.10/2021	12	CHF	15858.44
45/KM.10/2021	13	JPY	13126.95
45/KM.10/2021	14	MMK	8.7
45/KM.10/2021	15	INR	193.6
45/KM.10/2021	16	KWD	47791.15
45/KM.10/2021	17	PKR	87.96
45/KM.10/2021	18	PHP	287.46
45/KM.10/2021	19	SAR	3832.02
45/KM.10/2021	20	LKR	72.04
45/KM.10/2021	21	THB	433.57
45/KM.10/2021	22	BND	10617.91
45/KM.10/2021	23	EUR	17019.68
45/KM.10/2021	24	CNY	2222.95
45/KM.10/2021	25	KRW	12.54
44/KM.10/2021	1	USD	14487
44/KM.10/2021	2	AUD	10680.54
44/KM.10/2021	3	CAD	11570.19
44/KM.10/2021	4	DKK	2306.91
44/KM.10/2021	5	HKD	1862.67
44/KM.10/2021	6	MYR	3423.59
44/KM.10/2021	7	NZD	10109.76
44/KM.10/2021	8	NOK	1644.38
44/KM.10/2021	9	GBP	20125.64
44/KM.10/2021	10	SGD	10679.23
44/KM.10/2021	11	SEK	1684.14
44/KM.10/2021	12	CHF	15909.77
44/KM.10/2021	13	JPY	13187.08
44/KM.10/2021	14	MMK	8.78
44/KM.10/2021	15	INR	194.74
44/KM.10/2021	16	KWD	48166.67
44/KM.10/2021	17	PKR	89.73
44/KM.10/2021	18	PHP	288.02
44/KM.10/2021	19	SAR	3862.53
44/KM.10/2021	20	LKR	72.69
44/KM.10/2021	21	THB	440.29
44/KM.10/2021	22	BND	10701.57
44/KM.10/2021	23	EUR	17158.75
44/KM.10/2021	24	CNY	2234.44
44/KM.10/2021	25	KRW	12.58
\.


--
-- Name: country country_pkey; Type: CONSTRAINT; Schema: public; Owner: postgres
--

ALTER TABLE ONLY public.country
    ADD CONSTRAINT country_pkey PRIMARY KEY (country_code);


--
-- Name: currency currency_pkey; Type: CONSTRAINT; Schema: public; Owner: postgres
--

ALTER TABLE ONLY public.currency
    ADD CONSTRAINT currency_pkey PRIMARY KEY (currency_code);


--
-- Name: kurs_pajak_document kurs_pajak_document_pkey; Type: CONSTRAINT; Schema: public; Owner: postgres
--

ALTER TABLE ONLY public.kurs_pajak_document
    ADD CONSTRAINT kurs_pajak_document_pkey PRIMARY KEY (doc_id);


--
-- Name: nilai_kurs nilai_kurs_pkey; Type: CONSTRAINT; Schema: public; Owner: postgres
--

ALTER TABLE ONLY public.nilai_kurs
    ADD CONSTRAINT nilai_kurs_pkey PRIMARY KEY (no_urut, doc_id, currency_code);


--
-- Name: country country_currency_code_fkey; Type: FK CONSTRAINT; Schema: public; Owner: postgres
--

ALTER TABLE ONLY public.country
    ADD CONSTRAINT country_currency_code_fkey FOREIGN KEY (currency_code) REFERENCES public.currency(currency_code);


--
-- Name: nilai_kurs nilai_kurs_currency_code_fkey; Type: FK CONSTRAINT; Schema: public; Owner: postgres
--

ALTER TABLE ONLY public.nilai_kurs
    ADD CONSTRAINT nilai_kurs_currency_code_fkey FOREIGN KEY (currency_code) REFERENCES public.currency(currency_code);


--
-- Name: nilai_kurs nilai_kurs_doc_id_fkey; Type: FK CONSTRAINT; Schema: public; Owner: postgres
--

ALTER TABLE ONLY public.nilai_kurs
    ADD CONSTRAINT nilai_kurs_doc_id_fkey FOREIGN KEY (doc_id) REFERENCES public.kurs_pajak_document(doc_id);


--
-- PostgreSQL database dump complete
--

