-- MariaDB dump 10.19-11.0.2-MariaDB, for Win64 (AMD64)
--
-- Host: localhost    Database: nba2k24_db
-- ------------------------------------------------------
-- Server version	11.0.2-MariaDB

/*!40101 SET @OLD_CHARACTER_SET_CLIENT=@@CHARACTER_SET_CLIENT */;
/*!40101 SET @OLD_CHARACTER_SET_RESULTS=@@CHARACTER_SET_RESULTS */;
/*!40101 SET @OLD_COLLATION_CONNECTION=@@COLLATION_CONNECTION */;
/*!40101 SET NAMES utf8mb4 */;
/*!40103 SET @OLD_TIME_ZONE=@@TIME_ZONE */;
/*!40103 SET TIME_ZONE='+00:00' */;
/*!40014 SET @OLD_UNIQUE_CHECKS=@@UNIQUE_CHECKS, UNIQUE_CHECKS=0 */;
/*!40014 SET @OLD_FOREIGN_KEY_CHECKS=@@FOREIGN_KEY_CHECKS, FOREIGN_KEY_CHECKS=0 */;
/*!40101 SET @OLD_SQL_MODE=@@SQL_MODE, SQL_MODE='NO_AUTO_VALUE_ON_ZERO' */;
/*!40111 SET @OLD_SQL_NOTES=@@SQL_NOTES, SQL_NOTES=0 */;

--
-- Table structure for table `player`
--

DROP TABLE IF EXISTS `player`;
/*!40101 SET @saved_cs_client     = @@character_set_client */;
/*!40101 SET character_set_client = utf8 */;
CREATE TABLE `player` (
  `playerID` uuid NOT NULL,
  `playerName` varchar(64) NOT NULL,
  `heightFeet` tinyint(4) NOT NULL,
  `heightInches` tinyint(4) NOT NULL,
  `overallRating` tinyint(4) NOT NULL,
  `threePtRating` tinyint(4) NOT NULL,
  `dunkRating` tinyint(4) NOT NULL,
  `teamID` char(3) NOT NULL,
  PRIMARY KEY (`playerID`),
  KEY `teamID` (`teamID`),
  CONSTRAINT `player_ibfk_1` FOREIGN KEY (`teamID`) REFERENCES `team` (`teamID`)
) ENGINE=InnoDB DEFAULT CHARSET=latin1 COLLATE=latin1_swedish_ci;
/*!40101 SET character_set_client = @saved_cs_client */;

--
-- Dumping data for table `player`
--

LOCK TABLES `player` WRITE;
/*!40000 ALTER TABLE `player` DISABLE KEYS */;
INSERT INTO `player` VALUES
('94f1e1dd-2564-11ee-9f10-005056c00001','Trae Young',6,1,89,84,30,'ATL'),
('94f2033a-2564-11ee-9f10-005056c00001','Dejounte Murray',6,5,84,79,75,'ATL'),
('94f21d1c-2564-11ee-9f10-005056c00001','Clint Capela',6,10,83,25,80,'ATL'),
('94f23b4c-2564-11ee-9f10-005056c00001','Onyeka Okongwu',6,9,81,60,80,'ATL'),
('94f25571-2564-11ee-9f10-005056c00001','De’Andre Hunter',6,8,80,79,70,'ATL'),
('94f274a9-2564-11ee-9f10-005056c00001','Saddiq Bey',6,7,79,80,60,'ATL'),
('94f2937a-2564-11ee-9f10-005056c00001','Bogdan Bogdanovic',6,5,79,84,65,'ATL'),
('94f2af4a-2564-11ee-9f10-005056c00001','AJ Griffin',6,6,76,82,85,'ATL'),
('94f2c5f7-2564-11ee-9f10-005056c00001','Jalen Johnson',6,8,76,72,65,'ATL'),
('94f2ddcb-2564-11ee-9f10-005056c00001','Bruno Fernando',6,10,75,42,78,'ATL'),
('94f2fb5c-2564-11ee-9f10-005056c00001','Patty Mills',6,0,74,80,25,'ATL'),
('94f31a3d-2564-11ee-9f10-005056c00001','Garrison Mathews',6,6,73,78,55,'ATL'),
('94f331b5-2564-11ee-9f10-005056c00001','Trent Forrest',6,4,71,62,60,'ATL'),
('94f3514b-2564-11ee-9f10-005056c00001','Vit Krejci',6,8,70,75,70,'ATL'),
('94f36b0a-2564-11ee-9f10-005056c00001','Tyrese Martin',6,6,69,75,60,'ATL'),
('94f383d4-2564-11ee-9f10-005056c00001','Jayson Tatum',6,8,95,87,89,'BOS'),
('94f3971d-2564-11ee-9f10-005056c00001','Jaylen Brown',6,6,90,83,89,'BOS'),
('94f3ad8b-2564-11ee-9f10-005056c00001','Kristaps Porzingis',7,3,87,82,75,'BOS'),
('94f3c12c-2564-11ee-9f10-005056c00001','Robert Williams III',6,9,83,25,75,'BOS'),
('94f3d8a9-2564-11ee-9f10-005056c00001','Malcolm Brogdon',6,4,83,89,70,'BOS'),
('94f3f5ee-2564-11ee-9f10-005056c00001','Al Horford',6,9,80,87,65,'BOS'),
('94f40801-2564-11ee-9f10-005056c00001','Derrick White',6,4,80,81,55,'BOS'),
('94f41a6d-2564-11ee-9f10-005056c00001','Blake Griffin',6,9,75,78,75,'BOS'),
('94f42e07-2564-11ee-9f10-005056c00001','Dalano Banton',6,7,75,74,65,'BOS'),
('94f44134-2564-11ee-9f10-005056c00001','Sam Hauser',6,7,75,85,60,'BOS'),
('94f4530e-2564-11ee-9f10-005056c00001','Luke Kornet',7,2,74,70,60,'BOS'),
('94f464df-2564-11ee-9f10-005056c00001','Payton Pritchard',6,1,73,78,35,'BOS'),
('94f47713-2564-11ee-9f10-005056c00001','Oshae Brissett',6,7,73,74,75,'BOS'),
('94f48898-2564-11ee-9f10-005056c00001','Justin Champagnie',6,6,70,75,75,'BOS'),
('94f49e70-2564-11ee-9f10-005056c00001','Mfiondu Kabengele',6,10,70,58,80,'BOS'),
('94f4b1f6-2564-11ee-9f10-005056c00001','JD Davison',6,1,69,71,85,'BOS'),
('94f4c3f6-2564-11ee-9f10-005056c00001','Mikal Bridges',6,6,87,86,75,'BKN'),
('94f4d69b-2564-11ee-9f10-005056c00001','Nicolas Claxton',6,11,84,67,75,'BKN'),
('94f4f44a-2564-11ee-9f10-005056c00001','Spencer Dinwiddie',6,5,83,82,55,'BKN'),
('94f50ebb-2564-11ee-9f10-005056c00001','Cameron Johnson',6,8,80,85,60,'BKN'),
('94f5224b-2564-11ee-9f10-005056c00001','Ben Simmons',6,10,78,50,86,'BKN'),
('94f53475-2564-11ee-9f10-005056c00001','Cameron Thomas',6,3,78,82,75,'BKN'),
('94f54f98-2564-11ee-9f10-005056c00001','Dorian Finney-Smith',6,7,77,77,84,'BKN'),
('94f56388-2564-11ee-9f10-005056c00001','Lonnie Walker IV',6,4,76,82,75,'BKN'),
('94f57638-2564-11ee-9f10-005056c00001','Edmond Sumner',6,4,76,79,80,'BKN'),
('94f58888-2564-11ee-9f10-005056c00001','Royce O’Neale',6,6,76,83,70,'BKN'),
('94f59825-2564-11ee-9f10-005056c00001','Dennis Smith Jr.',6,2,74,70,85,'BKN'),
('94f5a6c8-2564-11ee-9f10-005056c00001','Day’Ron Sharpe',6,9,73,29,70,'BKN'),
('94f5b6ce-2564-11ee-9f10-005056c00001','David Duke Jr.',6,4,72,69,60,'BKN'),
('94f5c6b8-2564-11ee-9f10-005056c00001','Raiquan Gray',6,8,69,77,75,'BKN'),
('94f5d52f-2564-11ee-9f10-005056c00001','LaMelo Ball',6,7,86,81,75,'CHA'),
('94f5e4af-2564-11ee-9f10-005056c00001','Miles Bridges',6,7,83,78,91,'CHA'),
('94f5fc1a-2564-11ee-9f10-005056c00001','Terry Rozier III',6,1,81,77,75,'CHA'),
('94f614cc-2564-11ee-9f10-005056c00001','Kelly Oubre Jr.',6,6,80,77,84,'CHA'),
('94f62d24-2564-11ee-9f10-005056c00001','Gordon Hayward',6,7,79,76,75,'CHA'),
('94f64440-2564-11ee-9f10-005056c00001','Mark Williams',7,0,78,36,75,'CHA'),
('94f65dd9-2564-11ee-9f10-005056c00001','Nick Richards',7,0,78,25,80,'CHA'),
('94f67db0-2564-11ee-9f10-005056c00001','P.J. Washington',6,7,77,78,80,'CHA'),
('94f69826-2564-11ee-9f10-005056c00001','Cody Martin',6,6,75,82,75,'CHA'),
('94f6b161-2564-11ee-9f10-005056c00001','Sviatoslav Mykhailiuk',6,7,74,83,55,'CHA'),
('94f6c605-2564-11ee-9f10-005056c00001','Theo Maledon',6,5,74,77,50,'CHA'),
('94f6ddc4-2564-11ee-9f10-005056c00001','James Bouknight',6,4,72,73,85,'CHA'),
('94f6f37e-2564-11ee-9f10-005056c00001','Bryce McGowens',6,6,72,73,80,'CHA'),
('94f707bb-2564-11ee-9f10-005056c00001','J.T. Thor',6,9,72,74,70,'CHA'),
('94f71af7-2564-11ee-9f10-005056c00001','Kai Jones',6,11,72,69,80,'CHA'),
('94f72e3b-2564-11ee-9f10-005056c00001','Kobi Simmons',6,5,68,69,70,'CHA'),
('94f741de-2564-11ee-9f10-005056c00001','Xavier Sneed',6,5,68,73,70,'CHA'),
('94f75228-2564-11ee-9f10-005056c00001','Zach LaVine',6,5,87,82,95,'CHI'),
('94f760ae-2564-11ee-9f10-005056c00001','DeMar DeRozan',6,6,87,77,84,'CHI'),
('94f771e0-2564-11ee-9f10-005056c00001','Nikola Vucevic',6,10,84,78,65,'CHI'),
('94f781b6-2564-11ee-9f10-005056c00001','Lonzo Ball',6,6,82,84,75,'CHI'),
('94f79386-2564-11ee-9f10-005056c00001','Andre Drummond',6,11,78,47,85,'CHI'),
('94f7a9e2-2564-11ee-9f10-005056c00001','Patrick Williams',6,7,77,85,65,'CHI'),
('94f7c089-2564-11ee-9f10-005056c00001','Javonte Green',6,5,77,82,85,'CHI'),
('94f7e420-2564-11ee-9f10-005056c00001','Alex Caruso',6,5,76,80,75,'CHI'),
('94f8086d-2564-11ee-9f10-005056c00001','Coby White',6,4,76,81,65,'CHI'),
('94f81dc1-2564-11ee-9f10-005056c00001','Derrick Jones Jr.',6,6,76,77,94,'CHI'),
('94f82cb2-2564-11ee-9f10-005056c00001','Torrey Craig',6,7,75,82,60,'CHI'),
('94f83ac6-2564-11ee-9f10-005056c00001','Jevon Carter',6,1,75,86,35,'CHI'),
('94f84892-2564-11ee-9f10-005056c00001','Ayo Dosunmu',6,5,74,74,75,'CHI'),
('94f858a9-2564-11ee-9f10-005056c00001','Terry Taylor',6,5,74,74,45,'CHI'),
('94f86698-2564-11ee-9f10-005056c00001','Dalen Terry',6,7,73,74,80,'CHI'),
('94f87426-2564-11ee-9f10-005056c00001','Justin Lewis',6,7,67,72,75,'CHI'),
('94f881ad-2564-11ee-9f10-005056c00001','Carlik Jones',6,1,67,74,30,'CHI'),
('94f88f52-2564-11ee-9f10-005056c00001','Donovan Mitchell',6,1,92,88,92,'CLE'),
('94f89c8c-2564-11ee-9f10-005056c00001','Darius Garland',6,1,87,85,65,'CLE'),
('94f8aa1a-2564-11ee-9f10-005056c00001','Evan Mobley',6,11,86,66,80,'CLE'),
('94f8bafb-2564-11ee-9f10-005056c00001','Jarrett Allen',6,10,84,63,80,'CLE'),
('94f8cbbc-2564-11ee-9f10-005056c00001','Caris LeVert',6,6,77,81,75,'CLE'),
('94f8d9ee-2564-11ee-9f10-005056c00001','Isaac Okoro',6,5,76,79,75,'CLE'),
('94f8e764-2564-11ee-9f10-005056c00001','Max Strus',6,5,76,77,65,'CLE'),
('94f8f500-2564-11ee-9f10-005056c00001','Ricky Rubio',6,2,75,70,25,'CLE'),
('94f9020e-2564-11ee-9f10-005056c00001','Ty Jerome',6,5,75,82,45,'CLE'),
('94f90ec0-2564-11ee-9f10-005056c00001','Raul Neto',6,2,74,75,25,'CLE'),
('94f925bb-2564-11ee-9f10-005056c00001','Danny Green',6,6,73,82,45,'CLE'),
('94f934ee-2564-11ee-9f10-005056c00001','Dean Wade',6,9,73,81,75,'CLE'),
('94f94287-2564-11ee-9f10-005056c00001','Georges Niang',6,7,73,84,50,'CLE'),
('94f94fc2-2564-11ee-9f10-005056c00001','Damian Jones',6,11,73,67,75,'CLE'),
('94f95c8c-2564-11ee-9f10-005056c00001','Dylan Windler',6,6,71,77,50,'CLE'),
('94f96922-2564-11ee-9f10-005056c00001','Sam Merrill',6,4,71,78,45,'CLE'),
('94f975c2-2564-11ee-9f10-005056c00001','Isaiah Mobley',6,8,70,69,71,'CLE'),
('94f98289-2564-11ee-9f10-005056c00001','Mamadi Diakite',6,9,69,66,75,'CLE'),
('94f98fc5-2564-11ee-9f10-005056c00001','Luka Doncic',6,7,97,87,75,'DAL'),
('94f9a20a-2564-11ee-9f10-005056c00001','Kyrie Irving',6,2,91,84,30,'DAL'),
('94f9b725-2564-11ee-9f10-005056c00001','Christian Wood',6,9,82,80,85,'DAL'),
('94f9c6a8-2564-11ee-9f10-005056c00001','Tim Hardaway Jr.',6,5,78,84,78,'DAL'),
('94f9d46f-2564-11ee-9f10-005056c00001','Jaden Hardy',6,3,77,81,80,'DAL'),
('94f9e16d-2564-11ee-9f10-005056c00001','Dwight Powell',6,10,77,78,65,'DAL'),
('94f9ee8a-2564-11ee-9f10-005056c00001','Seth Curry',6,1,77,86,36,'DAL'),
('94f9fb76-2564-11ee-9f10-005056c00001','JaVale McGee',7,0,76,55,85,'DAL'),
('94fa08b0-2564-11ee-9f10-005056c00001','Grant Williams',6,6,76,84,60,'DAL'),
('94fa15a2-2564-11ee-9f10-005056c00001','Josh Green',6,7,76,83,80,'DAL'),
('94fa22c0-2564-11ee-9f10-005056c00001','Richaun Holmes',6,8,75,62,75,'DAL'),
('94fa4ace-2564-11ee-9f10-005056c00001','Maxi Kleber',6,10,75,79,75,'DAL'),
('94fa66e9-2564-11ee-9f10-005056c00001','Markieff Morris',6,9,74,85,67,'DAL'),
('94fa7b76-2564-11ee-9f10-005056c00001','Frank Ntilikina',6,4,72,68,45,'DAL'),
('94fa9c79-2564-11ee-9f10-005056c00001','Theo Pinson',6,7,72,82,75,'DAL'),
('94fab9f2-2564-11ee-9f10-005056c00001','Dante Exum',6,5,71,75,60,'DAL'),
('94face3a-2564-11ee-9f10-005056c00001','McKinley Wright IV',5,11,68,76,50,'DAL'),
('94fadcdf-2564-11ee-9f10-005056c00001','A.J. Lawson',6,6,67,75,75,'DAL'),
('94faea1e-2564-11ee-9f10-005056c00001','Nikola Jokic',6,11,97,84,75,'DEN'),
('94faf726-2564-11ee-9f10-005056c00001','Jamal Murray',6,4,84,84,82,'DEN'),
('94fb044b-2564-11ee-9f10-005056c00001','Michael Porter Jr.',6,10,83,86,80,'DEN'),
('94fb1734-2564-11ee-9f10-005056c00001','Aaron Gordon',6,8,83,80,95,'DEN'),
('94fb30a4-2564-11ee-9f10-005056c00001','Kentavious Caldwell-Pope',6,5,77,87,73,'DEN'),
('94fb4516-2564-11ee-9f10-005056c00001','Reggie Jackson',6,2,75,77,65,'DEN'),
('94fb5901-2564-11ee-9f10-005056c00001','Zeke Nnaji',6,9,75,75,70,'DEN'),
('94fb6b09-2564-11ee-9f10-005056c00001','Christian Braun',6,6,73,84,80,'DEN'),
('94fb7d43-2564-11ee-9f10-005056c00001','Ish Smith',6,0,73,79,30,'DEN'),
('94fb952b-2564-11ee-9f10-005056c00001','Justin Holiday',6,6,73,81,73,'DEN'),
('94fba42c-2564-11ee-9f10-005056c00001','Vlatko Cancar',6,8,73,84,65,'DEN'),
('94fbb13f-2564-11ee-9f10-005056c00001','DeAndre Jordan',6,11,72,25,75,'DEN'),
('94fbbe98-2564-11ee-9f10-005056c00001','Peyton Watson',6,7,71,68,65,'DEN'),
('94fbcb87-2564-11ee-9f10-005056c00001','Collin Gillespie',6,1,68,80,54,'DEN'),
('94fbd91a-2564-11ee-9f10-005056c00001','Braxton Key',6,8,67,70,75,'DEN'),
('94fbe618-2564-11ee-9f10-005056c00001','Cade Cunningham',6,7,84,78,75,'DET'),
('94fbf323-2564-11ee-9f10-005056c00001','Bojan Bogdanovic',6,7,82,85,70,'DET'),
('94fbfff2-2564-11ee-9f10-005056c00001','Jaden Ivey',6,4,81,77,85,'DET'),
('94fc0fe3-2564-11ee-9f10-005056c00001','Jalen Duren',6,11,80,35,80,'DET'),
('94fc241c-2564-11ee-9f10-005056c00001','James Wiseman',7,0,79,70,75,'DET'),
('94fc36e6-2564-11ee-9f10-005056c00001','Monte Morris',6,2,79,83,50,'DET'),
('94fc466c-2564-11ee-9f10-005056c00001','Marvin Bagley III',6,10,79,70,80,'DET'),
('94fc53cb-2564-11ee-9f10-005056c00001','Isaiah Stewart',6,8,78,75,70,'DET'),
('94fc608c-2564-11ee-9f10-005056c00001','Hamidou Diallo',6,5,77,60,93,'DET'),
('94fc72fa-2564-11ee-9f10-005056c00001','Alec Burks',6,6,77,87,69,'DET'),
('94fc82da-2564-11ee-9f10-005056c00001','Joe Harris',6,6,76,86,45,'DET'),
('94fc9045-2564-11ee-9f10-005056c00001','Killian Hayes',6,5,75,70,60,'DET'),
('94fc9d29-2564-11ee-9f10-005056c00001','Isaiah Livers',6,6,74,80,65,'DET'),
('94fcaa88-2564-11ee-9f10-005056c00001','Rodney McGruder',6,4,73,84,50,'DET'),
('94fcb766-2564-11ee-9f10-005056c00001','Jared Rhoden',6,6,69,74,70,'DET'),
('94fcc48a-2564-11ee-9f10-005056c00001','Buddy Boeheim',6,6,68,79,60,'DET'),
('94fcd127-2564-11ee-9f10-005056c00001','Stephen Curry',6,2,96,99,36,'GSW'),
('94fcde49-2564-11ee-9f10-005056c00001','Chris Paul',6,0,87,81,27,'GSW'),
('94fceb65-2564-11ee-9f10-005056c00001','Klay Thompson',6,6,86,92,65,'GSW'),
('94fcf880-2564-11ee-9f10-005056c00001','Draymond Green',6,6,83,76,65,'GSW'),
('94fd054c-2564-11ee-9f10-005056c00001','Andrew Wiggins',6,7,82,84,92,'GSW'),
('94fd122b-2564-11ee-9f10-005056c00001','Jonathan Kuminga',6,7,78,81,85,'GSW'),
('94fd1ec7-2564-11ee-9f10-005056c00001','Kevon Looney',6,9,78,69,70,'GSW'),
('94fd2bb1-2564-11ee-9f10-005056c00001','Gary Payton II',6,2,77,79,75,'GSW'),
('94fd3883-2564-11ee-9f10-005056c00001','JaMychal Green',6,9,77,81,70,'GSW'),
('94fd4708-2564-11ee-9f10-005056c00001','Dario Saric',6,10,76,81,70,'GSW'),
('94fd5770-2564-11ee-9f10-005056c00001','Andre Iguodala',6,6,75,69,70,'GSW'),
('94fd68a0-2564-11ee-9f10-005056c00001','Cory Joseph',6,3,74,81,30,'GSW'),
('94fd7623-2564-11ee-9f10-005056c00001','Moses Moody',6,5,73,77,70,'GSW'),
('94fd8368-2564-11ee-9f10-005056c00001','Anthony Lamb',6,6,73,81,65,'GSW'),
('94fd90b3-2564-11ee-9f10-005056c00001','Lester Quiñones',6,5,67,76,65,'GSW'),
('94fd9d70-2564-11ee-9f10-005056c00001','Jalen Green',6,4,84,82,91,'HOU'),
('94fdaec3-2564-11ee-9f10-005056c00001','Fred VanVleet',6,0,83,79,35,'HOU'),
('94fdc8c4-2564-11ee-9f10-005056c00001','Alperen Sengun',6,11,83,73,80,'HOU'),
('94fdd817-2564-11ee-9f10-005056c00001','Kevin Porter Jr.',6,4,81,80,80,'HOU'),
('94fde4fb-2564-11ee-9f10-005056c00001','Jabari Smith Jr.',6,11,79,77,85,'HOU'),
('94fdf214-2564-11ee-9f10-005056c00001','Tari Eason',6,8,79,80,80,'HOU'),
('94fdfeac-2564-11ee-9f10-005056c00001','Dillon Brooks',6,6,79,75,75,'HOU'),
('94fe0b74-2564-11ee-9f10-005056c00001','Jae’Sean Tate',6,5,77,70,75,'HOU'),
('94fe17fe-2564-11ee-9f10-005056c00001','Jeff Green',6,8,75,70,80,'HOU'),
('94fe2490-2564-11ee-9f10-005056c00001','Jock Landale',6,11,75,62,60,'HOU'),
('94fe3134-2564-11ee-9f10-005056c00001','Frank Kaminsky',7,0,75,78,65,'HOU'),
('94fe410c-2564-11ee-9f10-005056c00001','Aaron Holiday',6,0,73,85,60,'HOU'),
('94fe52e5-2564-11ee-9f10-005056c00001','Boban Marjanovic',7,4,73,63,60,'HOU'),
('94fe600b-2564-11ee-9f10-005056c00001','Willie Cauley-Stein',7,0,73,49,70,'HOU'),
('94fe6da1-2564-11ee-9f10-005056c00001','D.J. Augustin',5,11,70,81,25,'HOU'),
('94fe7a8a-2564-11ee-9f10-005056c00001','Trevor Hudgins',6,0,68,80,85,'HOU'),
('94fe89b3-2564-11ee-9f10-005056c00001','Darius Days',6,7,67,73,70,'HOU'),
('94fe96c4-2564-11ee-9f10-005056c00001','Tyrese Haliburton',6,5,89,85,65,'IND'),
('94fea36c-2564-11ee-9f10-005056c00001','Myles Turner',6,11,85,81,65,'IND'),
('94feb00e-2564-11ee-9f10-005056c00001','Buddy Hield',6,4,80,89,65,'IND'),
('94fec8f6-2564-11ee-9f10-005056c00001','Bennedict Mathurin',6,5,79,75,80,'IND'),
('94fed84e-2564-11ee-9f10-005056c00001','T.J. McConnell',6,1,78,79,25,'IND'),
('94fee6d3-2564-11ee-9f10-005056c00001','Obi Toppin',6,9,77,78,90,'IND'),
('94fef3e7-2564-11ee-9f10-005056c00001','Andrew Nembhard',6,3,77,78,60,'IND'),
('94ff0153-2564-11ee-9f10-005056c00001','Bruce Brown Jr.',6,4,77,80,70,'IND'),
('94ff0e7a-2564-11ee-9f10-005056c00001','Isaiah Jackson',6,9,76,59,80,'IND'),
('94ff1b14-2564-11ee-9f10-005056c00001','Jalen Smith',6,9,76,69,80,'IND'),
('94ff2809-2564-11ee-9f10-005056c00001','Jordan Nwora',6,9,76,84,65,'IND'),
('94ff394d-2564-11ee-9f10-005056c00001','Aaron Nesmith',6,5,76,79,55,'IND'),
('94ff4d17-2564-11ee-9f10-005056c00001','Daniel Theis',6,8,75,73,78,'IND'),
('94ff5d0a-2564-11ee-9f10-005056c00001','George Hill',6,4,73,75,45,'IND'),
('94ff6a21-2564-11ee-9f10-005056c00001','James Johnson',6,7,71,68,75,'IND'),
('94ff7cbc-2564-11ee-9f10-005056c00001','Kendall Brown',6,7,69,73,80,'IND'),
('94ff9226-2564-11ee-9f10-005056c00001','Gabe York',6,3,67,77,45,'IND'),
('94ff9fe1-2564-11ee-9f10-005056c00001','Kawhi Leonard',6,7,92,85,80,'LAC'),
('94ffaccb-2564-11ee-9f10-005056c00001','Paul George',6,8,89,81,85,'LAC'),
('94ffb9ed-2564-11ee-9f10-005056c00001','Russell Westbrook',6,3,81,73,80,'LAC'),
('94ffc70d-2564-11ee-9f10-005056c00001','Ivica Zubac',7,0,81,26,75,'LAC'),
('94ffd56d-2564-11ee-9f10-005056c00001','Mason Plumlee',7,0,80,58,80,'LAC'),
('94ffe24d-2564-11ee-9f10-005056c00001','Norman Powell',6,4,79,85,80,'LAC'),
('94ffeee6-2564-11ee-9f10-005056c00001','Kenyon Martin Jr.',6,7,79,74,93,'LAC'),
('94fffc08-2564-11ee-9f10-005056c00001','Bones Hyland',6,2,77,82,60,'LAC'),
('950008d6-2564-11ee-9f10-005056c00001','Robert Covington',6,7,77,81,65,'LAC'),
('95001846-2564-11ee-9f10-005056c00001','Terance Mann',6,5,77,82,75,'LAC'),
('9500278c-2564-11ee-9f10-005056c00001','Marcus Morris Sr.',6,8,75,81,70,'LAC'),
('9500349e-2564-11ee-9f10-005056c00001','Nicolas Batum',6,8,74,83,60,'LAC'),
('950042a7-2564-11ee-9f10-005056c00001','Brandon Boston Jr.',6,6,74,78,80,'LAC'),
('9500501b-2564-11ee-9f10-005056c00001','Amir Coffey',6,7,72,70,40,'LAC'),
('95005d35-2564-11ee-9f10-005056c00001','Jason Preston',6,3,71,75,45,'LAC'),
('95006a94-2564-11ee-9f10-005056c00001','Moussa Diabate',6,10,69,67,80,'LAC'),
('950077f4-2564-11ee-9f10-005056c00001','Xavier Moon',6,2,67,78,40,'LAC'),
('95008500-2564-11ee-9f10-005056c00001','LeBron James',6,9,97,73,95,'LAL'),
('950092f5-2564-11ee-9f10-005056c00001','Anthony Davis',6,10,94,70,88,'LAL'),
('9500a119-2564-11ee-9f10-005056c00001','D’Angelo Russell',6,4,83,83,45,'LAL'),
('9500aec0-2564-11ee-9f10-005056c00001','Austin Reaves',6,5,81,83,70,'LAL'),
('9500bf7f-2564-11ee-9f10-005056c00001','Jarred Vanderbilt',6,8,80,72,75,'LAL'),
('9500d000-2564-11ee-9f10-005056c00001','Rui Hachimura',6,8,76,77,80,'LAL'),
('9500de46-2564-11ee-9f10-005056c00001','Gabe Vincent',6,3,75,75,45,'LAL'),
('9500eba1-2564-11ee-9f10-005056c00001','Jaxson Hayes',7,0,75,60,80,'LAL'),
('9500f9d6-2564-11ee-9f10-005056c00001','Taurean Prince',6,6,75,82,70,'LAL'),
('95011251-2564-11ee-9f10-005056c00001','Cam Reddish',6,7,75,81,80,'LAL'),
('9501260f-2564-11ee-9f10-005056c00001','Wenyen Gabriel',6,9,75,71,75,'LAL'),
('950135e5-2564-11ee-9f10-005056c00001','Tristan Thompson',6,9,73,62,75,'LAL'),
('950143bb-2564-11ee-9f10-005056c00001','Max Christie',6,6,71,86,80,'LAL'),
('9501512c-2564-11ee-9f10-005056c00001','Scotty Pippen Jr.',6,1,68,73,65,'LAL'),
('95015ecd-2564-11ee-9f10-005056c00001','Cole Swider',6,9,67,79,60,'LAL'),
('95016bdb-2564-11ee-9f10-005056c00001','Ja Morant',6,3,92,77,97,'MEM'),
('950178fb-2564-11ee-9f10-005056c00001','Jaren Jackson Jr.',6,10,87,79,80,'MEM'),
('95018601-2564-11ee-9f10-005056c00001','Desmond Bane',6,5,85,88,75,'MEM'),
('95019330-2564-11ee-9f10-005056c00001','Steven Adams',6,11,82,26,70,'MEM'),
('9501a045-2564-11ee-9f10-005056c00001','Marcus Smart',6,4,82,78,50,'MEM'),
('9501ad99-2564-11ee-9f10-005056c00001','Brandon Clarke',6,8,78,57,84,'MEM'),
('9501ba81-2564-11ee-9f10-005056c00001','Xavier Tillman',6,7,78,57,65,'MEM'),
('9501c7c4-2564-11ee-9f10-005056c00001','Santi Aldama',7,0,77,78,65,'MEM'),
('9501d4e5-2564-11ee-9f10-005056c00001','Luke Kennard',6,5,77,93,60,'MEM'),
('9501e27e-2564-11ee-9f10-005056c00001','Derrick Rose',6,3,76,75,45,'MEM'),
('95020250-2564-11ee-9f10-005056c00001','Josh Christopher',6,4,75,70,85,'MEM'),
('9502169f-2564-11ee-9f10-005056c00001','David Roddy',6,4,73,73,60,'MEM'),
('9502271f-2564-11ee-9f10-005056c00001','Ziaire Williams',6,9,72,70,80,'MEM'),
('95023546-2564-11ee-9f10-005056c00001','Jake LaRavia',6,7,72,81,75,'MEM'),
('950249f5-2564-11ee-9f10-005056c00001','John Konchar',6,5,72,79,55,'MEM'),
('95025a05-2564-11ee-9f10-005056c00001','Kenneth Lofton Jr.',6,6,72,70,75,'MEM'),
('95026fc3-2564-11ee-9f10-005056c00001','Isaiah Todd',6,9,70,74,80,'MEM'),
('95027dc2-2564-11ee-9f10-005056c00001','Vince Williams Jr.',6,4,69,78,70,'MEM'),
('95028c0d-2564-11ee-9f10-005056c00001','Jacob Gilyard',5,9,69,80,25,'MEM'),
('950299a4-2564-11ee-9f10-005056c00001','Jimmy Butler',6,7,93,76,80,'MIA'),
('9502a746-2564-11ee-9f10-005056c00001','Bam Adebayo',6,9,87,69,80,'MIA'),
('9502b4ca-2564-11ee-9f10-005056c00001','Tyler Herro',6,5,84,86,60,'MIA'),
('9502c1f8-2564-11ee-9f10-005056c00001','Kyle Lowry',6,0,77,78,25,'MIA'),
('9502cf98-2564-11ee-9f10-005056c00001','Kevin Love',6,8,76,77,50,'MIA'),
('9502e299-2564-11ee-9f10-005056c00001','Thomas Bryant',6,10,76,80,65,'MIA'),
('9502f30b-2564-11ee-9f10-005056c00001','Caleb Martin',6,5,76,82,70,'MIA'),
('9503024e-2564-11ee-9f10-005056c00001','Josh Richardson',6,6,75,79,78,'MIA'),
('950310c6-2564-11ee-9f10-005056c00001','Omer Yurtseven',6,11,75,70,65,'MIA'),
('95031f2c-2564-11ee-9f10-005056c00001','Nikola Jovic',6,10,74,67,60,'MIA'),
('95032d16-2564-11ee-9f10-005056c00001','Duncan Robinson',6,7,74,84,70,'MIA'),
('95033bac-2564-11ee-9f10-005056c00001','Orlando Robinson',7,0,72,74,60,'MIA'),
('95034918-2564-11ee-9f10-005056c00001','Udonis Haslem',6,8,70,71,61,'MIA'),
('95035695-2564-11ee-9f10-005056c00001','Jamal Cain',6,7,70,70,70,'MIA'),
('95036466-2564-11ee-9f10-005056c00001','Haywood Highsmith',6,4,70,80,50,'MIA'),
('95037b8e-2564-11ee-9f10-005056c00001','Jamaree Bouyea',6,2,67,73,45,'MIA'),
('95038cad-2564-11ee-9f10-005056c00001','Dru Smith',6,3,67,76,45,'MIA'),
('9503a2a4-2564-11ee-9f10-005056c00001','Giannis Antetokounmpo',7,0,97,71,91,'MIL'),
('9503b31f-2564-11ee-9f10-005056c00001','Jrue Holiday',6,5,88,82,65,'MIL'),
('9503c297-2564-11ee-9f10-005056c00001','Khris Middleton',6,7,86,83,65,'MIL'),
('9503dc17-2564-11ee-9f10-005056c00001','Brook Lopez',7,1,85,83,65,'MIL'),
('9503ec0f-2564-11ee-9f10-005056c00001','Bobby Portis',6,11,82,77,70,'MIL'),
('9503f9b1-2564-11ee-9f10-005056c00001','Jae Crowder',6,6,78,83,60,'MIL'),
('95042357-2564-11ee-9f10-005056c00001','Malik Beasley',6,4,76,79,78,'MIL'),
('9504315e-2564-11ee-9f10-005056c00001','Pat Connaughton',6,5,75,77,86,'MIL'),
('95043ee5-2564-11ee-9f10-005056c00001','Grayson Allen',6,4,75,84,70,'MIL'),
('95044c99-2564-11ee-9f10-005056c00001','Robin Lopez',7,0,74,76,60,'MIL'),
('950459ec-2564-11ee-9f10-005056c00001','Goran Dragic',6,4,73,80,45,'MIL'),
('95046702-2564-11ee-9f10-005056c00001','Wesley Matthews',6,5,72,77,50,'MIL'),
('9504741f-2564-11ee-9f10-005056c00001','MarJon Beauchamp',6,7,72,77,70,'MIL'),
('9504837b-2564-11ee-9f10-005056c00001','Meyers Leonard',7,0,72,81,70,'MIL'),
('950490fc-2564-11ee-9f10-005056c00001','Thanasis Antetokounmpo',6,7,72,66,85,'MIL'),
('95049e05-2564-11ee-9f10-005056c00001','A.J. Green',6,5,71,84,40,'MIL'),
('9504ab31-2564-11ee-9f10-005056c00001','Lindell Wigginton',6,1,70,78,60,'MIL'),
('9504bc35-2564-11ee-9f10-005056c00001','Anthony Edwards',6,4,86,81,90,'MIN'),
('9504cac9-2564-11ee-9f10-005056c00001','Karl-Anthony Towns',7,0,86,79,75,'MIN'),
('9504d94c-2564-11ee-9f10-005056c00001','Rudy Gobert',7,1,84,25,75,'MIN'),
('9504e757-2564-11ee-9f10-005056c00001','Mike Conley',6,1,80,81,30,'MIN'),
('9504f4f3-2564-11ee-9f10-005056c00001','Naz Reid',6,9,80,78,80,'MIN'),
('95050213-2564-11ee-9f10-005056c00001','Jaden McDaniels',6,9,79,83,75,'MIN'),
('95050f3e-2564-11ee-9f10-005056c00001','Kyle Anderson',6,9,78,81,45,'MIN'),
('95051c7c-2564-11ee-9f10-005056c00001','Jaylen Nowell',6,4,77,73,65,'MIN'),
('950529c3-2564-11ee-9f10-005056c00001','Shake Milton',6,5,77,84,60,'MIN'),
('95053744-2564-11ee-9f10-005056c00001','Nickeil Alexander-Walker',6,5,74,82,60,'MIN'),
('950545de-2564-11ee-9f10-005056c00001','Austin Rivers',6,4,74,80,65,'MIN'),
('95056199-2564-11ee-9f10-005056c00001','Jordan McLaughlin',6,0,73,70,65,'MIN'),
('950575e8-2564-11ee-9f10-005056c00001','Troy Brown Jr.',6,6,73,81,70,'MIN'),
('950585e5-2564-11ee-9f10-005056c00001','Nathan Knight',6,8,73,73,65,'MIN'),
('9505937f-2564-11ee-9f10-005056c00001','Luka Garza',6,10,73,81,45,'MIN'),
('9505a155-2564-11ee-9f10-005056c00001','Wendell Moore Jr.',6,5,71,76,80,'MIN'),
('9505b3e6-2564-11ee-9f10-005056c00001','Matt Ryan',6,6,71,82,55,'MIN'),
('9505c8ac-2564-11ee-9f10-005056c00001','Josh Minott',6,8,70,64,80,'MIN'),
('9505d98a-2564-11ee-9f10-005056c00001','Zion Williamson',6,6,92,73,97,'NOP'),
('9505e816-2564-11ee-9f10-005056c00001','Brandon Ingram',6,8,87,84,80,'NOP'),
('9505f624-2564-11ee-9f10-005056c00001','C.J. McCollum',6,3,84,82,40,'NOP'),
('950603a4-2564-11ee-9f10-005056c00001','Jonas Valanciunas',6,11,83,77,65,'NOP'),
('95061145-2564-11ee-9f10-005056c00001','Trey Murphy',6,8,80,84,88,'NOP'),
('95061f04-2564-11ee-9f10-005056c00001','Herbert Jones',6,7,79,76,75,'NOP'),
('95062c84-2564-11ee-9f10-005056c00001','Larry Nance Jr.',6,8,77,79,85,'NOP'),
('95063a27-2564-11ee-9f10-005056c00001','Jose Alvarado',6,0,77,77,30,'NOP'),
('9506473d-2564-11ee-9f10-005056c00001','Dyson Daniels',6,7,75,72,75,'NOP'),
('9506545f-2564-11ee-9f10-005056c00001','Cody Zeller',7,0,75,38,75,'NOP'),
('950661a9-2564-11ee-9f10-005056c00001','Naji Marshall',6,7,75,73,70,'NOP'),
('95066f8c-2564-11ee-9f10-005056c00001','Kira Lewis Jr.',6,1,73,78,45,'NOP'),
('95067d78-2564-11ee-9f10-005056c00001','E.J. Liddell',6,6,70,76,60,'NOP'),
('95068b03-2564-11ee-9f10-005056c00001','Dereon Seabron',6,5,67,60,80,'NOP'),
('950699f7-2564-11ee-9f10-005056c00001','Julius Randle',6,8,87,79,80,'NYK'),
('9506a869-2564-11ee-9f10-005056c00001','Jalen Brunson',6,2,87,85,50,'NYK'),
('9506b5f2-2564-11ee-9f10-005056c00001','R.J. Barrett',6,6,82,74,80,'NYK'),
('9506c3c8-2564-11ee-9f10-005056c00001','Immanuel Quickley',6,2,82,82,55,'NYK'),
('9506d3c6-2564-11ee-9f10-005056c00001','Mitchell Robinson',7,0,80,32,80,'NYK'),
('9506e818-2564-11ee-9f10-005056c00001','Josh Hart',6,4,79,80,70,'NYK'),
('9506f5ac-2564-11ee-9f10-005056c00001','Quentin Grimes',6,5,78,81,70,'NYK'),
('950705ae-2564-11ee-9f10-005056c00001','Donte DiVincenzo',6,4,77,84,75,'NYK'),
('95071366-2564-11ee-9f10-005056c00001','Jericho Sims',6,10,76,26,89,'NYK'),
('950720f1-2564-11ee-9f10-005056c00001','Isaiah Hartenstein',7,0,76,56,65,'NYK'),
('95072ea1-2564-11ee-9f10-005056c00001','Evan Fournier',6,6,74,76,50,'NYK'),
('95073e95-2564-11ee-9f10-005056c00001','Isaiah Roby',6,8,74,73,75,'NYK'),
('95074e42-2564-11ee-9f10-005056c00001','Miles McBride',6,2,73,73,65,'NYK'),
('95075fc4-2564-11ee-9f10-005056c00001','Duane Washington Jr.',6,3,73,80,40,'NYK'),
('95077188-2564-11ee-9f10-005056c00001','DaQuan Jeffries',6,5,70,73,75,'NYK'),
('95078de8-2564-11ee-9f10-005056c00001','Trevor Keels',6,4,68,71,70,'NYK'),
('9507a0d0-2564-11ee-9f10-005056c00001','Shai Gilgeous-Alexander',6,6,94,80,75,'OKC'),
('9507b7e6-2564-11ee-9f10-005056c00001','Josh Giddey',6,8,84,75,65,'OKC'),
('9507f6cf-2564-11ee-9f10-005056c00001','Jalen Williams',6,5,82,80,80,'OKC'),
('95080ef9-2564-11ee-9f10-005056c00001','Luguentz Dort',6,4,78,78,85,'OKC'),
('950821c8-2564-11ee-9f10-005056c00001','Isaiah Joe',6,3,78,86,60,'OKC'),
('9508381c-2564-11ee-9f10-005056c00001','Chet Holmgren',7,1,77,75,75,'OKC'),
('9508503d-2564-11ee-9f10-005056c00001','Aleksej Pokusevski',7,0,77,83,70,'OKC'),
('95086b37-2564-11ee-9f10-005056c00001','Kenrich Williams',6,6,77,83,65,'OKC'),
('95088139-2564-11ee-9f10-005056c00001','Victor Oladipo',6,4,76,74,75,'OKC'),
('95089ff1-2564-11ee-9f10-005056c00001','Jaylin Williams',6,9,75,75,70,'OKC'),
('9508b2d2-2564-11ee-9f10-005056c00001','Tre Mann',6,3,75,74,60,'OKC'),
('9508c2f8-2564-11ee-9f10-005056c00001','Jeremiah Robinson-Earl',6,8,75,76,75,'OKC'),
('9508db0f-2564-11ee-9f10-005056c00001','Rudy Gay',6,8,75,62,70,'OKC'),
('9508ed37-2564-11ee-9f10-005056c00001','Usman Garuba',6,8,74,80,70,'OKC'),
('95090411-2564-11ee-9f10-005056c00001','Aaron Wiggins',6,5,74,81,45,'OKC'),
('950914a7-2564-11ee-9f10-005056c00001','Lindy Waters III',6,6,74,80,65,'OKC'),
('95092d1a-2564-11ee-9f10-005056c00001','Ousmane Dieng',6,9,73,71,75,'OKC'),
('95094eee-2564-11ee-9f10-005056c00001','Jared Butler',6,3,73,74,65,'OKC'),
('95097069-2564-11ee-9f10-005056c00001','Davis Bertans',6,10,73,82,65,'OKC'),
('9509873d-2564-11ee-9f10-005056c00001','TyTy Washington',6,3,72,70,75,'OKC'),
('95099af3-2564-11ee-9f10-005056c00001','Jack White',6,7,67,66,65,'OKC'),
('9509ad74-2564-11ee-9f10-005056c00001','Olivier Sarr',6,11,67,69,75,'OKC'),
('9509c044-2564-11ee-9f10-005056c00001','Paolo Banchero',6,10,84,70,85,'ORL'),
('9509cfae-2564-11ee-9f10-005056c00001','Franz Wagner',6,10,84,80,80,'ORL'),
('9509e177-2564-11ee-9f10-005056c00001','Wendell Carter Jr.',6,10,82,78,75,'ORL'),
('9509f1bf-2564-11ee-9f10-005056c00001','Markelle Fultz',6,4,82,74,75,'ORL'),
('950a01c5-2564-11ee-9f10-005056c00001','Cole Anthony',6,3,80,80,89,'ORL'),
('950a1006-2564-11ee-9f10-005056c00001','Jonathan Isaac',6,10,78,77,82,'ORL'),
('950a1e4d-2564-11ee-9f10-005056c00001','Moritz Wagner',6,11,78,74,65,'ORL'),
('950a2c73-2564-11ee-9f10-005056c00001','Jalen Suggs',6,5,76,73,80,'ORL'),
('950a3ab9-2564-11ee-9f10-005056c00001','Joe Ingles',6,9,76,84,45,'ORL'),
('950a4e75-2564-11ee-9f10-005056c00001','Goga Bitadze',6,11,75,71,65,'ORL'),
('950a5f10-2564-11ee-9f10-005056c00001','Gary Harris',6,4,75,86,50,'ORL'),
('950a6db2-2564-11ee-9f10-005056c00001','Chuma Okeke',6,6,74,74,50,'ORL'),
('950a7daf-2564-11ee-9f10-005056c00001','Caleb Houstan',6,8,71,80,25,'ORL'),
('950a9226-2564-11ee-9f10-005056c00001','Michael Carter-Williams',6,5,71,66,60,'ORL'),
('950aa340-2564-11ee-9f10-005056c00001','Admiral Schofield',6,5,70,76,65,'ORL'),
('950ab25e-2564-11ee-9f10-005056c00001','Kevon Harris',6,6,69,80,75,'ORL'),
('950ac28c-2564-11ee-9f10-005056c00001','Joel Embiid',7,0,97,80,80,'PHI'),
('950ad032-2564-11ee-9f10-005056c00001','James Harden',6,5,90,85,84,'PHI'),
('950adf2c-2564-11ee-9f10-005056c00001','Tyrese Maxey',6,2,84,85,70,'PHI'),
('950aee32-2564-11ee-9f10-005056c00001','Tobias Harris',6,7,81,82,75,'PHI'),
('950b046c-2564-11ee-9f10-005056c00001','De’Anthony Melton',6,2,78,84,70,'PHI'),
('950b21c2-2564-11ee-9f10-005056c00001','Mohamed Bamba',7,0,77,79,70,'PHI'),
('950b3a81-2564-11ee-9f10-005056c00001','Patrick Beverley',6,1,76,76,45,'PHI'),
('950b4b0b-2564-11ee-9f10-005056c00001','Montrezl Harrell',6,7,76,50,80,'PHI'),
('950b5cca-2564-11ee-9f10-005056c00001','Paul Reed',6,9,76,66,75,'PHI'),
('950b6a41-2564-11ee-9f10-005056c00001','P.J. Tucker',6,5,75,83,60,'PHI'),
('950b7aa5-2564-11ee-9f10-005056c00001','Dewayne Dedmon',7,0,74,73,60,'PHI'),
('950b88a5-2564-11ee-9f10-005056c00001','Danuel House Jr.',6,6,73,79,75,'PHI'),
('950b995b-2564-11ee-9f10-005056c00001','Jaden Springer',6,4,71,77,50,'PHI'),
('950ba7b1-2564-11ee-9f10-005056c00001','Furkan Korkmaz',6,7,71,76,75,'PHI'),
('950bb613-2564-11ee-9f10-005056c00001','Mac McClung',6,2,69,75,95,'PHI'),
('950bc4e3-2564-11ee-9f10-005056c00001','Kevin Durant',6,10,96,87,85,'PHX'),
('950bd2c6-2564-11ee-9f10-005056c00001','Devin Booker',6,5,92,86,75,'PHX'),
('950be300-2564-11ee-9f10-005056c00001','Bradley Beal',6,4,87,81,84,'PHX'),
('950bf4c9-2564-11ee-9f10-005056c00001','Deandre Ayton',6,11,84,71,75,'PHX'),
('950c034c-2564-11ee-9f10-005056c00001','Josh Okogie',6,4,78,76,75,'PHX'),
('950c12f3-2564-11ee-9f10-005056c00001','T.J. Warren',6,8,77,77,80,'PHX'),
('950c22fb-2564-11ee-9f10-005056c00001','Cameron Payne',6,1,77,80,25,'PHX'),
('950c3427-2564-11ee-9f10-005056c00001','Drew Eubanks',6,10,77,54,70,'PHX'),
('950c4343-2564-11ee-9f10-005056c00001','Darius Bazley',6,9,76,80,80,'PHX'),
('950c541e-2564-11ee-9f10-005056c00001','Terrence Ross',6,6,76,85,80,'PHX'),
('950c64e8-2564-11ee-9f10-005056c00001','Chimezie Metu',6,9,76,63,75,'PHX'),
('950c75a6-2564-11ee-9f10-005056c00001','Keita Bates-Diop',6,8,76,81,65,'PHX'),
('950c842a-2564-11ee-9f10-005056c00001','Eric Gordon',6,3,76,83,70,'PHX'),
('950c9178-2564-11ee-9f10-005056c00001','Yuta Watanabe',6,8,75,85,60,'PHX'),
('950c9e88-2564-11ee-9f10-005056c00001','Damion Lee',6,5,75,87,65,'PHX'),
('950cac37-2564-11ee-9f10-005056c00001','Bismack Biyombo',6,8,75,25,68,'PHX'),
('950cb95c-2564-11ee-9f10-005056c00001','Jordan Goodwin',6,3,74,80,35,'PHX'),
('950cc66b-2564-11ee-9f10-005056c00001','Saben Lee',6,2,73,69,85,'PHX'),
('950cd4b0-2564-11ee-9f10-005056c00001','Ish Wainright',6,5,73,77,60,'PHX'),
('950ce29a-2564-11ee-9f10-005056c00001','Damian Lillard',6,2,95,89,85,'POR'),
('950cf22e-2564-11ee-9f10-005056c00001','Anfernee Simons',6,3,83,84,89,'POR'),
('950d1533-2564-11ee-9f10-005056c00001','Jusuf Nurkic',7,0,82,80,65,'POR'),
('950d24bf-2564-11ee-9f10-005056c00001','Jerami Grant',6,8,82,84,85,'POR'),
('950d32c8-2564-11ee-9f10-005056c00001','Shaedon Sharpe',6,5,78,81,96,'POR'),
('950d40cc-2564-11ee-9f10-005056c00001','Matisse Thybulle',6,5,76,80,70,'POR'),
('950d4dce-2564-11ee-9f10-005056c00001','Nassir Little',6,5,75,82,82,'POR'),
('950d5b19-2564-11ee-9f10-005056c00001','Justise Winslow',6,6,74,74,70,'POR'),
('950d6814-2564-11ee-9f10-005056c00001','Skylar Mays',6,4,72,80,45,'POR'),
('950d74fb-2564-11ee-9f10-005056c00001','Jabari Walker',6,7,71,73,70,'POR'),
('950d8210-2564-11ee-9f10-005056c00001','Keon Johnson',6,3,71,76,85,'POR'),
('950d8eb6-2564-11ee-9f10-005056c00001','Kevin Knox',6,7,71,81,75,'POR'),
('950d9bce-2564-11ee-9f10-005056c00001','Jeenathan Williams',6,5,70,81,70,'POR'),
('950da8fc-2564-11ee-9f10-005056c00001','Justin Minaya',6,7,69,77,55,'POR'),
('950db612-2564-11ee-9f10-005056c00001','Chance Comanche',6,10,68,67,75,'POR'),
('950dc327-2564-11ee-9f10-005056c00001','Ibou Badji',7,1,67,37,75,'POR'),
('950dd044-2564-11ee-9f10-005056c00001','John Butler',7,0,67,70,70,'POR'),
('950ddd98-2564-11ee-9f10-005056c00001','De’Aaron Fox',6,3,89,77,80,'SAC'),
('950dea9f-2564-11ee-9f10-005056c00001','Domantas Sabonis',7,1,89,80,75,'SAC'),
('950df9a1-2564-11ee-9f10-005056c00001','Kevin Huerter',6,7,81,87,65,'SAC'),
('950e090a-2564-11ee-9f10-005056c00001','Malik Monk',6,3,80,81,80,'SAC'),
('950e16e6-2564-11ee-9f10-005056c00001','Keegan Murray',6,8,79,84,80,'SAC'),
('950e244f-2564-11ee-9f10-005056c00001','Harrison Barnes',6,8,79,81,80,'SAC'),
('950e3152-2564-11ee-9f10-005056c00001','Trey Lyles',6,9,77,80,65,'SAC'),
('950e3e5c-2564-11ee-9f10-005056c00001','Terence Davis',6,4,76,81,75,'SAC'),
('950e4ba3-2564-11ee-9f10-005056c00001','Chris Duarte',6,5,75,75,70,'SAC'),
('950e58bc-2564-11ee-9f10-005056c00001','Davion Mitchell',6,0,75,76,40,'SAC'),
('950e66fd-2564-11ee-9f10-005056c00001','Alex Len',7,2,74,70,65,'SAC'),
('950e7b40-2564-11ee-9f10-005056c00001','P.J. Dozier',6,6,74,74,75,'SAC'),
('950e8ca1-2564-11ee-9f10-005056c00001','Kessler Edwards',6,7,71,79,65,'SAC'),
('950e9ac0-2564-11ee-9f10-005056c00001','Neemias Queta',7,0,70,50,65,'SAC'),
('950ea851-2564-11ee-9f10-005056c00001','Keon Ellis',6,3,68,74,65,'SAC'),
('950eb5cc-2564-11ee-9f10-005056c00001','Keldon Johnson',6,5,83,80,75,'SAS'),
('950ec317-2564-11ee-9f10-005056c00001','Devin Vassell',6,5,81,83,60,'SAS'),
('950ed0b6-2564-11ee-9f10-005056c00001','Zach Collins',6,11,80,82,65,'SAS'),
('950edd86-2564-11ee-9f10-005056c00001','Tre Jones',6,1,79,70,35,'SAS'),
('950eebe4-2564-11ee-9f10-005056c00001','Jeremy Sochan',6,8,78,70,80,'SAS'),
('950efa28-2564-11ee-9f10-005056c00001','Reggie Bullock',6,6,77,82,50,'SAS'),
('950f07e7-2564-11ee-9f10-005056c00001','Malaki Branham',6,4,76,74,75,'SAS'),
('950f1526-2564-11ee-9f10-005056c00001','Devonte’ Graham',6,1,76,81,60,'SAS'),
('950f26e1-2564-11ee-9f10-005056c00001','Cedi Osman',6,7,75,80,61,'SAS'),
('950f3753-2564-11ee-9f10-005056c00001','Charles Bassey',6,9,75,62,75,'SAS'),
('950f453c-2564-11ee-9f10-005056c00001','Doug McDermott',6,6,74,86,65,'SAS'),
('950f522c-2564-11ee-9f10-005056c00001','Khem Birch',6,8,74,55,70,'SAS'),
('950f5f77-2564-11ee-9f10-005056c00001','Sandro Mamukelashvili',6,10,73,71,65,'SAS'),
('950f6cb1-2564-11ee-9f10-005056c00001','Lamar Stevens',6,6,73,75,80,'SAS'),
('950f7a06-2564-11ee-9f10-005056c00001','Gorgui Dieng',6,10,73,72,64,'SAS'),
('950f8737-2564-11ee-9f10-005056c00001','Romeo Langford',6,5,73,70,65,'SAS'),
('950f9454-2564-11ee-9f10-005056c00001','Blake Wesley',6,4,72,83,86,'SAS'),
('950fa357-2564-11ee-9f10-005056c00001','Dominick Barlow',6,9,68,70,75,'SAS'),
('950fb16d-2564-11ee-9f10-005056c00001','Julian Champagnie',6,7,68,75,60,'SAS'),
('950fbf06-2564-11ee-9f10-005056c00001','Pascal Siakam',6,8,87,77,80,'TOR'),
('950fccc0-2564-11ee-9f10-005056c00001','Scottie Barnes',6,8,83,72,80,'TOR'),
('950fe567-2564-11ee-9f10-005056c00001','OG Anunoby',6,7,82,82,85,'TOR'),
('950ff5cf-2564-11ee-9f10-005056c00001','Jakob Poeltl',7,1,81,45,60,'TOR'),
('95100e68-2564-11ee-9f10-005056c00001','Gary Trent Jr.',6,5,80,81,75,'TOR'),
('95101cad-2564-11ee-9f10-005056c00001','Chris Boucher',6,9,79,76,80,'TOR'),
('95102a15-2564-11ee-9f10-005056c00001','Precious Achiuwa',6,8,78,62,80,'TOR'),
('95103727-2564-11ee-9f10-005056c00001','Dennis Schroder',6,1,77,76,45,'TOR'),
('9510442e-2564-11ee-9f10-005056c00001','Thaddeus Young',6,8,76,57,70,'TOR'),
('95105164-2564-11ee-9f10-005056c00001','Otto Porter Jr.',6,8,76,81,70,'TOR'),
('95105e76-2564-11ee-9f10-005056c00001','Jalen McDaniels',6,9,76,74,65,'TOR'),
('95106b9b-2564-11ee-9f10-005056c00001','Will Barton',6,5,74,80,83,'TOR'),
('951078f9-2564-11ee-9f10-005056c00001','Christian Koloko',7,0,73,29,75,'TOR'),
('951085ed-2564-11ee-9f10-005056c00001','Malachi Flynn',6,1,73,81,25,'TOR'),
('951092f9-2564-11ee-9f10-005056c00001','Joe Wieskamp',6,6,70,75,75,'TOR'),
('9510a015-2564-11ee-9f10-005056c00001','Jeff Dowtin',6,3,69,76,75,'TOR'),
('9510ae9b-2564-11ee-9f10-005056c00001','Ron Harper Jr.',6,5,68,76,70,'TOR'),
('9510c083-2564-11ee-9f10-005056c00001','Lauri Markkanen',7,0,86,84,75,'UTA'),
('9510d273-2564-11ee-9f10-005056c00001','Walker Kessler',7,0,83,66,75,'UTA'),
('9510e30f-2564-11ee-9f10-005056c00001','Jordan Clarkson',6,5,82,80,75,'UTA'),
('9510f08e-2564-11ee-9f10-005056c00001','Collin Sexton',6,2,81,84,75,'UTA'),
('9510fe25-2564-11ee-9f10-005056c00001','John Collins',6,9,80,65,93,'UTA'),
('95110b43-2564-11ee-9f10-005056c00001','Talen Horton-Tucker',6,4,79,72,80,'UTA'),
('951118f4-2564-11ee-9f10-005056c00001','Kelly Olynyk',6,11,79,83,60,'UTA'),
('95112717-2564-11ee-9f10-005056c00001','Ochai Agbaji',6,5,77,83,80,'UTA'),
('951134c8-2564-11ee-9f10-005056c00001','Kris Dunn',6,3,76,65,55,'UTA'),
('95114244-2564-11ee-9f10-005056c00001','Simone Fontecchio',6,7,74,77,65,'UTA'),
('95114f72-2564-11ee-9f10-005056c00001','Juan Toscano-Anderson',6,6,72,70,88,'UTA'),
('95115d12-2564-11ee-9f10-005056c00001','Udoka Azubuike',6,11,72,25,75,'UTA'),
('95116aa0-2564-11ee-9f10-005056c00001','Luka Samanic',6,10,71,71,60,'UTA'),
('951177bc-2564-11ee-9f10-005056c00001','Johnny Juzang',6,6,68,77,75,'UTA'),
('95118fc4-2564-11ee-9f10-005056c00001','Micah Potter',6,8,67,78,65,'UTA'),
('9511a15c-2564-11ee-9f10-005056c00001','Jordan Poole',6,4,84,83,60,'WAS'),
('9511b14b-2564-11ee-9f10-005056c00001','Kyle Kuzma',6,9,83,77,75,'WAS'),
('9511c120-2564-11ee-9f10-005056c00001','Tyus Jones',6,2,80,82,30,'WAS'),
('9511cebf-2564-11ee-9f10-005056c00001','Danilo Gallinari',6,10,78,82,75,'WAS'),
('9511dc2f-2564-11ee-9f10-005056c00001','Corey Kispert',6,6,78,86,60,'WAS'),
('9511e93a-2564-11ee-9f10-005056c00001','Delon Wright',6,5,78,80,60,'WAS'),
('9511f72e-2564-11ee-9f10-005056c00001','Daniel Gafford',6,10,77,29,75,'WAS'),
('951204a4-2564-11ee-9f10-005056c00001','Deni Avdija',6,9,76,70,75,'WAS'),
('95121211-2564-11ee-9f10-005056c00001','Landry Shamet',6,4,75,83,70,'WAS'),
('951221e7-2564-11ee-9f10-005056c00001','Mike Muscala',6,11,75,83,60,'WAS'),
('95122f12-2564-11ee-9f10-005056c00001','Kendrick Nunn',6,3,75,77,75,'WAS'),
('95123c3d-2564-11ee-9f10-005056c00001','Eugene Omoruyi',6,6,74,64,65,'WAS'),
('95124978-2564-11ee-9f10-005056c00001','Taj Gibson',6,9,73,73,65,'WAS'),
('95125681-2564-11ee-9f10-005056c00001','Johnny Davis',6,4,72,74,70,'WAS'),
('951263a7-2564-11ee-9f10-005056c00001','Patrick Baldwin Jr.',6,9,72,82,70,'WAS'),
('951270ca-2564-11ee-9f10-005056c00001','Anthony Gill',6,8,72,73,75,'WAS'),
('95127de7-2564-11ee-9f10-005056c00001','Xavier Cooks',6,8,71,73,75,'WAS'),
('95128b2d-2564-11ee-9f10-005056c00001','Ryan Rollins',6,3,68,72,65,'WAS'),
('95129a23-2564-11ee-9f10-005056c00001','Quenton Jackson',6,5,68,72,80,'WAS'),
('9512a998-2564-11ee-9f10-005056c00001','Jay Huff',7,1,67,77,60,'WAS');
/*!40000 ALTER TABLE `player` ENABLE KEYS */;
UNLOCK TABLES;

--
-- Temporary table structure for view `playercolour`
--

DROP TABLE IF EXISTS `playercolour`;
/*!50001 DROP VIEW IF EXISTS `playercolour`*/;
SET @saved_cs_client     = @@character_set_client;
SET character_set_client = utf8;
/*!50001 CREATE VIEW `playercolour` AS SELECT
 1 AS `playerID`,
  1 AS `playerName`,
  1 AS `colourType` */;
SET character_set_client = @saved_cs_client;

--
-- Table structure for table `playerposition`
--

DROP TABLE IF EXISTS `playerposition`;
/*!40101 SET @saved_cs_client     = @@character_set_client */;
/*!40101 SET character_set_client = utf8 */;
CREATE TABLE `playerposition` (
  `playerID` uuid NOT NULL,
  `posID` enum('PG','SG','SF','PF','C') NOT NULL,
  PRIMARY KEY (`playerID`,`posID`),
  KEY `posID` (`posID`),
  CONSTRAINT `playerposition_ibfk_1` FOREIGN KEY (`playerID`) REFERENCES `player` (`playerID`),
  CONSTRAINT `playerposition_ibfk_2` FOREIGN KEY (`posID`) REFERENCES `position` (`posID`)
) ENGINE=InnoDB DEFAULT CHARSET=latin1 COLLATE=latin1_swedish_ci;
/*!40101 SET character_set_client = @saved_cs_client */;

--
-- Dumping data for table `playerposition`
--

LOCK TABLES `playerposition` WRITE;
/*!40000 ALTER TABLE `playerposition` DISABLE KEYS */;
INSERT INTO `playerposition` VALUES
('94f1e1dd-2564-11ee-9f10-005056c00001','PG'),
('94f2033a-2564-11ee-9f10-005056c00001','PG'),
('94f2fb5c-2564-11ee-9f10-005056c00001','PG'),
('94f331b5-2564-11ee-9f10-005056c00001','PG'),
('94f3d8a9-2564-11ee-9f10-005056c00001','PG'),
('94f40801-2564-11ee-9f10-005056c00001','PG'),
('94f464df-2564-11ee-9f10-005056c00001','PG'),
('94f4b1f6-2564-11ee-9f10-005056c00001','PG'),
('94f4f44a-2564-11ee-9f10-005056c00001','PG'),
('94f5224b-2564-11ee-9f10-005056c00001','PG'),
('94f56388-2564-11ee-9f10-005056c00001','PG'),
('94f57638-2564-11ee-9f10-005056c00001','PG'),
('94f59825-2564-11ee-9f10-005056c00001','PG'),
('94f5b6ce-2564-11ee-9f10-005056c00001','PG'),
('94f5d52f-2564-11ee-9f10-005056c00001','PG'),
('94f5fc1a-2564-11ee-9f10-005056c00001','PG'),
('94f6c605-2564-11ee-9f10-005056c00001','PG'),
('94f72e3b-2564-11ee-9f10-005056c00001','PG'),
('94f781b6-2564-11ee-9f10-005056c00001','PG'),
('94f7e420-2564-11ee-9f10-005056c00001','PG'),
('94f8086d-2564-11ee-9f10-005056c00001','PG'),
('94f83ac6-2564-11ee-9f10-005056c00001','PG'),
('94f84892-2564-11ee-9f10-005056c00001','PG'),
('94f881ad-2564-11ee-9f10-005056c00001','PG'),
('94f88f52-2564-11ee-9f10-005056c00001','PG'),
('94f89c8c-2564-11ee-9f10-005056c00001','PG'),
('94f8f500-2564-11ee-9f10-005056c00001','PG'),
('94f9020e-2564-11ee-9f10-005056c00001','PG'),
('94f90ec0-2564-11ee-9f10-005056c00001','PG'),
('94f96922-2564-11ee-9f10-005056c00001','PG'),
('94f98fc5-2564-11ee-9f10-005056c00001','PG'),
('94f9a20a-2564-11ee-9f10-005056c00001','PG'),
('94f9ee8a-2564-11ee-9f10-005056c00001','PG'),
('94fa7b76-2564-11ee-9f10-005056c00001','PG'),
('94fa9c79-2564-11ee-9f10-005056c00001','PG'),
('94fab9f2-2564-11ee-9f10-005056c00001','PG'),
('94face3a-2564-11ee-9f10-005056c00001','PG'),
('94faf726-2564-11ee-9f10-005056c00001','PG'),
('94fb4516-2564-11ee-9f10-005056c00001','PG'),
('94fb7d43-2564-11ee-9f10-005056c00001','PG'),
('94fbcb87-2564-11ee-9f10-005056c00001','PG'),
('94fbe618-2564-11ee-9f10-005056c00001','PG'),
('94fbfff2-2564-11ee-9f10-005056c00001','PG'),
('94fc36e6-2564-11ee-9f10-005056c00001','PG'),
('94fc9045-2564-11ee-9f10-005056c00001','PG'),
('94fcaa88-2564-11ee-9f10-005056c00001','PG'),
('94fcd127-2564-11ee-9f10-005056c00001','PG'),
('94fcde49-2564-11ee-9f10-005056c00001','PG'),
('94fd2bb1-2564-11ee-9f10-005056c00001','PG'),
('94fd68a0-2564-11ee-9f10-005056c00001','PG'),
('94fdaec3-2564-11ee-9f10-005056c00001','PG'),
('94fdd817-2564-11ee-9f10-005056c00001','PG'),
('94fe410c-2564-11ee-9f10-005056c00001','PG'),
('94fe6da1-2564-11ee-9f10-005056c00001','PG'),
('94fe7a8a-2564-11ee-9f10-005056c00001','PG'),
('94fe96c4-2564-11ee-9f10-005056c00001','PG'),
('94fed84e-2564-11ee-9f10-005056c00001','PG'),
('94fef3e7-2564-11ee-9f10-005056c00001','PG'),
('94ff5d0a-2564-11ee-9f10-005056c00001','PG'),
('94ff9226-2564-11ee-9f10-005056c00001','PG'),
('94ffb9ed-2564-11ee-9f10-005056c00001','PG'),
('94fffc08-2564-11ee-9f10-005056c00001','PG'),
('95005d35-2564-11ee-9f10-005056c00001','PG'),
('950077f4-2564-11ee-9f10-005056c00001','PG'),
('95008500-2564-11ee-9f10-005056c00001','PG'),
('9500a119-2564-11ee-9f10-005056c00001','PG'),
('9500de46-2564-11ee-9f10-005056c00001','PG'),
('9501512c-2564-11ee-9f10-005056c00001','PG'),
('95016bdb-2564-11ee-9f10-005056c00001','PG'),
('9501a045-2564-11ee-9f10-005056c00001','PG'),
('9501e27e-2564-11ee-9f10-005056c00001','PG'),
('95028c0d-2564-11ee-9f10-005056c00001','PG'),
('9502b4ca-2564-11ee-9f10-005056c00001','PG'),
('9502c1f8-2564-11ee-9f10-005056c00001','PG'),
('95037b8e-2564-11ee-9f10-005056c00001','PG'),
('95038cad-2564-11ee-9f10-005056c00001','PG'),
('9503b31f-2564-11ee-9f10-005056c00001','PG'),
('950459ec-2564-11ee-9f10-005056c00001','PG'),
('9504ab31-2564-11ee-9f10-005056c00001','PG'),
('9504e757-2564-11ee-9f10-005056c00001','PG'),
('95051c7c-2564-11ee-9f10-005056c00001','PG'),
('950529c3-2564-11ee-9f10-005056c00001','PG'),
('95053744-2564-11ee-9f10-005056c00001','PG'),
('950545de-2564-11ee-9f10-005056c00001','PG'),
('95056199-2564-11ee-9f10-005056c00001','PG'),
('9505f624-2564-11ee-9f10-005056c00001','PG'),
('95063a27-2564-11ee-9f10-005056c00001','PG'),
('95066f8c-2564-11ee-9f10-005056c00001','PG'),
('9506a869-2564-11ee-9f10-005056c00001','PG'),
('9506c3c8-2564-11ee-9f10-005056c00001','PG'),
('950705ae-2564-11ee-9f10-005056c00001','PG'),
('95074e42-2564-11ee-9f10-005056c00001','PG'),
('95075fc4-2564-11ee-9f10-005056c00001','PG'),
('9507a0d0-2564-11ee-9f10-005056c00001','PG'),
('9507b7e6-2564-11ee-9f10-005056c00001','PG'),
('95086b37-2564-11ee-9f10-005056c00001','PG'),
('95088139-2564-11ee-9f10-005056c00001','PG'),
('9508b2d2-2564-11ee-9f10-005056c00001','PG'),
('95094eee-2564-11ee-9f10-005056c00001','PG'),
('9509873d-2564-11ee-9f10-005056c00001','PG'),
('9509f1bf-2564-11ee-9f10-005056c00001','PG'),
('950a01c5-2564-11ee-9f10-005056c00001','PG'),
('950a2c73-2564-11ee-9f10-005056c00001','PG'),
('950a9226-2564-11ee-9f10-005056c00001','PG'),
('950ad032-2564-11ee-9f10-005056c00001','PG'),
('950adf2c-2564-11ee-9f10-005056c00001','PG'),
('950b046c-2564-11ee-9f10-005056c00001','PG'),
('950b3a81-2564-11ee-9f10-005056c00001','PG'),
('950b995b-2564-11ee-9f10-005056c00001','PG'),
('950bb613-2564-11ee-9f10-005056c00001','PG'),
('950bd2c6-2564-11ee-9f10-005056c00001','PG'),
('950be300-2564-11ee-9f10-005056c00001','PG'),
('950c22fb-2564-11ee-9f10-005056c00001','PG'),
('950c9e88-2564-11ee-9f10-005056c00001','PG'),
('950cb95c-2564-11ee-9f10-005056c00001','PG'),
('950cc66b-2564-11ee-9f10-005056c00001','PG'),
('950cd4b0-2564-11ee-9f10-005056c00001','PG'),
('950ce29a-2564-11ee-9f10-005056c00001','PG'),
('950cf22e-2564-11ee-9f10-005056c00001','PG'),
('950d5b19-2564-11ee-9f10-005056c00001','PG'),
('950ddd98-2564-11ee-9f10-005056c00001','PG'),
('950e090a-2564-11ee-9f10-005056c00001','PG'),
('950e58bc-2564-11ee-9f10-005056c00001','PG'),
('950edd86-2564-11ee-9f10-005056c00001','PG'),
('950f1526-2564-11ee-9f10-005056c00001','PG'),
('950f9454-2564-11ee-9f10-005056c00001','PG'),
('95103727-2564-11ee-9f10-005056c00001','PG'),
('951085ed-2564-11ee-9f10-005056c00001','PG'),
('951092f9-2564-11ee-9f10-005056c00001','PG'),
('9510a015-2564-11ee-9f10-005056c00001','PG'),
('9510f08e-2564-11ee-9f10-005056c00001','PG'),
('951134c8-2564-11ee-9f10-005056c00001','PG'),
('9511a15c-2564-11ee-9f10-005056c00001','PG'),
('9511c120-2564-11ee-9f10-005056c00001','PG'),
('9511e93a-2564-11ee-9f10-005056c00001','PG'),
('95122f12-2564-11ee-9f10-005056c00001','PG'),
('95128b2d-2564-11ee-9f10-005056c00001','PG'),
('95129a23-2564-11ee-9f10-005056c00001','PG'),
('94f2937a-2564-11ee-9f10-005056c00001','SG'),
('94f31a3d-2564-11ee-9f10-005056c00001','SG'),
('94f331b5-2564-11ee-9f10-005056c00001','SG'),
('94f3514b-2564-11ee-9f10-005056c00001','SG'),
('94f36b0a-2564-11ee-9f10-005056c00001','SG'),
('94f3971d-2564-11ee-9f10-005056c00001','SG'),
('94f3d8a9-2564-11ee-9f10-005056c00001','SG'),
('94f40801-2564-11ee-9f10-005056c00001','SG'),
('94f42e07-2564-11ee-9f10-005056c00001','SG'),
('94f464df-2564-11ee-9f10-005056c00001','SG'),
('94f48898-2564-11ee-9f10-005056c00001','SG'),
('94f4b1f6-2564-11ee-9f10-005056c00001','SG'),
('94f4f44a-2564-11ee-9f10-005056c00001','SG'),
('94f53475-2564-11ee-9f10-005056c00001','SG'),
('94f56388-2564-11ee-9f10-005056c00001','SG'),
('94f57638-2564-11ee-9f10-005056c00001','SG'),
('94f5d52f-2564-11ee-9f10-005056c00001','SG'),
('94f5fc1a-2564-11ee-9f10-005056c00001','SG'),
('94f614cc-2564-11ee-9f10-005056c00001','SG'),
('94f69826-2564-11ee-9f10-005056c00001','SG'),
('94f6b161-2564-11ee-9f10-005056c00001','SG'),
('94f6c605-2564-11ee-9f10-005056c00001','SG'),
('94f6ddc4-2564-11ee-9f10-005056c00001','SG'),
('94f6f37e-2564-11ee-9f10-005056c00001','SG'),
('94f72e3b-2564-11ee-9f10-005056c00001','SG'),
('94f741de-2564-11ee-9f10-005056c00001','SG'),
('94f75228-2564-11ee-9f10-005056c00001','SG'),
('94f760ae-2564-11ee-9f10-005056c00001','SG'),
('94f781b6-2564-11ee-9f10-005056c00001','SG'),
('94f7c089-2564-11ee-9f10-005056c00001','SG'),
('94f7e420-2564-11ee-9f10-005056c00001','SG'),
('94f8086d-2564-11ee-9f10-005056c00001','SG'),
('94f83ac6-2564-11ee-9f10-005056c00001','SG'),
('94f84892-2564-11ee-9f10-005056c00001','SG'),
('94f858a9-2564-11ee-9f10-005056c00001','SG'),
('94f86698-2564-11ee-9f10-005056c00001','SG'),
('94f88f52-2564-11ee-9f10-005056c00001','SG'),
('94f8cbbc-2564-11ee-9f10-005056c00001','SG'),
('94f8d9ee-2564-11ee-9f10-005056c00001','SG'),
('94f8e764-2564-11ee-9f10-005056c00001','SG'),
('94f9020e-2564-11ee-9f10-005056c00001','SG'),
('94f90ec0-2564-11ee-9f10-005056c00001','SG'),
('94f925bb-2564-11ee-9f10-005056c00001','SG'),
('94f95c8c-2564-11ee-9f10-005056c00001','SG'),
('94f96922-2564-11ee-9f10-005056c00001','SG'),
('94f9a20a-2564-11ee-9f10-005056c00001','SG'),
('94f9c6a8-2564-11ee-9f10-005056c00001','SG'),
('94f9d46f-2564-11ee-9f10-005056c00001','SG'),
('94f9ee8a-2564-11ee-9f10-005056c00001','SG'),
('94fa15a2-2564-11ee-9f10-005056c00001','SG'),
('94fa7b76-2564-11ee-9f10-005056c00001','SG'),
('94fa9c79-2564-11ee-9f10-005056c00001','SG'),
('94fab9f2-2564-11ee-9f10-005056c00001','SG'),
('94fadcdf-2564-11ee-9f10-005056c00001','SG'),
('94faf726-2564-11ee-9f10-005056c00001','SG'),
('94fb044b-2564-11ee-9f10-005056c00001','SG'),
('94fb30a4-2564-11ee-9f10-005056c00001','SG'),
('94fb4516-2564-11ee-9f10-005056c00001','SG'),
('94fb6b09-2564-11ee-9f10-005056c00001','SG'),
('94fb952b-2564-11ee-9f10-005056c00001','SG'),
('94fbbe98-2564-11ee-9f10-005056c00001','SG'),
('94fbe618-2564-11ee-9f10-005056c00001','SG'),
('94fbfff2-2564-11ee-9f10-005056c00001','SG'),
('94fc36e6-2564-11ee-9f10-005056c00001','SG'),
('94fc608c-2564-11ee-9f10-005056c00001','SG'),
('94fc72fa-2564-11ee-9f10-005056c00001','SG'),
('94fc82da-2564-11ee-9f10-005056c00001','SG'),
('94fc9045-2564-11ee-9f10-005056c00001','SG'),
('94fc9d29-2564-11ee-9f10-005056c00001','SG'),
('94fcaa88-2564-11ee-9f10-005056c00001','SG'),
('94fcb766-2564-11ee-9f10-005056c00001','SG'),
('94fcc48a-2564-11ee-9f10-005056c00001','SG'),
('94fcd127-2564-11ee-9f10-005056c00001','SG'),
('94fceb65-2564-11ee-9f10-005056c00001','SG'),
('94fd054c-2564-11ee-9f10-005056c00001','SG'),
('94fd2bb1-2564-11ee-9f10-005056c00001','SG'),
('94fd68a0-2564-11ee-9f10-005056c00001','SG'),
('94fd7623-2564-11ee-9f10-005056c00001','SG'),
('94fd8368-2564-11ee-9f10-005056c00001','SG'),
('94fd90b3-2564-11ee-9f10-005056c00001','SG'),
('94fd9d70-2564-11ee-9f10-005056c00001','SG'),
('94fdaec3-2564-11ee-9f10-005056c00001','SG'),
('94fdd817-2564-11ee-9f10-005056c00001','SG'),
('94fdfeac-2564-11ee-9f10-005056c00001','SG'),
('94fe410c-2564-11ee-9f10-005056c00001','SG'),
('94fe96c4-2564-11ee-9f10-005056c00001','SG'),
('94feb00e-2564-11ee-9f10-005056c00001','SG'),
('94fec8f6-2564-11ee-9f10-005056c00001','SG'),
('94ff0153-2564-11ee-9f10-005056c00001','SG'),
('94ff394d-2564-11ee-9f10-005056c00001','SG'),
('94ff5d0a-2564-11ee-9f10-005056c00001','SG'),
('94ff9226-2564-11ee-9f10-005056c00001','SG'),
('94ffaccb-2564-11ee-9f10-005056c00001','SG'),
('94ffb9ed-2564-11ee-9f10-005056c00001','SG'),
('94ffe24d-2564-11ee-9f10-005056c00001','SG'),
('94fffc08-2564-11ee-9f10-005056c00001','SG'),
('95001846-2564-11ee-9f10-005056c00001','SG'),
('950042a7-2564-11ee-9f10-005056c00001','SG'),
('95005d35-2564-11ee-9f10-005056c00001','SG'),
('9500a119-2564-11ee-9f10-005056c00001','SG'),
('9500aec0-2564-11ee-9f10-005056c00001','SG'),
('9500de46-2564-11ee-9f10-005056c00001','SG'),
('95011251-2564-11ee-9f10-005056c00001','SG'),
('950143bb-2564-11ee-9f10-005056c00001','SG'),
('95018601-2564-11ee-9f10-005056c00001','SG'),
('9501a045-2564-11ee-9f10-005056c00001','SG'),
('9501d4e5-2564-11ee-9f10-005056c00001','SG'),
('9501e27e-2564-11ee-9f10-005056c00001','SG'),
('95020250-2564-11ee-9f10-005056c00001','SG'),
('950249f5-2564-11ee-9f10-005056c00001','SG'),
('95027dc2-2564-11ee-9f10-005056c00001','SG'),
('950299a4-2564-11ee-9f10-005056c00001','SG'),
('9502b4ca-2564-11ee-9f10-005056c00001','SG'),
('9502f30b-2564-11ee-9f10-005056c00001','SG'),
('9503024e-2564-11ee-9f10-005056c00001','SG'),
('95032d16-2564-11ee-9f10-005056c00001','SG'),
('95036466-2564-11ee-9f10-005056c00001','SG'),
('9503b31f-2564-11ee-9f10-005056c00001','SG'),
('95042357-2564-11ee-9f10-005056c00001','SG'),
('9504315e-2564-11ee-9f10-005056c00001','SG'),
('95043ee5-2564-11ee-9f10-005056c00001','SG'),
('95046702-2564-11ee-9f10-005056c00001','SG'),
('9504741f-2564-11ee-9f10-005056c00001','SG'),
('95049e05-2564-11ee-9f10-005056c00001','SG'),
('9504bc35-2564-11ee-9f10-005056c00001','SG'),
('95051c7c-2564-11ee-9f10-005056c00001','SG'),
('950529c3-2564-11ee-9f10-005056c00001','SG'),
('95053744-2564-11ee-9f10-005056c00001','SG'),
('950545de-2564-11ee-9f10-005056c00001','SG'),
('95056199-2564-11ee-9f10-005056c00001','SG'),
('950575e8-2564-11ee-9f10-005056c00001','SG'),
('9505a155-2564-11ee-9f10-005056c00001','SG'),
('9505b3e6-2564-11ee-9f10-005056c00001','SG'),
('9505f624-2564-11ee-9f10-005056c00001','SG'),
('95061f04-2564-11ee-9f10-005056c00001','SG'),
('9506473d-2564-11ee-9f10-005056c00001','SG'),
('95068b03-2564-11ee-9f10-005056c00001','SG'),
('9506b5f2-2564-11ee-9f10-005056c00001','SG'),
('9506c3c8-2564-11ee-9f10-005056c00001','SG'),
('9506e818-2564-11ee-9f10-005056c00001','SG'),
('9506f5ac-2564-11ee-9f10-005056c00001','SG'),
('950705ae-2564-11ee-9f10-005056c00001','SG'),
('95072ea1-2564-11ee-9f10-005056c00001','SG'),
('95074e42-2564-11ee-9f10-005056c00001','SG'),
('95075fc4-2564-11ee-9f10-005056c00001','SG'),
('95077188-2564-11ee-9f10-005056c00001','SG'),
('95078de8-2564-11ee-9f10-005056c00001','SG'),
('9507a0d0-2564-11ee-9f10-005056c00001','SG'),
('9507b7e6-2564-11ee-9f10-005056c00001','SG'),
('9507f6cf-2564-11ee-9f10-005056c00001','SG'),
('95080ef9-2564-11ee-9f10-005056c00001','SG'),
('950821c8-2564-11ee-9f10-005056c00001','SG'),
('95088139-2564-11ee-9f10-005056c00001','SG'),
('9508b2d2-2564-11ee-9f10-005056c00001','SG'),
('95090411-2564-11ee-9f10-005056c00001','SG'),
('950914a7-2564-11ee-9f10-005056c00001','SG'),
('95094eee-2564-11ee-9f10-005056c00001','SG'),
('9509f1bf-2564-11ee-9f10-005056c00001','SG'),
('950a01c5-2564-11ee-9f10-005056c00001','SG'),
('950a2c73-2564-11ee-9f10-005056c00001','SG'),
('950a3ab9-2564-11ee-9f10-005056c00001','SG'),
('950a5f10-2564-11ee-9f10-005056c00001','SG'),
('950a7daf-2564-11ee-9f10-005056c00001','SG'),
('950a9226-2564-11ee-9f10-005056c00001','SG'),
('950aa340-2564-11ee-9f10-005056c00001','SG'),
('950ab25e-2564-11ee-9f10-005056c00001','SG'),
('950ad032-2564-11ee-9f10-005056c00001','SG'),
('950adf2c-2564-11ee-9f10-005056c00001','SG'),
('950b046c-2564-11ee-9f10-005056c00001','SG'),
('950b3a81-2564-11ee-9f10-005056c00001','SG'),
('950b995b-2564-11ee-9f10-005056c00001','SG'),
('950ba7b1-2564-11ee-9f10-005056c00001','SG'),
('950bd2c6-2564-11ee-9f10-005056c00001','SG'),
('950be300-2564-11ee-9f10-005056c00001','SG'),
('950c541e-2564-11ee-9f10-005056c00001','SG'),
('950c842a-2564-11ee-9f10-005056c00001','SG'),
('950c9e88-2564-11ee-9f10-005056c00001','SG'),
('950cb95c-2564-11ee-9f10-005056c00001','SG'),
('950cd4b0-2564-11ee-9f10-005056c00001','SG'),
('950cf22e-2564-11ee-9f10-005056c00001','SG'),
('950d32c8-2564-11ee-9f10-005056c00001','SG'),
('950d6814-2564-11ee-9f10-005056c00001','SG'),
('950d8210-2564-11ee-9f10-005056c00001','SG'),
('950d9bce-2564-11ee-9f10-005056c00001','SG'),
('950df9a1-2564-11ee-9f10-005056c00001','SG'),
('950e090a-2564-11ee-9f10-005056c00001','SG'),
('950e3e5c-2564-11ee-9f10-005056c00001','SG'),
('950e4ba3-2564-11ee-9f10-005056c00001','SG'),
('950e7b40-2564-11ee-9f10-005056c00001','SG'),
('950ea851-2564-11ee-9f10-005056c00001','SG'),
('950ec317-2564-11ee-9f10-005056c00001','SG'),
('950efa28-2564-11ee-9f10-005056c00001','SG'),
('950f1526-2564-11ee-9f10-005056c00001','SG'),
('950f8737-2564-11ee-9f10-005056c00001','SG'),
('950f9454-2564-11ee-9f10-005056c00001','SG'),
('950fb16d-2564-11ee-9f10-005056c00001','SG'),
('95100e68-2564-11ee-9f10-005056c00001','SG'),
('95103727-2564-11ee-9f10-005056c00001','SG'),
('95106b9b-2564-11ee-9f10-005056c00001','SG'),
('951092f9-2564-11ee-9f10-005056c00001','SG'),
('9510ae9b-2564-11ee-9f10-005056c00001','SG'),
('9510e30f-2564-11ee-9f10-005056c00001','SG'),
('9510f08e-2564-11ee-9f10-005056c00001','SG'),
('95110b43-2564-11ee-9f10-005056c00001','SG'),
('95112717-2564-11ee-9f10-005056c00001','SG'),
('9511a15c-2564-11ee-9f10-005056c00001','SG'),
('9511dc2f-2564-11ee-9f10-005056c00001','SG'),
('9511e93a-2564-11ee-9f10-005056c00001','SG'),
('95121211-2564-11ee-9f10-005056c00001','SG'),
('95122f12-2564-11ee-9f10-005056c00001','SG'),
('95123c3d-2564-11ee-9f10-005056c00001','SG'),
('95125681-2564-11ee-9f10-005056c00001','SG'),
('95128b2d-2564-11ee-9f10-005056c00001','SG'),
('95129a23-2564-11ee-9f10-005056c00001','SG'),
('94f25571-2564-11ee-9f10-005056c00001','SF'),
('94f274a9-2564-11ee-9f10-005056c00001','SF'),
('94f2937a-2564-11ee-9f10-005056c00001','SF'),
('94f2af4a-2564-11ee-9f10-005056c00001','SF'),
('94f2c5f7-2564-11ee-9f10-005056c00001','SF'),
('94f31a3d-2564-11ee-9f10-005056c00001','SF'),
('94f36b0a-2564-11ee-9f10-005056c00001','SF'),
('94f383d4-2564-11ee-9f10-005056c00001','SF'),
('94f3971d-2564-11ee-9f10-005056c00001','SF'),
('94f42e07-2564-11ee-9f10-005056c00001','SF'),
('94f44134-2564-11ee-9f10-005056c00001','SF'),
('94f48898-2564-11ee-9f10-005056c00001','SF'),
('94f4c3f6-2564-11ee-9f10-005056c00001','SF'),
('94f50ebb-2564-11ee-9f10-005056c00001','SF'),
('94f53475-2564-11ee-9f10-005056c00001','SF'),
('94f54f98-2564-11ee-9f10-005056c00001','SF'),
('94f58888-2564-11ee-9f10-005056c00001','SF'),
('94f5e4af-2564-11ee-9f10-005056c00001','SF'),
('94f614cc-2564-11ee-9f10-005056c00001','SF'),
('94f62d24-2564-11ee-9f10-005056c00001','SF'),
('94f69826-2564-11ee-9f10-005056c00001','SF'),
('94f6b161-2564-11ee-9f10-005056c00001','SF'),
('94f75228-2564-11ee-9f10-005056c00001','SF'),
('94f760ae-2564-11ee-9f10-005056c00001','SF'),
('94f7a9e2-2564-11ee-9f10-005056c00001','SF'),
('94f7c089-2564-11ee-9f10-005056c00001','SF'),
('94f81dc1-2564-11ee-9f10-005056c00001','SF'),
('94f82cb2-2564-11ee-9f10-005056c00001','SF'),
('94f858a9-2564-11ee-9f10-005056c00001','SF'),
('94f86698-2564-11ee-9f10-005056c00001','SF'),
('94f87426-2564-11ee-9f10-005056c00001','SF'),
('94f8cbbc-2564-11ee-9f10-005056c00001','SF'),
('94f8d9ee-2564-11ee-9f10-005056c00001','SF'),
('94f8e764-2564-11ee-9f10-005056c00001','SF'),
('94f925bb-2564-11ee-9f10-005056c00001','SF'),
('94f94287-2564-11ee-9f10-005056c00001','SF'),
('94f95c8c-2564-11ee-9f10-005056c00001','SF'),
('94f98fc5-2564-11ee-9f10-005056c00001','SF'),
('94f9c6a8-2564-11ee-9f10-005056c00001','SF'),
('94fa08b0-2564-11ee-9f10-005056c00001','SF'),
('94fa15a2-2564-11ee-9f10-005056c00001','SF'),
('94fb044b-2564-11ee-9f10-005056c00001','SF'),
('94fb1734-2564-11ee-9f10-005056c00001','SF'),
('94fb30a4-2564-11ee-9f10-005056c00001','SF'),
('94fb6b09-2564-11ee-9f10-005056c00001','SF'),
('94fb952b-2564-11ee-9f10-005056c00001','SF'),
('94fba42c-2564-11ee-9f10-005056c00001','SF'),
('94fbbe98-2564-11ee-9f10-005056c00001','SF'),
('94fbd91a-2564-11ee-9f10-005056c00001','SF'),
('94fbf323-2564-11ee-9f10-005056c00001','SF'),
('94fc608c-2564-11ee-9f10-005056c00001','SF'),
('94fc72fa-2564-11ee-9f10-005056c00001','SF'),
('94fc82da-2564-11ee-9f10-005056c00001','SF'),
('94fcb766-2564-11ee-9f10-005056c00001','SF'),
('94fceb65-2564-11ee-9f10-005056c00001','SF'),
('94fd054c-2564-11ee-9f10-005056c00001','SF'),
('94fd122b-2564-11ee-9f10-005056c00001','SF'),
('94fd5770-2564-11ee-9f10-005056c00001','SF'),
('94fd7623-2564-11ee-9f10-005056c00001','SF'),
('94fd8368-2564-11ee-9f10-005056c00001','SF'),
('94fd9d70-2564-11ee-9f10-005056c00001','SF'),
('94fdf214-2564-11ee-9f10-005056c00001','SF'),
('94fdfeac-2564-11ee-9f10-005056c00001','SF'),
('94fe0b74-2564-11ee-9f10-005056c00001','SF'),
('94fe89b3-2564-11ee-9f10-005056c00001','SF'),
('94feb00e-2564-11ee-9f10-005056c00001','SF'),
('94fec8f6-2564-11ee-9f10-005056c00001','SF'),
('94ff0153-2564-11ee-9f10-005056c00001','SF'),
('94ff2809-2564-11ee-9f10-005056c00001','SF'),
('94ff394d-2564-11ee-9f10-005056c00001','SF'),
('94ff7cbc-2564-11ee-9f10-005056c00001','SF'),
('94ff9fe1-2564-11ee-9f10-005056c00001','SF'),
('94ffaccb-2564-11ee-9f10-005056c00001','SF'),
('94ffe24d-2564-11ee-9f10-005056c00001','SF'),
('95001846-2564-11ee-9f10-005056c00001','SF'),
('9500278c-2564-11ee-9f10-005056c00001','SF'),
('9500349e-2564-11ee-9f10-005056c00001','SF'),
('950042a7-2564-11ee-9f10-005056c00001','SF'),
('9500501b-2564-11ee-9f10-005056c00001','SF'),
('95008500-2564-11ee-9f10-005056c00001','SF'),
('9500bf7f-2564-11ee-9f10-005056c00001','SF'),
('9500d000-2564-11ee-9f10-005056c00001','SF'),
('9500f9d6-2564-11ee-9f10-005056c00001','SF'),
('95011251-2564-11ee-9f10-005056c00001','SF'),
('9501260f-2564-11ee-9f10-005056c00001','SF'),
('95018601-2564-11ee-9f10-005056c00001','SF'),
('9501d4e5-2564-11ee-9f10-005056c00001','SF'),
('95020250-2564-11ee-9f10-005056c00001','SF'),
('9502169f-2564-11ee-9f10-005056c00001','SF'),
('9502271f-2564-11ee-9f10-005056c00001','SF'),
('95023546-2564-11ee-9f10-005056c00001','SF'),
('950249f5-2564-11ee-9f10-005056c00001','SF'),
('950299a4-2564-11ee-9f10-005056c00001','SF'),
('9502f30b-2564-11ee-9f10-005056c00001','SF'),
('9503024e-2564-11ee-9f10-005056c00001','SF'),
('95031f2c-2564-11ee-9f10-005056c00001','SF'),
('95032d16-2564-11ee-9f10-005056c00001','SF'),
('95035695-2564-11ee-9f10-005056c00001','SF'),
('95036466-2564-11ee-9f10-005056c00001','SF'),
('9503c297-2564-11ee-9f10-005056c00001','SF'),
('9503f9b1-2564-11ee-9f10-005056c00001','SF'),
('95042357-2564-11ee-9f10-005056c00001','SF'),
('9504315e-2564-11ee-9f10-005056c00001','SF'),
('95046702-2564-11ee-9f10-005056c00001','SF'),
('9504741f-2564-11ee-9f10-005056c00001','SF'),
('950490fc-2564-11ee-9f10-005056c00001','SF'),
('9504bc35-2564-11ee-9f10-005056c00001','SF'),
('95050213-2564-11ee-9f10-005056c00001','SF'),
('95050f3e-2564-11ee-9f10-005056c00001','SF'),
('950575e8-2564-11ee-9f10-005056c00001','SF'),
('9505a155-2564-11ee-9f10-005056c00001','SF'),
('9505b3e6-2564-11ee-9f10-005056c00001','SF'),
('9505c8ac-2564-11ee-9f10-005056c00001','SF'),
('9505e816-2564-11ee-9f10-005056c00001','SF'),
('95061145-2564-11ee-9f10-005056c00001','SF'),
('95061f04-2564-11ee-9f10-005056c00001','SF'),
('95062c84-2564-11ee-9f10-005056c00001','SF'),
('950661a9-2564-11ee-9f10-005056c00001','SF'),
('95067d78-2564-11ee-9f10-005056c00001','SF'),
('95068b03-2564-11ee-9f10-005056c00001','SF'),
('9506b5f2-2564-11ee-9f10-005056c00001','SF'),
('9506e818-2564-11ee-9f10-005056c00001','SF'),
('9506f5ac-2564-11ee-9f10-005056c00001','SF'),
('95072ea1-2564-11ee-9f10-005056c00001','SF'),
('95077188-2564-11ee-9f10-005056c00001','SF'),
('95080ef9-2564-11ee-9f10-005056c00001','SF'),
('950821c8-2564-11ee-9f10-005056c00001','SF'),
('9508503d-2564-11ee-9f10-005056c00001','SF'),
('95086b37-2564-11ee-9f10-005056c00001','SF'),
('9508db0f-2564-11ee-9f10-005056c00001','SF'),
('9508ed37-2564-11ee-9f10-005056c00001','SF'),
('95090411-2564-11ee-9f10-005056c00001','SF'),
('950914a7-2564-11ee-9f10-005056c00001','SF'),
('95099af3-2564-11ee-9f10-005056c00001','SF'),
('9509cfae-2564-11ee-9f10-005056c00001','SF'),
('950a1006-2564-11ee-9f10-005056c00001','SF'),
('950a3ab9-2564-11ee-9f10-005056c00001','SF'),
('950a5f10-2564-11ee-9f10-005056c00001','SF'),
('950a6db2-2564-11ee-9f10-005056c00001','SF'),
('950a7daf-2564-11ee-9f10-005056c00001','SF'),
('950aa340-2564-11ee-9f10-005056c00001','SF'),
('950aee32-2564-11ee-9f10-005056c00001','SF'),
('950b88a5-2564-11ee-9f10-005056c00001','SF'),
('950ba7b1-2564-11ee-9f10-005056c00001','SF'),
('950bc4e3-2564-11ee-9f10-005056c00001','SF'),
('950c034c-2564-11ee-9f10-005056c00001','SF'),
('950c12f3-2564-11ee-9f10-005056c00001','SF'),
('950c541e-2564-11ee-9f10-005056c00001','SF'),
('950c75a6-2564-11ee-9f10-005056c00001','SF'),
('950c842a-2564-11ee-9f10-005056c00001','SF'),
('950c9178-2564-11ee-9f10-005056c00001','SF'),
('950d24bf-2564-11ee-9f10-005056c00001','SF'),
('950d40cc-2564-11ee-9f10-005056c00001','SF'),
('950d4dce-2564-11ee-9f10-005056c00001','SF'),
('950d5b19-2564-11ee-9f10-005056c00001','SF'),
('950d6814-2564-11ee-9f10-005056c00001','SF'),
('950d8210-2564-11ee-9f10-005056c00001','SF'),
('950d8eb6-2564-11ee-9f10-005056c00001','SF'),
('950d9bce-2564-11ee-9f10-005056c00001','SF'),
('950da8fc-2564-11ee-9f10-005056c00001','SF'),
('950df9a1-2564-11ee-9f10-005056c00001','SF'),
('950e16e6-2564-11ee-9f10-005056c00001','SF'),
('950e244f-2564-11ee-9f10-005056c00001','SF'),
('950e3e5c-2564-11ee-9f10-005056c00001','SF'),
('950e4ba3-2564-11ee-9f10-005056c00001','SF'),
('950e7b40-2564-11ee-9f10-005056c00001','SF'),
('950e8ca1-2564-11ee-9f10-005056c00001','SF'),
('950eb5cc-2564-11ee-9f10-005056c00001','SF'),
('950ec317-2564-11ee-9f10-005056c00001','SF'),
('950efa28-2564-11ee-9f10-005056c00001','SF'),
('950f07e7-2564-11ee-9f10-005056c00001','SF'),
('950f26e1-2564-11ee-9f10-005056c00001','SF'),
('950f453c-2564-11ee-9f10-005056c00001','SF'),
('950f6cb1-2564-11ee-9f10-005056c00001','SF'),
('950f8737-2564-11ee-9f10-005056c00001','SF'),
('950fa357-2564-11ee-9f10-005056c00001','SF'),
('950fb16d-2564-11ee-9f10-005056c00001','SF'),
('950fccc0-2564-11ee-9f10-005056c00001','SF'),
('950fe567-2564-11ee-9f10-005056c00001','SF'),
('95100e68-2564-11ee-9f10-005056c00001','SF'),
('95105164-2564-11ee-9f10-005056c00001','SF'),
('95105e76-2564-11ee-9f10-005056c00001','SF'),
('95106b9b-2564-11ee-9f10-005056c00001','SF'),
('9510c083-2564-11ee-9f10-005056c00001','SF'),
('9510e30f-2564-11ee-9f10-005056c00001','SF'),
('95110b43-2564-11ee-9f10-005056c00001','SF'),
('95114244-2564-11ee-9f10-005056c00001','SF'),
('95114f72-2564-11ee-9f10-005056c00001','SF'),
('951177bc-2564-11ee-9f10-005056c00001','SF'),
('9511b14b-2564-11ee-9f10-005056c00001','SF'),
('9511cebf-2564-11ee-9f10-005056c00001','SF'),
('9511dc2f-2564-11ee-9f10-005056c00001','SF'),
('951204a4-2564-11ee-9f10-005056c00001','SF'),
('95121211-2564-11ee-9f10-005056c00001','SF'),
('95123c3d-2564-11ee-9f10-005056c00001','SF'),
('951263a7-2564-11ee-9f10-005056c00001','SF'),
('95127de7-2564-11ee-9f10-005056c00001','SF'),
('94f23b4c-2564-11ee-9f10-005056c00001','PF'),
('94f25571-2564-11ee-9f10-005056c00001','PF'),
('94f274a9-2564-11ee-9f10-005056c00001','PF'),
('94f2c5f7-2564-11ee-9f10-005056c00001','PF'),
('94f383d4-2564-11ee-9f10-005056c00001','PF'),
('94f3ad8b-2564-11ee-9f10-005056c00001','PF'),
('94f3f5ee-2564-11ee-9f10-005056c00001','PF'),
('94f41a6d-2564-11ee-9f10-005056c00001','PF'),
('94f44134-2564-11ee-9f10-005056c00001','PF'),
('94f47713-2564-11ee-9f10-005056c00001','PF'),
('94f49e70-2564-11ee-9f10-005056c00001','PF'),
('94f4c3f6-2564-11ee-9f10-005056c00001','PF'),
('94f4d69b-2564-11ee-9f10-005056c00001','PF'),
('94f50ebb-2564-11ee-9f10-005056c00001','PF'),
('94f5224b-2564-11ee-9f10-005056c00001','PF'),
('94f54f98-2564-11ee-9f10-005056c00001','PF'),
('94f58888-2564-11ee-9f10-005056c00001','PF'),
('94f5c6b8-2564-11ee-9f10-005056c00001','PF'),
('94f5e4af-2564-11ee-9f10-005056c00001','PF'),
('94f62d24-2564-11ee-9f10-005056c00001','PF'),
('94f67db0-2564-11ee-9f10-005056c00001','PF'),
('94f707bb-2564-11ee-9f10-005056c00001','PF'),
('94f7a9e2-2564-11ee-9f10-005056c00001','PF'),
('94f81dc1-2564-11ee-9f10-005056c00001','PF'),
('94f82cb2-2564-11ee-9f10-005056c00001','PF'),
('94f87426-2564-11ee-9f10-005056c00001','PF'),
('94f8aa1a-2564-11ee-9f10-005056c00001','PF'),
('94f934ee-2564-11ee-9f10-005056c00001','PF'),
('94f94287-2564-11ee-9f10-005056c00001','PF'),
('94f975c2-2564-11ee-9f10-005056c00001','PF'),
('94f98289-2564-11ee-9f10-005056c00001','PF'),
('94f9b725-2564-11ee-9f10-005056c00001','PF'),
('94f9e16d-2564-11ee-9f10-005056c00001','PF'),
('94fa08b0-2564-11ee-9f10-005056c00001','PF'),
('94fa4ace-2564-11ee-9f10-005056c00001','PF'),
('94fa66e9-2564-11ee-9f10-005056c00001','PF'),
('94fb1734-2564-11ee-9f10-005056c00001','PF'),
('94fb5901-2564-11ee-9f10-005056c00001','PF'),
('94fba42c-2564-11ee-9f10-005056c00001','PF'),
('94fbd91a-2564-11ee-9f10-005056c00001','PF'),
('94fbf323-2564-11ee-9f10-005056c00001','PF'),
('94fc0fe3-2564-11ee-9f10-005056c00001','PF'),
('94fc241c-2564-11ee-9f10-005056c00001','PF'),
('94fc466c-2564-11ee-9f10-005056c00001','PF'),
('94fc53cb-2564-11ee-9f10-005056c00001','PF'),
('94fc9d29-2564-11ee-9f10-005056c00001','PF'),
('94fcf880-2564-11ee-9f10-005056c00001','PF'),
('94fd122b-2564-11ee-9f10-005056c00001','PF'),
('94fd3883-2564-11ee-9f10-005056c00001','PF'),
('94fd4708-2564-11ee-9f10-005056c00001','PF'),
('94fd5770-2564-11ee-9f10-005056c00001','PF'),
('94fdc8c4-2564-11ee-9f10-005056c00001','PF'),
('94fde4fb-2564-11ee-9f10-005056c00001','PF'),
('94fdf214-2564-11ee-9f10-005056c00001','PF'),
('94fe0b74-2564-11ee-9f10-005056c00001','PF'),
('94fe17fe-2564-11ee-9f10-005056c00001','PF'),
('94fe2490-2564-11ee-9f10-005056c00001','PF'),
('94fe3134-2564-11ee-9f10-005056c00001','PF'),
('94fe89b3-2564-11ee-9f10-005056c00001','PF'),
('94fee6d3-2564-11ee-9f10-005056c00001','PF'),
('94ff0e7a-2564-11ee-9f10-005056c00001','PF'),
('94ff1b14-2564-11ee-9f10-005056c00001','PF'),
('94ff2809-2564-11ee-9f10-005056c00001','PF'),
('94ff4d17-2564-11ee-9f10-005056c00001','PF'),
('94ff6a21-2564-11ee-9f10-005056c00001','PF'),
('94ff9fe1-2564-11ee-9f10-005056c00001','PF'),
('94ffeee6-2564-11ee-9f10-005056c00001','PF'),
('950008d6-2564-11ee-9f10-005056c00001','PF'),
('9500278c-2564-11ee-9f10-005056c00001','PF'),
('9500349e-2564-11ee-9f10-005056c00001','PF'),
('9500501b-2564-11ee-9f10-005056c00001','PF'),
('95006a94-2564-11ee-9f10-005056c00001','PF'),
('950092f5-2564-11ee-9f10-005056c00001','PF'),
('9500bf7f-2564-11ee-9f10-005056c00001','PF'),
('9500d000-2564-11ee-9f10-005056c00001','PF'),
('9500f9d6-2564-11ee-9f10-005056c00001','PF'),
('9501260f-2564-11ee-9f10-005056c00001','PF'),
('95015ecd-2564-11ee-9f10-005056c00001','PF'),
('950178fb-2564-11ee-9f10-005056c00001','PF'),
('9501ad99-2564-11ee-9f10-005056c00001','PF'),
('9501ba81-2564-11ee-9f10-005056c00001','PF'),
('9501c7c4-2564-11ee-9f10-005056c00001','PF'),
('9502271f-2564-11ee-9f10-005056c00001','PF'),
('95023546-2564-11ee-9f10-005056c00001','PF'),
('95025a05-2564-11ee-9f10-005056c00001','PF'),
('95026fc3-2564-11ee-9f10-005056c00001','PF'),
('9502cf98-2564-11ee-9f10-005056c00001','PF'),
('9502e299-2564-11ee-9f10-005056c00001','PF'),
('95031f2c-2564-11ee-9f10-005056c00001','PF'),
('95034918-2564-11ee-9f10-005056c00001','PF'),
('95035695-2564-11ee-9f10-005056c00001','PF'),
('9503a2a4-2564-11ee-9f10-005056c00001','PF'),
('9503c297-2564-11ee-9f10-005056c00001','PF'),
('9503ec0f-2564-11ee-9f10-005056c00001','PF'),
('9503f9b1-2564-11ee-9f10-005056c00001','PF'),
('9504837b-2564-11ee-9f10-005056c00001','PF'),
('950490fc-2564-11ee-9f10-005056c00001','PF'),
('9504f4f3-2564-11ee-9f10-005056c00001','PF'),
('95050213-2564-11ee-9f10-005056c00001','PF'),
('95050f3e-2564-11ee-9f10-005056c00001','PF'),
('950585e5-2564-11ee-9f10-005056c00001','PF'),
('9505937f-2564-11ee-9f10-005056c00001','PF'),
('9505d98a-2564-11ee-9f10-005056c00001','PF'),
('9505e816-2564-11ee-9f10-005056c00001','PF'),
('95061145-2564-11ee-9f10-005056c00001','PF'),
('95062c84-2564-11ee-9f10-005056c00001','PF'),
('9506545f-2564-11ee-9f10-005056c00001','PF'),
('950661a9-2564-11ee-9f10-005056c00001','PF'),
('95067d78-2564-11ee-9f10-005056c00001','PF'),
('950699f7-2564-11ee-9f10-005056c00001','PF'),
('95071366-2564-11ee-9f10-005056c00001','PF'),
('95073e95-2564-11ee-9f10-005056c00001','PF'),
('9508381c-2564-11ee-9f10-005056c00001','PF'),
('9508503d-2564-11ee-9f10-005056c00001','PF'),
('95089ff1-2564-11ee-9f10-005056c00001','PF'),
('9508c2f8-2564-11ee-9f10-005056c00001','PF'),
('9508db0f-2564-11ee-9f10-005056c00001','PF'),
('9508ed37-2564-11ee-9f10-005056c00001','PF'),
('95092d1a-2564-11ee-9f10-005056c00001','PF'),
('95097069-2564-11ee-9f10-005056c00001','PF'),
('9509ad74-2564-11ee-9f10-005056c00001','PF'),
('9509c044-2564-11ee-9f10-005056c00001','PF'),
('9509cfae-2564-11ee-9f10-005056c00001','PF'),
('950a1006-2564-11ee-9f10-005056c00001','PF'),
('950a1e4d-2564-11ee-9f10-005056c00001','PF'),
('950a6db2-2564-11ee-9f10-005056c00001','PF'),
('950aee32-2564-11ee-9f10-005056c00001','PF'),
('950b4b0b-2564-11ee-9f10-005056c00001','PF'),
('950b5cca-2564-11ee-9f10-005056c00001','PF'),
('950b6a41-2564-11ee-9f10-005056c00001','PF'),
('950b88a5-2564-11ee-9f10-005056c00001','PF'),
('950bc4e3-2564-11ee-9f10-005056c00001','PF'),
('950c034c-2564-11ee-9f10-005056c00001','PF'),
('950c12f3-2564-11ee-9f10-005056c00001','PF'),
('950c3427-2564-11ee-9f10-005056c00001','PF'),
('950c4343-2564-11ee-9f10-005056c00001','PF'),
('950c64e8-2564-11ee-9f10-005056c00001','PF'),
('950c75a6-2564-11ee-9f10-005056c00001','PF'),
('950c9178-2564-11ee-9f10-005056c00001','PF'),
('950d24bf-2564-11ee-9f10-005056c00001','PF'),
('950d40cc-2564-11ee-9f10-005056c00001','PF'),
('950d4dce-2564-11ee-9f10-005056c00001','PF'),
('950d74fb-2564-11ee-9f10-005056c00001','PF'),
('950d8eb6-2564-11ee-9f10-005056c00001','PF'),
('950dd044-2564-11ee-9f10-005056c00001','PF'),
('950dea9f-2564-11ee-9f10-005056c00001','PF'),
('950e16e6-2564-11ee-9f10-005056c00001','PF'),
('950e244f-2564-11ee-9f10-005056c00001','PF'),
('950e3152-2564-11ee-9f10-005056c00001','PF'),
('950e8ca1-2564-11ee-9f10-005056c00001','PF'),
('950eb5cc-2564-11ee-9f10-005056c00001','PF'),
('950ed0b6-2564-11ee-9f10-005056c00001','PF'),
('950eebe4-2564-11ee-9f10-005056c00001','PF'),
('950f26e1-2564-11ee-9f10-005056c00001','PF'),
('950f453c-2564-11ee-9f10-005056c00001','PF'),
('950f522c-2564-11ee-9f10-005056c00001','PF'),
('950f6cb1-2564-11ee-9f10-005056c00001','PF'),
('950fa357-2564-11ee-9f10-005056c00001','PF'),
('950fbf06-2564-11ee-9f10-005056c00001','PF'),
('950fccc0-2564-11ee-9f10-005056c00001','PF'),
('950fe567-2564-11ee-9f10-005056c00001','PF'),
('95101cad-2564-11ee-9f10-005056c00001','PF'),
('95102a15-2564-11ee-9f10-005056c00001','PF'),
('9510442e-2564-11ee-9f10-005056c00001','PF'),
('95105164-2564-11ee-9f10-005056c00001','PF'),
('95105e76-2564-11ee-9f10-005056c00001','PF'),
('9510c083-2564-11ee-9f10-005056c00001','PF'),
('9510fe25-2564-11ee-9f10-005056c00001','PF'),
('951118f4-2564-11ee-9f10-005056c00001','PF'),
('95114f72-2564-11ee-9f10-005056c00001','PF'),
('95116aa0-2564-11ee-9f10-005056c00001','PF'),
('95118fc4-2564-11ee-9f10-005056c00001','PF'),
('9511b14b-2564-11ee-9f10-005056c00001','PF'),
('9511cebf-2564-11ee-9f10-005056c00001','PF'),
('951204a4-2564-11ee-9f10-005056c00001','PF'),
('951221e7-2564-11ee-9f10-005056c00001','PF'),
('951263a7-2564-11ee-9f10-005056c00001','PF'),
('951270ca-2564-11ee-9f10-005056c00001','PF'),
('95127de7-2564-11ee-9f10-005056c00001','PF'),
('94f21d1c-2564-11ee-9f10-005056c00001','C'),
('94f23b4c-2564-11ee-9f10-005056c00001','C'),
('94f2ddcb-2564-11ee-9f10-005056c00001','C'),
('94f3ad8b-2564-11ee-9f10-005056c00001','C'),
('94f3c12c-2564-11ee-9f10-005056c00001','C'),
('94f3f5ee-2564-11ee-9f10-005056c00001','C'),
('94f41a6d-2564-11ee-9f10-005056c00001','C'),
('94f4530e-2564-11ee-9f10-005056c00001','C'),
('94f47713-2564-11ee-9f10-005056c00001','C'),
('94f49e70-2564-11ee-9f10-005056c00001','C'),
('94f4d69b-2564-11ee-9f10-005056c00001','C'),
('94f5a6c8-2564-11ee-9f10-005056c00001','C'),
('94f5c6b8-2564-11ee-9f10-005056c00001','C'),
('94f64440-2564-11ee-9f10-005056c00001','C'),
('94f65dd9-2564-11ee-9f10-005056c00001','C'),
('94f67db0-2564-11ee-9f10-005056c00001','C'),
('94f71af7-2564-11ee-9f10-005056c00001','C'),
('94f771e0-2564-11ee-9f10-005056c00001','C'),
('94f79386-2564-11ee-9f10-005056c00001','C'),
('94f8aa1a-2564-11ee-9f10-005056c00001','C'),
('94f8bafb-2564-11ee-9f10-005056c00001','C'),
('94f94fc2-2564-11ee-9f10-005056c00001','C'),
('94f98289-2564-11ee-9f10-005056c00001','C'),
('94f9b725-2564-11ee-9f10-005056c00001','C'),
('94f9e16d-2564-11ee-9f10-005056c00001','C'),
('94f9fb76-2564-11ee-9f10-005056c00001','C'),
('94fa22c0-2564-11ee-9f10-005056c00001','C'),
('94fa4ace-2564-11ee-9f10-005056c00001','C'),
('94fa66e9-2564-11ee-9f10-005056c00001','C'),
('94faea1e-2564-11ee-9f10-005056c00001','C'),
('94fb5901-2564-11ee-9f10-005056c00001','C'),
('94fbb13f-2564-11ee-9f10-005056c00001','C'),
('94fc0fe3-2564-11ee-9f10-005056c00001','C'),
('94fc241c-2564-11ee-9f10-005056c00001','C'),
('94fc466c-2564-11ee-9f10-005056c00001','C'),
('94fc53cb-2564-11ee-9f10-005056c00001','C'),
('94fcf880-2564-11ee-9f10-005056c00001','C'),
('94fd1ec7-2564-11ee-9f10-005056c00001','C'),
('94fd3883-2564-11ee-9f10-005056c00001','C'),
('94fd4708-2564-11ee-9f10-005056c00001','C'),
('94fdc8c4-2564-11ee-9f10-005056c00001','C'),
('94fe17fe-2564-11ee-9f10-005056c00001','C'),
('94fe2490-2564-11ee-9f10-005056c00001','C'),
('94fe3134-2564-11ee-9f10-005056c00001','C'),
('94fe52e5-2564-11ee-9f10-005056c00001','C'),
('94fe600b-2564-11ee-9f10-005056c00001','C'),
('94fea36c-2564-11ee-9f10-005056c00001','C'),
('94fee6d3-2564-11ee-9f10-005056c00001','C'),
('94ff0e7a-2564-11ee-9f10-005056c00001','C'),
('94ff1b14-2564-11ee-9f10-005056c00001','C'),
('94ff4d17-2564-11ee-9f10-005056c00001','C'),
('94ff6a21-2564-11ee-9f10-005056c00001','C'),
('94ffc70d-2564-11ee-9f10-005056c00001','C'),
('94ffd56d-2564-11ee-9f10-005056c00001','C'),
('94ffeee6-2564-11ee-9f10-005056c00001','C'),
('950008d6-2564-11ee-9f10-005056c00001','C'),
('95006a94-2564-11ee-9f10-005056c00001','C'),
('950092f5-2564-11ee-9f10-005056c00001','C'),
('9500eba1-2564-11ee-9f10-005056c00001','C'),
('950135e5-2564-11ee-9f10-005056c00001','C'),
('950178fb-2564-11ee-9f10-005056c00001','C'),
('95019330-2564-11ee-9f10-005056c00001','C'),
('9501ad99-2564-11ee-9f10-005056c00001','C'),
('9501ba81-2564-11ee-9f10-005056c00001','C'),
('9501c7c4-2564-11ee-9f10-005056c00001','C'),
('9502a746-2564-11ee-9f10-005056c00001','C'),
('9502cf98-2564-11ee-9f10-005056c00001','C'),
('9502e299-2564-11ee-9f10-005056c00001','C'),
('950310c6-2564-11ee-9f10-005056c00001','C'),
('95033bac-2564-11ee-9f10-005056c00001','C'),
('95034918-2564-11ee-9f10-005056c00001','C'),
('9503a2a4-2564-11ee-9f10-005056c00001','C'),
('9503dc17-2564-11ee-9f10-005056c00001','C'),
('9503ec0f-2564-11ee-9f10-005056c00001','C'),
('95044c99-2564-11ee-9f10-005056c00001','C'),
('9504837b-2564-11ee-9f10-005056c00001','C'),
('9504cac9-2564-11ee-9f10-005056c00001','C'),
('9504d94c-2564-11ee-9f10-005056c00001','C'),
('9504f4f3-2564-11ee-9f10-005056c00001','C'),
('950585e5-2564-11ee-9f10-005056c00001','C'),
('9505937f-2564-11ee-9f10-005056c00001','C'),
('9505d98a-2564-11ee-9f10-005056c00001','C'),
('950603a4-2564-11ee-9f10-005056c00001','C'),
('9506545f-2564-11ee-9f10-005056c00001','C'),
('950699f7-2564-11ee-9f10-005056c00001','C'),
('9506d3c6-2564-11ee-9f10-005056c00001','C'),
('950720f1-2564-11ee-9f10-005056c00001','C'),
('95073e95-2564-11ee-9f10-005056c00001','C'),
('9508381c-2564-11ee-9f10-005056c00001','C'),
('95092d1a-2564-11ee-9f10-005056c00001','C'),
('9509ad74-2564-11ee-9f10-005056c00001','C'),
('9509e177-2564-11ee-9f10-005056c00001','C'),
('950a1e4d-2564-11ee-9f10-005056c00001','C'),
('950a4e75-2564-11ee-9f10-005056c00001','C'),
('950ac28c-2564-11ee-9f10-005056c00001','C'),
('950b21c2-2564-11ee-9f10-005056c00001','C'),
('950b4b0b-2564-11ee-9f10-005056c00001','C'),
('950b5cca-2564-11ee-9f10-005056c00001','C'),
('950b6a41-2564-11ee-9f10-005056c00001','C'),
('950b7aa5-2564-11ee-9f10-005056c00001','C'),
('950bf4c9-2564-11ee-9f10-005056c00001','C'),
('950c3427-2564-11ee-9f10-005056c00001','C'),
('950c64e8-2564-11ee-9f10-005056c00001','C'),
('950cac37-2564-11ee-9f10-005056c00001','C'),
('950d1533-2564-11ee-9f10-005056c00001','C'),
('950db612-2564-11ee-9f10-005056c00001','C'),
('950dc327-2564-11ee-9f10-005056c00001','C'),
('950dd044-2564-11ee-9f10-005056c00001','C'),
('950dea9f-2564-11ee-9f10-005056c00001','C'),
('950e3152-2564-11ee-9f10-005056c00001','C'),
('950e66fd-2564-11ee-9f10-005056c00001','C'),
('950e9ac0-2564-11ee-9f10-005056c00001','C'),
('950ed0b6-2564-11ee-9f10-005056c00001','C'),
('950f3753-2564-11ee-9f10-005056c00001','C'),
('950f522c-2564-11ee-9f10-005056c00001','C'),
('950f5f77-2564-11ee-9f10-005056c00001','C'),
('950f7a06-2564-11ee-9f10-005056c00001','C'),
('950fbf06-2564-11ee-9f10-005056c00001','C'),
('950ff5cf-2564-11ee-9f10-005056c00001','C'),
('95101cad-2564-11ee-9f10-005056c00001','C'),
('95102a15-2564-11ee-9f10-005056c00001','C'),
('9510442e-2564-11ee-9f10-005056c00001','C'),
('951078f9-2564-11ee-9f10-005056c00001','C'),
('9510d273-2564-11ee-9f10-005056c00001','C'),
('9510fe25-2564-11ee-9f10-005056c00001','C'),
('951118f4-2564-11ee-9f10-005056c00001','C'),
('95115d12-2564-11ee-9f10-005056c00001','C'),
('95118fc4-2564-11ee-9f10-005056c00001','C'),
('9511f72e-2564-11ee-9f10-005056c00001','C'),
('951221e7-2564-11ee-9f10-005056c00001','C'),
('95124978-2564-11ee-9f10-005056c00001','C'),
('9512a998-2564-11ee-9f10-005056c00001','C');
/*!40000 ALTER TABLE `playerposition` ENABLE KEYS */;
UNLOCK TABLES;

--
-- Table structure for table `position`
--

DROP TABLE IF EXISTS `position`;
/*!40101 SET @saved_cs_client     = @@character_set_client */;
/*!40101 SET character_set_client = utf8 */;
CREATE TABLE `position` (
  `posID` enum('PG','SG','SF','PF','C') NOT NULL,
  `posName` enum('Point Guard','Shooting Guard','Small Forward','Power Forward','Center') NOT NULL,
  PRIMARY KEY (`posID`)
) ENGINE=InnoDB DEFAULT CHARSET=latin1 COLLATE=latin1_swedish_ci;
/*!40101 SET character_set_client = @saved_cs_client */;

--
-- Dumping data for table `position`
--

LOCK TABLES `position` WRITE;
/*!40000 ALTER TABLE `position` DISABLE KEYS */;
INSERT INTO `position` VALUES
('PG','Point Guard'),
('SG','Shooting Guard'),
('SF','Small Forward'),
('PF','Power Forward'),
('C','Center');
/*!40000 ALTER TABLE `position` ENABLE KEYS */;
UNLOCK TABLES;

--
-- Table structure for table `team`
--

DROP TABLE IF EXISTS `team`;
/*!40101 SET @saved_cs_client     = @@character_set_client */;
/*!40101 SET character_set_client = utf8 */;
CREATE TABLE `team` (
  `teamID` char(3) NOT NULL,
  `teamName` varchar(64) NOT NULL,
  `homeBase` varchar(64) NOT NULL,
  PRIMARY KEY (`teamID`)
) ENGINE=InnoDB DEFAULT CHARSET=latin1 COLLATE=latin1_swedish_ci;
/*!40101 SET character_set_client = @saved_cs_client */;

--
-- Dumping data for table `team`
--

LOCK TABLES `team` WRITE;
/*!40000 ALTER TABLE `team` DISABLE KEYS */;
INSERT INTO `team` VALUES
('ATL','Atlanta Hawks','Atlanta'),
('BKN','Brooklyn Nets','Brooklyn'),
('BOS','Boston Celtics','Boston'),
('CHA','Charlotte Hornets','Charlotte'),
('CHI','Chicago Bulls','Chicago'),
('CLE','Cleveland Cavaliers','Cleveland'),
('DAL','Dallas Mavericks','Dallas'),
('DEN','Denver Nuggets','Denver'),
('DET','Detroit Pistons','Detroit'),
('GSW','Golden State Warriors','San Francisco'),
('HOU','Houston Rockets','Houston'),
('IND','Indiana Pacers','Indiana'),
('LAC','Los Angeles Clippers','Los Angeles'),
('LAL','Los Angeles Lakers','Los Angeles'),
('MEM','Memphis Grizzlies','Memphis'),
('MIA','Miami Heat','Miami'),
('MIL','Milwaukee Bucks','Milwaukee'),
('MIN','Minnesota Timberwolves','Minnesota'),
('NOP','New Orleans Pelicans','New Orleans'),
('NYK','New York Knicks','New York'),
('OKC','Oklahoma City Thunder','Oklahoma City'),
('ORL','Orlando Magic','Orlando'),
('PHI','Philadelphia 76Ers','Philadelphia'),
('PHX','Phoenix Suns','Phoenix'),
('POR','Portland Trail Blazers','Portland'),
('SAC','Sacramento Kings','Sacramento'),
('SAS','San Antonio Spurs','San Antonio'),
('TOR','Toronto Raptors','Toronto'),
('UTA','Utah Jazz','Utah'),
('WAS','Washington Wizards','Washington');
/*!40000 ALTER TABLE `team` ENABLE KEYS */;
UNLOCK TABLES;

--
-- Final view structure for view `playercolour`
--

/*!50001 DROP VIEW IF EXISTS `playercolour`*/;
/*!50001 SET @saved_cs_client          = @@character_set_client */;
/*!50001 SET @saved_cs_results         = @@character_set_results */;
/*!50001 SET @saved_col_connection     = @@collation_connection */;
/*!50001 SET character_set_client      = utf8mb4 */;
/*!50001 SET character_set_results     = utf8mb4 */;
/*!50001 SET collation_connection      = utf8mb4_general_ci */;
/*!50001 CREATE ALGORITHM=UNDEFINED */
/*!50013 DEFINER=`root`@`localhost` SQL SECURITY DEFINER */
/*!50001 VIEW `playercolour` AS select `player`.`playerID` AS `playerID`,`player`.`playerName` AS `playerName`,`decideColour`(`player`.`overallRating`) AS `colourType` from `player` */;
/*!50001 SET character_set_client      = @saved_cs_client */;
/*!50001 SET character_set_results     = @saved_cs_results */;
/*!50001 SET collation_connection      = @saved_col_connection */;
/*!40103 SET TIME_ZONE=@OLD_TIME_ZONE */;

/*!40101 SET SQL_MODE=@OLD_SQL_MODE */;
/*!40014 SET FOREIGN_KEY_CHECKS=@OLD_FOREIGN_KEY_CHECKS */;
/*!40014 SET UNIQUE_CHECKS=@OLD_UNIQUE_CHECKS */;
/*!40101 SET CHARACTER_SET_CLIENT=@OLD_CHARACTER_SET_CLIENT */;
/*!40101 SET CHARACTER_SET_RESULTS=@OLD_CHARACTER_SET_RESULTS */;
/*!40101 SET COLLATION_CONNECTION=@OLD_COLLATION_CONNECTION */;
/*!40111 SET SQL_NOTES=@OLD_SQL_NOTES */;

-- Dump completed on 2023-07-19 22:33:01
