1,1
1,2
2,3
2,4
2,1
2,2
3,5
3,6
3,7
3,4
4,1
4,8
4,2
6,5
6,9
6,1
6,2
7,7
7,4
7,6
7,2
8,5
8,6
8,2
9,1
9,2
9,3
9,6
10,1
10,2
10,7
10,4
11,5
11,9
11,1
11,8
12,5
12,9
14,5
14,9
14,7
14,4
15,3
15,4
15,5
15,6
16,3
16,4
16,1
16,8
17,5
17,6
17,9
18,5
18,6
18,1
18,2
19,5
19,9
19,6
19,2
21,3
21,4
22,1
22,8
22,6
22,2
23,3
23,6
23,7
23,4
25,3
25,4
25,7
26,3
26,6
26,2
27,3
27,6
29,1
29,8
29,3
29,6
30,1
30,8
31,1
31,8
31,7
31,4
32,5
32,6
33,7
33,4
34,6
34,2
35,12
36,3
36,4
36,6
36,2
37,5
37,9
37,3
37,6
38,5
38,9
38,6
38,2
39,3
39,4
39,5
39,9
40,3
40,4
40,5
40,6
41,1
41,2
41,6
42,7
42,4
42,1
42,8
43,3
43,6
43,4
44,7
44,4
44,3
44,6
45,6
45,2
45,5
46,12
47,12
48,12
49,5
49,6
49,1
49,2
50,3
50,4
50,1
50,2
51,5
51,9
51,6
52,5
52,9
52,1
52,2
53,5
53,6
53,1
53,8
55,1
55,2
55,3
55,6
56,5
56,9
56,1
56,8
58,5
58,9
58,3
58,6
59,5
59,6
59,7
59,4
60,1
60,8
60,3
60,6
61,1
61,2
61,7
61,4
62,5
62,9
62,6
62,2
63,3
63,4
63,7
65,1
65,2
65,3
65,4
66,7
66,4
66,3
75,13
76,5
76,9
76,1
76,8
77,6
77,2
77,3
78,5
78,6
78,1
78,2
79,5
79,9
79,1
79,8
80,5
80,9
80,6
80,2
81,3
81,4
81,5
81,9
82,5
82,9
82,3
82,4
83,7
83,4
83,3
84,5
84,9
84,6
84,2
85,1
85,2
85,6
86,5
86,6
86,9
89,3
89,6
89,5
90,5
90,6
90,9
91,1
91,2
91,3
91,4
92,1
92,2
92,7
92,4
93,3
93,4
93,5
93,6
94,5
94,9
94,3
94,6
95,5
95,9
95,6
95,2
97,1
97,2
97,7
97,4
98,3
98,6
98,4
99,1
99,8
99,3
99,4
100,3
100,4
100,1
100,8
101,1
101,8
101,6
101,2
102,1
102,2
102,3
102,4
103,5
103,6
103,7
103,4
105,1
105,8
105,5
105,9
106,1
106,2
106,3
106,4
107,5
107,9
107,3
107,6
108,6
108,2
108,5
109,5
109,6
109,1
109,2
110,7
110,4
110,3
111,3
111,4
111,1
111,8
111,2
112,3
112,6
112,1
112,8
112,4
113,3
113,4
113,5
113,9
114,5
114,9
114,1
114,2
115,1
115,8
115,5
115,6
116,5
116,6
116,1
116,2
117,1
117,8
117,3
117,6
118,5
118,9
118,1
118,2
119,1
119,2
119,7
119,4
121,3
121,4
121,7
122,5
122,9
122,3
122,4
122,1
122,2
123,3
123,4
123,5
123,9
123,6
123,2
124,6
124,2
124,3
124,4
125,3
125,4
125,7
126,1
126,8
126,3
126,4
127,1
127,8
127,6
127,2
128,3
128,6
128,5
128,9
128,1
128,2
129,3
129,4
129,6
129,2
129,7
130,5
130,9
130,3
130,6
130,2
132,5
132,6
132,7
132,4
132,3
133,9
133,10
134,1
134,8
134,5
134,6
135,1
135,8
135,3
135,6
135,2
136,1
136,2
136,5
136,9
140,3
140,6
140,1
140,8
140,2
141,6
141,2
141,3
141,4
141,5
141,9
142,3
142,4
142,6
142,2
143,7
143,4
143,5
143,9
144,5
144,9
144,3
144,4
145,6
145,2
145,5
145,9
146,6
146,2
146,3
146,4
146,5
146,9
147,6
147,2
147,3
147,4
147,5
147,9
148,5
148,6
149,5
149,6
149,2
150,5
150,6
150,9
150,1
150,2
151,9
151,10
151,5
152,9
152,10
152,3
152,4
154,9
154,10
154,5
154,6
155,9
155,10
155,7
155,4
156,7
156,10
157,3
157,4
157,7
157,10
158,5
158,9
158,7
158,10
160,5
160,6
160,7
160,10
161,7
161,4
161,10
162,12
163,12
164,5
164,6
164,9
165,13
165,5
165,9
166,5
166,9
166,3
166,6
167,1
167,8
167,6
167,2
168,6
168,2
168,5
168,9
169,3
169,4
169,5
169,9
169,6
169,2
170,7
170,4
170,5
170,6
171,1
171,2
171,5
171,9
172,1
172,2
172,5
172,9
173,1
173,2
173,9
173,10
175,3
175,4
175,7
175,10
176,3
176,4
176,7
176,10
176,6
176,2
177,3
177,4
177,7
177,10
177,9
180,9
180,10
180,1
180,8
181,7
181,10
181,9
182,9
182,10
182,13
183,7
183,10
183,1
183,8
184,7
184,10
184,13
185,3
185,6
185,5
185,9
185,10
189,5
189,9
189,6
189,2
191,7
191,4
191,5
191,9
191,6
191,2
192,1
192,2
192,3
192,6
193,5
193,6
193,1
193,2
195,6
195,2
195,1
196,1
196,2
196,8
197,3
197,4
197,5
197,9
197,7
198,5
198,9
198,1
198,2
198,3
198,4
199,6
199,2
199,7
199,4
201,3
201,6
201,2
203,3
203,4
203,5
203,9
203,7
203,10
204,1
204,2
204,3
204,6
204,5
204,9
205,5
205,9
205,6
205,2
205,3
206,1
206,2
206,5
206,6
207,1
207,2
207,5
207,6
207,7
207,4
208,3
208,4
208,5
208,9
208,7
209,7
209,4
209,5
209,9
209,10
210,5
210,6
210,3
210,4
210,7
210,10
212,3
212,4
212,9
212,10
213,5
213,6
213,2
213,9
213,10
214,5
214,6
214,1
214,8
214,2
215,3
215,4
215,6
215,2
216,3
216,4
216,5
216,9
216,1
216,8
217,5
217,6
217,1
217,8
217,2
222,3
222,6
222,7
222,4
223,1
223,8
223,2
223,3
223,4
224,5
224,9
224,6
224,2
225,1
225,2
225,5
225,9
226,5
226,9
226,3
226,4
226,6
227,5
227,6
227,9
227,1
227,2
229,1
229,2
229,7
229,4
230,1
230,2
230,9
230,10
231,3
231,4
231,5
231,9
231,1
231,8
233,5
233,6
233,2
234,7
234,10
234,1
234,2
235,5
235,9
235,1
235,8
236,5
236,9
236,6
237,5
237,9
237,3
237,6
239,5
239,9
239,1
239,8
240,6
240,2
240,1
241,5
241,6
241,1
241,8
242,3
242,4
242,5
242,9
242,6
243,9
243,10
243,5
243,13
244,3
244,4
244,6
244,2
247,5
247,9
247,3
247,6
247,1
247,2
249,7
249,4
249,3
249,6
249,2
250,3
250,6
250,1
250,2
252,6
252,2
252,3
252,7
252,10
253,9
253,10
253,5
254,3
254,4
254,7
254,10
256,1
256,2
256,8
257,1
257,2
257,5
257,6
258,5
258,9
258,1
258,2
258,13
259,5
259,6
259,3
259,4
260,6
260,2
260,1
260,8
261,5
261,9
261,7
261,4
261,1
261,8
262,5
262,9
262,6
262,7
262,10
263,3
263,4
263,6
263,9
263,10
263,2
264,5
264,6
264,7
264,10
264,9
264,4
265,7
265,4
265,5
265,9
265,3
265,6
266,9
266,10
266,6
266,2
266,1
266,8
267,9
267,10
267,6
267,2
267,3
267,4
268,3
268,4
268,6
268,1
268,2
268,8
269,1
269,2
269,8
269,5
269,9
269,7
269,4
270,9
270,10
270,13
271,3
271,4
271,13
272,5
272,6
272,9
272,10
273,5
273,9
273,10
273,1
273,2
274,3
274,4
274,1
274,2
274,13
275,1
275,8
275,9
275,10
285,12
286,7
286,10
286,5
286,6
286,2
287,5
287,6
287,9
287,7
287,10
288,6
288,2
288,1
288,8
289,6
289,2
289,3
289,5
290,1
290,2
290,5
290,6
290,3
290,4
292,1
292,8
292,2
292,5
292,9
304,5
304,9
304,13
304,10
305,5
305,9
305,1
305,8
305,10
306,5
306,9
306,6
306,2
306,7
306,10
307,5
307,9
307,13
307,10
308,5
308,9
308,7
308,10
308,3
308,4
309,5
309,9
309,3
309,6
309,13
310,5
310,9
310,6
310,2
310,1
310,8
311,5
311,9
311,10
311,13
313,1
313,2
313,5
313,9
313,3
313,6
315,3
315,4
315,5
315,9
315,10
316,6
316,2
316,7
316,4
316,10
320,9
320,10
320,3
320,4
320,13
321,3
321,4
321,5
321,9
321,7
321,10
322,6
322,2
322,3
322,7
322,10
323,6
323,2
323,3
323,4
323,13
323,7
323,10
324,1
324,2
324,5
324,6
324,9
324,10
326,5
326,6
326,9
327,5
327,9
327,1
327,2
328,3
328,6
328,1
328,8
328,7
328,4
330,5
330,6
330,9
330,2
331,7
331,4
331,1
331,8
331,9
331,10
333,1
333,8
333,5
333,9
333,13
336,7
336,4
336,6
336,2
336,10
338,5
338,9
339,1
339,2
339,5
339,9
339,13
342,7
342,4
342,3
342,13
343,6
343,2
343,5
343,9
343,7
343,4
344,9
344,10
344,1
344,2
345,5
345,9
345,6
345,2
346,13
346,3
346,4
347,20
347,15
347,19
348,13
348,5
348,6
349,13
349,5
349,9
350,13
350,3
350,4
352,3
352,4
354,7
354,4
354,5
354,9
355,7
355,10
355,9
359,6
359,2
359,7
359,10
360,6
360,2
360,7
360,10
360,13
361,5
361,6
361,3
361,2
362,1
362,2
362,5
362,9
362,10
363,1
363,2
363,5
363,6
363,3
364,9
364,10
364,13
366,15
366,16
366,17
366,18
367,20
367,15
367,16
368,5
368,9
368,10
369,16
369,17
369,15
370,15
370,16
370,19
370,20
371,16
371,17
371,20
371,15
372,16
372,17
372,18
372,19
373,16
373,17
373,18
374,19
374,20
374,17
374,18
376,20
376,15
376,18
376,19
377,15
377,16
377,18
377,19
378,18
378,19
378,20
379,3
379,4
379,5
379,9
379,7
379,10
380,1
380,2
380,3
380,4
380,5
380,6
381,5
381,9
381,1
381,2
381,10
382,3
382,6
382,4
382,9
382,10
383,9
383,10
383,1
383,2
383,5
384,5
384,9
384,7
384,4
384,6
385,5
385,9
385,6
385,10
386,7
386,10
386,6
386,2
386,4
387,12
388,5
388,6
388,2
388,3
388,4
390,3
390,4
390,9
390,10
390,7
391,3
391,4
391,5
391,6
391,1
391,2
392,5
392,6
392,9
392,10
393,5
393,9
393,1
393,2
393,13
394,1
394,2
394,6
394,7
394,10
395,6
395,2
395,1
396,6
396,2
396,9
396,10
397,5
397,6
397,9
397,10
398,12
399,6
399,2
399,5
399,9
399,7
399,4
400,5
400,6
400,9
400,1
400,2
401,17
401,18
401,12
402,3
402,6
402,5
402,9
402,1
402,2
403,6
403,2
403,13
403,7
403,4
403,10
404,9
404,10
404,1
404,2
404,7
405,7
405,10
405,13
405,3
405,6
405,2
406,1
406,8
406,6
406,2
406,3
406,4
407,3
407,4
407,5
407,9
407,6
407,2
408,3
408,4
408,5
408,9
408,7
409,12
411,5
411,6
411,3
411,1
411,2
412,9
412,10
412,5
412,3
412,4
413,6
413,2
413,7
413,10
414,1
414,2
414,3
414,6
414,9
414,10
415,3
415,6
415,7
415,10
415,2
416,3
416,4
416,5
416,9
416,7
416,10
417,5
417,6
417,7
417,4
417,10
418,3
418,4
418,7
418,10
419,5
419,9
419,7
419,4
419,6
419,2
420,7
420,10
420,9
420,3
420,6
420,2
421,7
421,10
421,6
421,2
421,4
421,3
422,3
422,6
422,1
422,8
422,7
422,4
423,12
424,3
424,4
424,6
424,7
424,10
425,12
425,19
425,20
429,12
429,17
429,18
429,6
429,2
430,9
430,10
430,1
430,2
430,3
430,6
431,7
431,4
431,9
431,10
431,13
432,6
432,2
432,12
433,6
433,2
433,3
433,7
433,10
434,1
434,2
434,8
434,9
434,10
436,12
437,1
437,8
437,5
437,6
438,7
438,4
438,3
438,6
439,3
439,6
439,5
440,1
440,2
440,9
440,10
441,1
441,2
441,3
441,6
442,1
442,8
442,5
442,6
442,9
442,10
443,5
443,9
443,6
443,2
445,6
445,2
445,9
445,10
445,1
445,8
446,7
446,10
446,13
446,3
446,4
446,6
446,2
447,13
447,7
447,4
447,1
447,8
447,9
447,10
448,9
448,10
448,1
448,2
448,5
449,6
449,2
449,7
449,4
449,1
450,12
451,1
451,2
451,8
452,3
452,6
452,2
452,5
453,12
454,5
454,9
454,3
454,4
454,7
455,3
455,4
455,6
455,2
455,5
455,9
457,6
457,2
457,1
457,8
457,7
457,10
458,12
459,7
459,4
459,6
459,2
459,3
460,5
460,9
460,10
460,7
460,4
461,5
461,9
461,6
461,10
462,1
462,8
462,3
462,6
462,9
462,10
463,3
463,6
463,5
463,2
464,7
464,10
464,9
464,13
465,7
465,4
465,10
465,1
465,8
466,5
466,9
466,6
466,2
466,7
466,10
467,6
467,2
467,12
468,5
468,9
468,1
468,8
469,3
469,4
469,1
469,8
469,7
469,10
470,13
470,9
470,10
470,1
470,8
471,12
472,5
472,9
472,1
472,2
472,13
474,6
474,2
474,13
474,9
474,10
475,6
475,2
475,12
477,3
477,4
477,7
477,6
477,2
478,9
478,10
478,6
478,2
478,1
478,8
479,12
480,6
480,2
480,12
480,5
481,7
481,4
481,6
481,2
481,10
481,13
483,1
483,8
483,5
483,9
483,2
484,5
484,9
484,3
484,4
484,1
484,2
485,5
485,9
485,1
485,2
485,3
485,4
486,1
486,8
486,2
486,5
486,6
487,5
487,9
487,3
487,4
487,10
488,12
489,12
491,12
491,7
491,10
491,9
492,1
492,8
492,12
492,5
492,9
493,7
493,4
493,12
493,3
493,6
495,1
495,2
495,5
495,9
495,3
495,6
496,12
497,13
497,1
497,8
497,9
497,10
499,6
499,2
499,9
499,10
499,3
500,5
500,9
500,1
500,2
500,10
501,6
501,2
501,12
501,1
502,5
502,6
502,3
502,7
502,10
503,12
504,13
504,3
504,6
504,2
505,9
505,10
505,6
505,2
508,6
508,2
508,5
508,9
508,3
508,4
509,3
509,4
509,12
510,3
510,4
510,6
510,2
510,7
511,9
511,10
511,12
511,13
512,9
512,10
512,13
512,7
512,4
513,3
513,4
513,5
513,9
513,1
513,8
514,1
514,8
514,6
514,2
514,5
515,12
516,1
516,8
516,6
516,2
516,7
516,10
518,6
518,2
518,13
518,5
518,9
519,7
519,4
519,10
519,5
519,6
520,9
520,10
520,12
520,6
520,2
521,12
521,7
521,10
521,1
521,8
522,9
522,10
522,13
522,7
522,4
522,3
522,6
524,5
524,9
524,1
524,2
524,13
525,3
525,4
525,1
525,2
526,5
526,6
526,12
526,1
526,2
528,5
528,9
528,6
528,1
528,2
534,3
534,4
534,6
534,2
534,1
534,8
535,1
535,2
535,3
535,4
535,13
536,3
536,4
536,1
536,2
536,8
537,5
537,6
537,13
537,2
537,3
538,7
538,4
538,1
538,8
538,10
540,13
540,9
540,10
540,1
540,8
540,3
540,4
541,9
541,10
541,6
541,2
541,3
541,4
542,13
542,5
542,6
542,3
542,1
542,2
543,13
543,3
543,4
543,7
543,6
543,2
545,13
545,3
545,6
545,1
545,8
545,2
547,1
547,2
547,13
547,5
547,9
549,7
549,4
549,1
549,8
549,9
549,10
550,5
550,9
550,7
550,4
550,6
550,2
551,1
551,2
551,7
551,10
551,3
551,4
552,3
552,6
552,2
552,7
552,4
553,13
553,3
553,6
553,1
553,8
553,2
554,9
554,10
554,13
554,5
554,6
555,6
555,2
555,1
555,8
555,9
555,10
556,6
556,2
556,12
556,7
556,4
557,1
557,2
557,5
557,9
557,3
557,4
560,7
560,4
560,9
560,10
560,1
560,8
561,1
561,8
561,5
561,6
561,2
562,3
562,6
562,1
562,8
562,7
562,4
563,3
563,6
563,9
563,10
563,1
563,8
564,12
565,7
565,10
565,6
565,2
565,4
565,3
566,13
566,9
566,10
566,3
566,6
566,5
568,3
568,4
568,6
568,1
568,8
570,1
570,2
570,5
570,6
570,13
571,1
571,8
571,9
571,10
573,3
573,6
573,1
573,8
573,2
574,7
574,4
574,9
574,10
574,13
574,5
575,7
575,4
575,12
577,5
577,6
577,13
577,7
577,10
577,3
578,13
578,9
578,10
578,7
578,4
578,5
579,3
579,4
579,9
579,10
579,7
580,1
580,2
580,5
580,9
580,8
581,6
581,2
581,9
581,10
581,13
581,7
582,12
583,1
583,8
583,9
583,10
583,13
586,5
586,6
586,9
586,1
586,2
588,3
588,6
588,5
588,7
588,4
590,6
590,2
590,7
590,4
590,10
590,1
592,13
592,9
592,10
592,1
592,8
596,3
596,6
596,7
596,4
596,1
596,8
597,13
597,6
597,2
597,7
597,4
597,1
597,8
598,5
598,9
598,6
598,2
598,1
599,1
599,8
599,5
599,6
599,3
601,5
601,6
601,1
601,2
601,13
602,6
602,2
602,13
602,3
602,4
602,9
602,10
604,6
604,2
604,7
604,10
604,1
605,1
605,2
605,7
605,10
605,4
606,13
606,12
606,6
606,2
607,1
607,8
607,3
607,4
608,3
608,6
608,7
608,4
609,13
609,7
609,10
609,6
609,2
609,4
612,6
612,2
612,9
612,10
612,13
614,13
614,1
614,2
614,7
614,10
614,6
615,1
615,2
615,3
615,6
616,3
616,6
616,2
618,12
619,3
619,6
619,12
620,5
620,6
620,3
620,1
620,8
621,12
622,12
626,7
626,10
626,6
626,2
626,5
626,9
627,5
627,6
627,1
627,8
627,9
627,10
628,6
628,2
628,7
628,4
628,1
629,6
629,2
629,7
629,10
629,5
629,9
631,12
633,7
633,4
633,9
633,10
633,5
634,12
634,7
634,10
634,3
634,4
635,13
635,3
635,6
636,6
636,2
636,7
636,4
637,13
637,7
637,10
637,1
637,2
638,6
638,2
638,7
638,10
638,1
639,13
639,6
639,2
639,3
639,4
639,5
639,9
640,1
640,2
640,9
640,10
640,5
641,13
641,1
641,2
641,6
644,3
644,4
644,5
644,9
644,7
644,10
645,3
645,6
645,2
645,1
645,8
646,3
646,4
646,7
646,1
646,8
647,1
647,8
647,7
647,4
647,5
647,9
648,12
649,1
649,2
649,5
649,9
649,10
650,6
650,2
650,12
650,7
650,4
651,7
651,10
651,5
651,9
651,3
651,4
652,6
652,2
652,5
652,9
652,1
652,8
655,6
655,2
655,5
655,9
655,7
655,10
656,13
656,5
656,9
656,10
657,6
657,2
657,5
657,9
657,1
657,3
657,4
658,7
658,4
658,6
658,2
658,10
658,13
659,7
659,4
659,1
659,8
659,9
659,10
662,6
662,2
662,1
662,13
663,6
663,2
663,7
663,10
663,3
663,4
664,3
664,4
664,1
664,8
664,5
664,9
665,3
665,4
665,12
666,6
666,2
666,7
666,10
666,9
666,1
667,6
667,2
667,5
667,9
667,7
667,10
668,7
668,4
668,9
668,10
668,13
670,13
670,5
670,9
671,3
671,4
671,12
672,7
672,4
672,6
672,2
672,3
673,6
673,2
673,7
673,10
673,4
673,1
673,8
674,5
674,6
674,3
674,9
674,10
674,7
675,12
676,1
676,2
676,7
676,4
676,8
677,5
677,6
677,3
677,4
677,2
679,3
679,6
679,1
679,8
679,5
680,5
680,6
680,13
680,7
680,4
681,9
681,10
681,13
681,1
681,8
681,2
682,7
682,10
682,1
682,2
682,4
682,9
683,3
683,6
683,13
683,5
683,9
684,3
684,4
684,12
685,3
685,4
685,13
687,13
687,3
687,6
687,5
687,9
687,7
687,4
688,7
688,4
688,9
688,10
688,3
689,3
689,4
689,7
689,10
689,5
689,9
690,7
690,4
690,6
690,2
690,3
691,1
691,8
691,9
691,10
691,5
691,6
692,12
693,5
693,6
693,3
693,9
693,10
694,7
694,4
694,12
695,5
695,9
695,12
698,13
698,9
698,10
698,1
698,8
698,7
699,7
699,10
699,4
700,1
700,8
700,9
700,10
700,2
701,3
701,6
701,7
701,4
701,1
701,2
702,7
702,4
702,12
702,3
703,6
703,2
703,1
703,8
703,7
703,4
703,3
704,9
704,10
704,13
704,6
704,2
706,7
706,4
706,12
706,10
707,5
707,9
707,12
707,1
707,2
708,7
708,10
708,4
708,1
708,8
709,13
709,6
709,2
709,1
709,5
711,13
711,9
711,10
711,1
711,2
711,5
711,6
712,5
712,6
712,3
712,4
713,1
713,8
713,9
713,10
713,3
713,6
714,7
714,4
714,12
714,10
716,12
716,3
716,4
716,5
716,6
716,9
717,12
717,9
717,10
717,7
717,1
717,2
718,12
718,9
718,10
718,6
718,2
718,3
718,4
719,1
719,2
719,12
720,9
720,10
720,3
720,6
720,7
720,4
720,1
720,8
722,7
722,4
722,3
722,6
722,2
723,5
723,9
723,13
723,6
723,2
724,1
724,2
724,8
724,6
725,6
725,2
725,1
725,8
725,5
725,7
725,4
727,6
727,2
727,3
727,4
727,7
727,10
728,7
728,10
728,6
728,2
728,3
728,5
729,6
729,2
729,9
729,10
729,7
729,4
729,3
730,13
730,6
730,2
730,3
730,4
730,7
731,12
731,9
731,10
731,6
731,2
731,1
732,13
732,9
732,10
732,1
732,8
732,2
733,5
733,9
733,1
733,2
734,3
734,4
734,5
734,6
735,5
735,6
735,1
735,2
736,1
736,2
736,8
736,5
736,6
738,7
738,4
738,6
738,2
738,9
738,10
740,9
740,10
740,13
740,1
740,8
741,7
741,10
741,12
741,4
742,7
742,4
742,6
742,2
742,1
742,8
743,7
743,4
743,9
743,10
743,5
743,6
744,12
744,6
744,2
744,7
744,4
744,10
745,9
745,10
745,1
745,8
745,13
745,3
745,6
746,9
746,10
746,12
746,1
746,8
747,13
747,5
747,9
748,12
748,6
748,2
748,3
748,5
748,9
749,12
749,9
749,10
749,3
749,4
749,1
749,2
750,12
750,9
750,10
750,1
750,8
750,19
750,20
751,3
751,4
751,5
751,9
751,6
751,2
751,13
752,13
752,3
752,4
752,7
752,10
753,13
753,1
753,2
753,5
753,6
753,3
754,13
754,1
754,8
754,9
754,10
754,6
754,2
755,13
755,12
757,3
757,6
757,7
757,4
757,2
758,1
758,8
758,6
758,2
758,7
758,10
759,9
759,10
759,5
759,6
759,1
759,2
760,3
760,6
760,2
760,5
761,6
761,2
761,5
761,9
761,1
762,5
762,6
762,7
762,4
762,1
762,2
763,7
763,4
763,12
763,9
763,10
764,1
764,2
764,5
764,9
764,13
765,1
765,8
765,7
765,4
765,6
765,2
765,10
766,12
766,6
766,2
766,5
766,9
766,1
766,8
767,13
767,1
767,2
767,5
767,9
768,12
768,6
768,2
768,7
768,10
768,3
768,4
769,5
769,9
769,6
769,10
769,1
769,2
770,12
770,6
770,2
770,7
770,10
771,12
771,3
771,4
771,6
771,2
771,7
771,10
773,1
773,8
773,9
773,10
773,2
773,13
774,12
774,3
774,6
774,5
774,9
776,3
776,6
776,5
776,9
776,12
777,12
777,3
777,4
777,5
777,9
777,13
778,12
778,3
778,4
778,6
779,5
779,6
779,3
779,4
781,3
781,6
781,7
781,4
781,13
782,12
782,9
782,10
782,1
782,8
782,2
783,5
783,9
783,1
783,2
783,10
784,5
784,9
784,7
784,10
786,3
786,4
786,12
786,6
786,2
787,5
787,6
787,3
787,4
787,2
788,1
788,2
788,6
788,9
788,10
788,5
789,1
789,8
789,9
789,10
789,6
789,2
789,7
789,4
791,7
791,4
791,3
791,6
791,10
792,6
792,2
792,7
792,10
792,5
794,9
794,10
794,7
794,4
794,13
794,6
794,2
795,1
795,2
795,12
795,13
795,7
795,10
796,12
796,1
796,2
796,3
796,6
797,12
797,3
797,4
797,6
797,2
799,5
799,9
799,10
799,13
799,7
799,4
800,3
800,6
800,2
800,13
800,7
800,10
801,7
801,4
801,1
801,8
802,6
802,2
802,1
802,8
802,13
803,7
803,10
803,4
803,3
804,12
804,1
804,8
804,7
804,4
804,3
805,11
805,3
805,6
806,11
806,5
806,9
807,11
807,3
807,4
808,11
808,5
808,9
808,3
808,4
809,11
809,5
809,9
809,3
809,4
809,7
809,10
810,11
810,5
810,6
811,11
811,1
811,2
812,11
812,1
812,8
813,11
813,3
813,6
815,11
815,6
815,2
816,11
816,9
816,10
818,11
818,9
818,10
819,11
819,1
819,8
820,11
820,7
820,4
821,11
821,9
821,10
821,5
821,6
823,11
823,12
823,3
823,6
823,7
823,4
824,11
824,1
824,8
824,7
824,10
824,6
824,2
825,11
825,3
825,4
825,6
825,2
826,11
826,1
826,8
826,7
826,10
827,7
827,10
827,4
827,3
827,6
827,2
828,6
828,2
828,13
828,12
828,11
829,7
829,10
829,6
829,2
829,5
829,3
832,11
832,1
832,2
832,9
832,10
833,9
833,10
833,6
833,2
833,5
833,3
833,4
834,5
834,9
834,7
834,4
834,6
834,2
834,10
835,3
835,4
835,9
835,10
835,5
836,3
836,6
836,5
836,7
836,4
837,5
837,9
837,1
837,2
837,7
837,10
838,5
838,6
838,1
838,2
838,9
839,6
839,2
839,3
839,5
839,9
840,9
840,10
840,7
840,4
840,3
841,7
841,4
841,6
841,2
841,5
841,9
842,3
842,4
842,6
842,2
842,9
842,10
843,1
843,2
843,6
843,9
843,10
844,5
844,6
844,1
844,2
844,7
844,4
844,3
845,13
845,7
845,4
845,6
845,2
845,1
848,9
848,10
848,5
848,6
848,13
849,3
849,4
849,1
849,8
849,7
850,9
850,10
850,1
850,8
850,7
850,4
851,6
851,2
851,5
851,1
851,8
851,7
851,4
852,12
852,7
852,10
852,1
852,8
852,4
853,7
853,4
853,13
853,6
853,2
856,7
856,10
856,3
856,4
856,5
856,9
857,5
857,6
857,1
857,2
857,8
858,9
858,10
858,13
858,1
858,2
858,5
858,6
859,7
859,10
859,1
859,2
859,9
860,7
860,10
860,4
860,5
860,6
860,9
861,7
861,10
861,5
861,9
861,3
861,4
862,6
862,2
862,1
862,8
862,3
864,7
864,10
864,9
864,4
864,6
864,2
865,12
865,11
865,13
866,7
866,10
866,5
866,9
866,4
867,1
867,8
867,12
867,7
867,10
868,5
868,6
868,1
868,2
868,13
869,7
869,4
869,1
869,8
869,9
869,10
870,7
870,10
870,6
870,2
870,3
870,4
871,7
871,10
871,6
871,2
871,1
871,12
872,9
872,10
872,13
872,5
872,6
873,13
873,1
873,2
873,6
873,8
874,12
874,7
874,4
874,1
874,8
874,9
874,10
875,13
875,3
875,4
875,9
875,10
875,15
875,16
876,7
876,10
876,6
876,2
876,9
877,11
877,1
877,8
878,11
878,13
879,11
880,7
880,10
880,13
880,3
880,4
881,5
881,6
881,9
881,10
881,3
882,6
882,2
882,3
882,4
882,1
882,8
884,5
884,9
884,7
884,4
884,10
885,12
885,5
885,6
885,2
885,7
885,10
887,7
887,10
887,1
887,8
887,9
888,5
888,9
888,6
888,2
888,13
889,5
889,9
889,10
889,7
890,12
890,6
890,2
890,7
890,4
890,10
891,11
891,12
892,6
892,2
892,5
892,12
892,9
893,7
893,10
893,5
893,9
893,12
894,13
894,7
894,10
894,9
894,6
894,2
895,3
895,6
895,13
895,1
895,2
895,8
896,7
896,4
896,12
896,6
896,2
896,5
896,9
897,6
897,2
897,9
897,10
897,12
897,7
897,4
898,9
898,10
898,13
898,11
898,6
898,2
899,13
899,11
899,5
899,9
899,6
900,9
900,10
900,13
900,5
900,6
900,7
900,4
908,11
908,3
908,4
909,9
909,10
909,1
909,8
909,18
909,19
911,9
911,10
911,5
911,6
911,1
911,2
911,8
912,11
912,1
912,2
912,9
912,10
912,5
912,6
913,1
913,8
913,12
913,3
913,4
914,11
914,5
914,9
915,9
915,10
915,3
915,6
915,11
917,13
917,12
917,5
917,6
917,15
917,16
919,9
919,10
919,3
919,4
919,5
919,6
919,7
920,5
920,9
920,7
920,10
920,11
921,7
921,4
921,12
921,9
921,10
921,6
921,2
922,11
922,5
922,6
922,7
922,4
922,2
923,20
923,15
923,9
923,10
923,13
923,1
923,2
924,7
924,4
924,5
924,9
924,1
924,2
925,1
925,2
925,5
925,6
925,9
926,6
926,2
926,9
926,10
926,7
926,5
927,9
927,10
927,13
927,3
927,4
927,1
927,8
928,13
928,9
928,10
928,3
928,6
929,1
929,8
929,7
929,4
929,6
929,2
929,12
931,1
931,2
931,13
931,6
931,3
931,4
932,11
932,3
932,6
932,7
932,4
933,11
933,7
933,10
933,1
933,2
933,8
935,6
935,2
935,5
935,9
935,7
935,4
939,7
939,4
939,1
939,8
940,12
940,7
940,4
940,1
940,8
940,6
940,2
941,6
941,2
941,1
941,5
941,9
941,3
941,4
942,7
942,10
942,3
942,6
942,12
942,9
944,5
944,6
944,11
945,5
945,9
945,3
945,4
945,6
945,2
946,7
946,4
946,10
946,12
946,1
946,8
947,6
947,2
947,1
947,7
947,10
948,5
948,9
948,6
948,2
951,9
951,10
951,1
951,2
951,5
951,6
952,11
952,7
952,4
952,12
952,3
952,6
954,12
954,6
954,2
954,5
954,9
954,19
954,20
955,7
955,10
955,4
955,9
956,12
956,7
956,4
956,3
956,6
956,2
957,7
957,10
957,11
957,5
957,6
957,1
957,2
959,7
959,10
959,9
959,4
960,6
960,2
960,7
960,4
960,10
961,1
961,8
961,3
961,4
961,9
961,10
961,2
962,6
962,2
962,3
962,13
962,12
964,7
964,4
964,12
964,1
964,8
964,3
965,12
965,3
965,4
965,1
965,8
965,9
965,10
966,12
966,1
966,2
966,5
966,9
966,7
966,4
967,9
967,10
967,3
967,4
967,1
967,8
968,17
968,18
968,12
968,13
968,11
969,12
969,6
969,2
969,7
969,4
969,11
971,5
971,9
971,10
971,13
971,16
971,17
972,1
972,2
972,7
972,10
972,12
972,4
973,1
973,2
973,9
973,10
973,7
974,13
974,1
974,2
974,8
974,5
974,9
975,6
975,2
975,5
975,9
975,10
975,13
976,13
976,1
976,2
976,5
976,6
977,12
977,3
977,4
977,1
977,2
977,7
977,10
978,12
978,13
978,1
978,2
978,9
978,10
979,12
979,6
979,2
979,7
979,4
979,9
979,10
980,1
980,8
980,3
980,6
980,5
980,9
980,13
981,5
981,9
981,13
981,7
981,4
981,3
981,6
983,12
983,13
983,7
983,4
983,5
983,9
984,12
984,7
984,10
984,6
984,2
984,3
985,19
985,20
985,3
985,4
985,12
985,6
985,2
987,6
987,2
987,5
987,9
987,1
988,5
988,6
988,2
988,1
988,3
988,4
989,12
989,1
989,8
989,7
989,10
989,4
992,12
992,6
992,2
992,9
992,10
992,7
993,3
993,6
993,2
993,5
993,9
997,9
997,10
997,6
997,2
997,1
998,13
998,6
998,2
998,9
998,10
998,3
998,4
999,13
999,9
999,10
999,3
999,6
1000,1
1000,2
1000,11
1000,9
1000,10
1003,5
1003,9
1003,1
1003,8
1003,6
1003,2
1004,6
1004,2
1004,5
1004,9
1004,11
1006,12
1006,7
1006,4
1006,6
1006,2
1006,1
1006,8
1008,3
1008,4
1008,5
1008,9
1008,12
1008,7
1008,10
1009,1
1009,2
1009,7
1009,4
1009,5
1009,9
1009,11
1010,5
1010,9
1010,6
1010,13
1011,9
1011,10
1011,1
1011,8
1011,3
1011,6
1011,7
1011,4
1012,11
1012,1
1012,8
1012,6
1012,2
1012,12
1013,5
1013,9
1013,3
1013,4
1013,10
1013,7
1014,3
1014,4
1014,11
1014,7
1014,10
1014,12
1015,5
1015,6
1015,1
1015,2
1015,13
1017,6
1017,2
1017,12
1017,9
1017,10
1017,13
1018,12
1018,3
1018,4
1018,6
1018,1
1018,2
1021,3
1021,6
1021,7
1021,10
1021,4
1021,11
1022,13
1022,1
1022,2
1022,8
1022,5
1022,9
1023,9
1023,10
1023,3
1023,4
1023,5
1023,6
1024,1
1024,2
1024,3
1024,4
1024,5
1024,9
1025,7
1025,4
1025,5
1025,6
1025,1
1025,8
1025,2
1026,7
1026,10
1026,12
1026,13
1026,11
1027,11
1027,5
1027,9
1027,6
1027,7
1027,10
1028,9
1028,10
1028,12
1028,1
1028,8
1028,7
1029,13
1029,7
1029,4
1029,3
1029,5
1029,6
1030,7
1030,10
1030,11
1030,3
1030,4
1031,3
1031,6
1031,12
1031,5
1031,7
1031,10
1033,12
1033,3
1033,6
1033,2
1033,5
1035,6
1035,2
1035,1
1035,8
1035,7
1035,10
1035,3
1035,4
1036,7
1036,4
1036,13
1036,3
1036,6
1036,2
1038,3
1038,4
1038,6
1038,2
1038,1
1038,8
1041,3
1041,4
1041,12
1041,9
1041,10
1041,1
1041,8
1042,3
1042,4
1042,6
1042,2
1042,1
1042,8
1042,7
1042,10
1043,3
1043,4
1043,9
1043,10
1043,13
1044,7
1044,10
1044,13
1044,1
1044,2
1044,12
1046,1
1046,2
1046,9
1046,10
1046,5
1046,6
1047,3
1047,6
1047,7
1047,4
1047,10
1047,9
1048,12
1048,1
1048,2
1048,5
1048,9
1048,6
1049,13
1049,6
1049,2
1049,3
1049,4
1050,5
1050,9
1050,1
1050,2
1050,10
1050,6
1051,12
1051,5
1051,6
1051,3
1051,9
1051,10
1052,13
1052,5
1052,6
1052,1
1052,8
1052,9
1053,1
1053,2
1053,5
1053,6
1055,11
1055,3
1055,4
1055,7
1055,10
1056,3
1056,4
1056,6
1056,2
1056,12
1056,19
1056,20
1058,6
1058,2
1058,5
1058,9
1058,11
1058,7
1058,4
1059,12
1059,6
1059,2
1059,3
1059,1
1059,8
1060,6
1060,2
1060,3
1060,4
1060,7
1060,10
1063,3
1063,4
1063,9
1063,10
1063,5
1065,5
1065,9
1065,1
1065,2
1065,7
1065,10
1066,11
1066,6
1066,2
1066,7
1066,4
1066,5
1066,9
1067,7
1067,4
1067,3
1067,6
1067,5
1067,9
1067,10
1068,13
1068,1
1068,2
1068,12
1068,9
1068,10
1070,3
1070,6
1070,13
1070,1
1070,2
1072,3
1072,4
1072,13
1072,9
1072,10
1074,13
1074,6
1074,2
1074,7
1074,10
1074,4
1075,12
1075,5
1075,9
1075,10
1075,7
1075,4
1076,1
1076,8
1076,5
1076,6
1076,3
1076,4
1077,6
1077,2
1077,12
1077,5
1077,1
1078,1
1078,2
1078,13
1078,3
1078,6
1078,4
1079,6
1079,2
1079,5
1079,9
1079,1
1079,8
1080,12
1080,9
1080,10
1080,5
1080,6
1080,1
1080,8
1081,7
1081,4
1081,10
1081,5
1081,6
1081,2
1082,12
1082,9
1082,10
1082,3
1082,4
1082,20
1082,15
1083,12
1083,13
1083,3
1083,4
1084,3
1084,4
1084,13
1084,9
1084,10
1084,1
1084,8
1085,3
1085,6
1085,13
1085,9
1085,10
1085,5
1086,9
1086,10
1086,13
1086,5
1087,13
1087,5
1087,9
1087,1
1087,2
1087,7
1087,4
1090,12
1090,5
1090,9
1090,7
1090,10
1090,6
1090,2
1092,6
1092,2
1092,5
1093,6
1093,2
1093,3
1093,4
1093,5
1093,9
1093,1
1094,7
1094,10
1094,5
1094,6
1094,1
1094,2
1095,13
1095,7
1095,10
1095,5
1095,6
1096,1
1096,2
1096,12
1096,5
1096,6
1096,13
1097,1
1097,8
1097,5
1097,9
1097,7
1097,4
1097,13
1098,11
1098,3
1098,6
1098,7
1098,4
1098,10
1099,1
1099,2
1099,5
1099,9
1099,7
1099,10
1100,12
1100,5
1100,6
1100,1
1100,8
1100,13
1102,11
1102,5
1102,9
1103,12
1103,3
1103,4
1103,9
1103,10
1103,1
1103,2
1105,5
1105,9
1105,6
1106,6
1106,2
1106,5
1106,9
1106,7
1106,10
1107,7
1107,10
1107,3
1107,4
1107,5
1107,9
1107,6
1107,2
1108,12
1108,1
1108,2
1108,7
1108,10
1108,3
1108,4
1110,11
1110,3
1110,4
1118,5
1118,6
1118,2
1118,3
1119,12
1119,6
1119,2
1119,7
1119,10
1119,1
1119,8
1120,3
1120,6
1120,5
1120,9
1120,7
1120,10
1121,7
1121,10
1121,5
1121,9
1121,6
1121,2
1121,1
1122,7
1122,4
1122,1
1122,8
1122,6
1122,2
1122,12
1123,7
1123,4
1123,6
1123,2
1123,1
1123,8
1123,10
1124,1
1124,8
1124,7
1124,10
1125,7
1125,4
1125,5
1125,9
1125,1
1125,8
1126,5
1126,6
1126,9
1126,10
1126,1
1126,2
1126,7
1127,5
1127,9
1127,6
1127,2
1127,3
1127,4
1127,7
1127,10
1128,5
1128,6
1128,9
1128,10
1128,1
1128,2
1129,1
1129,2
1129,13
1129,9
1129,10
1129,3
1129,4
1130,1
1130,8
1130,13
1130,9
1130,10
1130,7
1130,4
1131,7
1131,10
1131,4
1131,3
1131,5
1131,9
1132,7
1132,4
1132,10
1132,3
1132,6
1132,2
1133,5
1133,6
1133,9
1135,9
1135,10
1135,13
1135,1
1135,2
1135,5
1135,6
1136,5
1136,9
1136,1
1136,2
1136,8
1137,12
1137,5
1137,6
1137,7
1137,4
1137,9
1138,13
1138,3
1138,4
1138,9
1138,10
1138,7
1139,5
1139,9
1139,13
1139,6
1139,1
1139,2
1140,13
1140,3
1140,6
1140,2
1140,7
1140,4
1142,5
1142,6
1142,3
1142,4
1142,9
1143,13
1143,1
1143,8
1143,2
1143,7
1143,4
1144,16
1144,17
1144,12
1144,9
1144,10
1144,7
1145,12
1145,7
1145,4
1145,3
1145,6
1145,10
1146,11
1146,5
1146,9
1146,1
1146,2
1146,3
1146,4
1147,13
1147,7
1147,4
1147,3
1147,6
1147,1
1147,8
1148,7
1148,4
1148,1
1148,8
1148,5
1148,6
1148,9
1148,10
1149,12
1149,7
1149,4
1149,3
1149,1
1149,8
1150,9
1150,10
1150,5
1150,3
1150,6
1150,7
1150,4
1151,14
1152,5
1152,9
1152,6
1152,1
1152,2
1155,6
1155,2
1155,7
1155,10
1155,12
1159,7
1159,4
1159,3
1159,9
1159,10
1159,1
1159,8
1160,13
1160,9
1160,10
1160,1
1160,8
1160,7
1160,4
1163,1
1163,2
1163,12
1163,7
1163,4
1163,3
1163,6
1164,12
1164,7
1164,4
1164,5
1164,9
1164,6
1165,3
1165,6
1165,1
1165,2
1165,5
1167,6
1167,2
1167,7
1167,4
1167,3
1167,1
1167,8
1168,9
1168,10
1168,13
1168,7
1168,3
1168,4
1169,6
1169,2
1169,7
1169,4
1169,1
1169,8
1169,3
1170,6
1170,2
1170,11
1170,7
1170,10
1170,4
1171,5
1171,9
1171,13
1171,10
1171,3
1171,4
1172,6
1172,2
1172,13
1172,5
1172,7
1172,4
1173,3
1173,4
1173,7
1173,10
1173,1
1173,2
1173,8
1174,1
1174,2
1174,9
1174,10
1174,5
1175,9
1175,10
1175,13
1175,3
1175,4
1175,1
1175,8
1176,6
1176,2
1176,11
1176,1
1176,5
1176,9
1182,7
1182,10
1182,12
1182,6
1182,2
1182,3
1182,4
1183,9
1183,10
1183,12
1183,1
1183,2
1184,12
1184,7
1184,4
1184,3
1184,6
1184,5
1184,9
1185,7
1185,4
1185,6
1185,2
1185,5
1185,9
1186,14
1186,3
1186,4
1187,14
1187,5
1187,6
1189,12
1189,9
1189,10
1189,3
1189,4
1189,5
1190,13
1190,1
1190,8
1190,7
1190,4
1190,3
1190,6
1192,11
1192,3
1192,4
1192,5
1192,9
1192,7
1192,10
1193,12
1193,11
1193,9
1193,10
1193,3
1193,4
1196,13
1196,9
1196,10
1196,7
1196,4
1196,5
1196,6
1199,12
1199,7
1199,10
1199,4
1202,12
1202,3
1202,6
1202,7
1202,10
1202,4
1206,12
1206,7
1206,4
1206,6
1206,2
1206,10
1211,12
1211,9
1211,10
1211,5
1211,6
1213,14
1213,3
1213,6
1213,4
1214,13
1214,7
1214,10
1214,9
1214,1
1214,2
1221,13
1221,9
1221,10
1221,7
1221,4
1221,1
1221,8
1223,9
1223,10
1223,7
1223,12
1223,1
1223,2
1224,12
1224,9
1224,10
1224,5
1224,6
1224,1
1224,2
1225,14
1225,1
1225,8
1225,2
1225,7
1225,4
1226,13
1226,3
1226,6
1226,5
1226,9
1226,10
1227,14
1227,7
1227,10
1227,3
1227,4
1227,5
1227,9
1228,7
1228,10
1228,4
1228,5
1228,6
1228,2
1229,3
1229,6
1229,13
1229,1
1229,2
1230,3
1230,6
1230,9
1230,10
1230,13
1230,11
1231,16
1231,17
1231,13
1231,9
1231,10
1231,3
1231,6
1232,16
1232,17
1232,12
1232,9
1232,10
1232,5
1233,16
1233,17
1233,13
1233,9
1233,10
1233,5
1233,6
1235,16
1235,17
1235,12
1235,9
1235,10
1235,1
1235,2
1236,16
1236,17
1236,9
1236,10
1236,3
1236,4
1237,6
1237,2
1237,7
1237,10
1237,1
1237,5
1237,9
1238,1
1238,8
1238,12
1238,5
1238,6
1238,7
1238,4
1239,12
1239,7
1239,10
1239,3
1239,6
1239,5
1239,9
1241,13
1241,1
1241,8
1241,7
1241,4
1241,3
1242,11
1242,3
1242,4
1242,5
1242,9
1242,6
1243,6
1243,2
1243,5
1243,9
1244,5
1244,6
1244,9
1244,10
1244,13
1244,3
1246,12
1246,7
1246,4
1246,9
1246,10
1246,1
1246,8
1247,7
1247,10
1247,4
1247,6
1247,2
1247,3
1251,6
1251,2
1251,12
1251,3
1251,4
1251,1
1251,8
1252,7
1252,10
1252,12
1252,1
1252,8
1252,5
1252,9
1255,3
1255,6
1255,14
1255,2
1255,13
1257,3
1257,6
1257,5
1257,9
1257,1
1257,8
1257,7
1257,4
1258,3
1258,6
1258,1
1258,2
1258,5
1259,7
1259,4
1259,9
1259,10
1259,3
1259,5
1260,7
1260,10
1260,6
1260,2
1260,3
1260,4
1260,1
1263,11
1263,7
1263,10
1263,6
1263,2
1263,3
1263,4
1264,11
1264,6
1264,2
1264,3
1264,4
1264,5
1267,3
1267,6
1267,9
1267,10
1267,5
1267,1
1267,2
1268,12
1268,13
1268,9
1268,10
1268,5
1268,6
1272,1
1272,8
1272,12
1272,6
1272,2
1273,12
1273,9
1273,10
1273,3
1273,4
1273,1
1273,8
1275,1
1275,8
1275,6
1275,2
1275,7
1275,4
1275,3
1277,9
1277,10
1277,11
1277,7
1277,4
1279,9
1279,10
1279,12
1279,5
1279,6
1279,3
1279,4
1280,9
1280,10
1280,1
1280,8
1280,2
1280,5
1288,12
1288,5
1288,9
1288,3
1288,4
1288,10
1292,9
1292,10
1292,1
1292,2
1292,5
1292,6
1292,12
1293,1
1293,2
1293,5
1293,6
1293,9
1294,1
1294,8
1294,3
1294,4
1294,5
1294,9
1294,2
1295,13
1295,6
1295,2
1295,3
1295,4
1296,9
1296,10
1296,14
1296,5
1296,6
1296,1
1296,2
1297,13
1297,14
1297,1
1297,2
1297,5
1297,9
1298,6
1298,2
1298,12
1298,1
1298,7
1298,10
1300,13
1300,9
1300,10
1300,3
1300,4
1300,6
1301,3
1301,4
1301,5
1301,9
1301,10
1301,1
1301,2
1302,3
1302,6
1302,5
1302,2
1302,1
1303,3
1303,4
1303,6
1303,2
1303,5
1303,9
1303,7
1303,10
1304,3
1304,6
1304,9
1304,10
1304,5
1304,1
1304,8
1306,1
1306,2
1306,11
1306,9
1306,10
1307,9
1307,10
1307,12
1307,5
1307,6
1307,1
1307,2
1309,1
1309,2
1309,5
1309,6
1309,9
1309,10
1311,1
1311,2
1311,5
1311,9
1311,6
1311,10
1317,14
1317,7
1317,10
1317,1
1317,8
1317,5
1317,6
1319,9
1319,10
1319,12
1319,1
1319,2
1319,3
1319,4
1321,12
1321,3
1321,4
1321,1
1321,8
1321,2
1322,6
1322,2
1322,12
1322,1
1322,8
1322,3
1322,4
1323,1
1323,2
1323,5
1323,6
1323,3
1323,4
1323,9
1323,10
1333,12
1333,6
1333,2
1333,3
1333,4
1333,7
1333,10
1334,11
1334,3
1334,4
1334,5
1334,9
1334,13
1335,13
1335,9
1335,10
1335,7
1335,4
1335,3
1336,11
1336,3
1336,6
1336,7
1336,4
1338,11
1338,14
1338,5
1338,6
1338,1
1338,2
1339,11
1339,5
1339,9
1339,1
1339,2
1339,13
1340,11
1340,1
1340,8
1340,7
1340,4
1340,9
1340,10
1341,11
1341,6
1341,2
1341,5
1341,13
1342,11
1342,7
1342,10
1342,6
1342,2
1342,13
1345,20
1345,15
1345,3
1345,4
1345,9
1345,10
1345,1
1345,2
1348,3
1348,4
1348,13
1348,9
1348,10
1348,7
1349,9
1349,10
1349,5
1349,6
1349,1
1349,2
1350,3
1350,4
1350,1
1350,8
1350,9
1350,10
1350,7
1352,5
1352,6
1352,12
1352,7
1352,4
1356,19
1356,20
1356,12
1356,5
1356,6
1356,9
1356,10
1360,6
1360,2
1360,14
1360,5
1360,7
1360,10
1362,9
1362,10
1362,13
1362,5
1362,1
1362,2
1363,16
1363,17
1363,9
1363,10
1363,1
1363,8
1363,3
1363,4
1364,7
1364,10
1364,9
1364,4
1365,6
1365,2
1365,7
1365,4
1365,10
1365,3
1366,5
1366,6
1366,2
1366,12
1366,3
1368,1
1368,8
1368,9
1368,10
1368,11
1368,3
1368,6
1369,3
1369,4
1369,1
1369,8
1369,13
1369,7
1369,10
1371,3
1371,4
1371,12
1371,5
1371,6
1371,9
1371,10
1372,3
1372,4
1372,9
1372,10
1372,14
1372,6
1372,2
1374,1
1374,2
1374,7
1374,10
1374,3
1374,6
1374,13
1385,12
1385,11
1385,6
1385,2
1385,5
1391,17
1391,18
1391,7
1391,10
1391,4
1400,1
1400,2
1400,7
1400,10
1400,4
1400,12
1401,12
1401,7
1401,10
1401,9
1401,13
1402,7
1402,10
1402,12
1402,1
1402,8
1402,3
1402,4
1404,5
1404,6
1404,9
1404,7
1404,4
1404,14
1406,14
1406,12
1406,9
1406,10
1406,3
1406,4
1410,5
1410,9
1410,6
1410,2
1410,1
1410,8
1411,19
1411,20
1411,1
1411,8
1411,9
1411,10
1411,13
1412,6
1412,2
1412,1
1412,3
1412,4
1412,7
1412,10
1413,7
1413,4
1413,3
1413,6
1413,2
1413,12
1416,6
1416,2
1416,7
1416,4
1416,3
1416,11
1422,5
1422,6
1422,7
1422,4
1422,10
1423,5
1423,9
1423,3
1423,4
1423,7
1423,10
1423,13
1425,14
1425,12
1425,6
1425,2
1425,5
1425,9
1426,13
1426,6
1426,2
1426,3
1426,4
1426,5
1427,3
1427,4
1427,9
1427,10
1427,1
1427,2
1428,3
1428,6
1428,5
1428,9
1428,7
1428,4
1428,1
1428,8
1429,14
1429,7
1429,10
1430,1
1430,2
1431,1
1431,2
1431,7
1431,10
1431,12
1431,3
1431,6
1433,1
1433,2
1433,15
1433,16
1433,7
1433,10
1433,9
1435,7
1435,10
1435,11
1435,3
1435,4
1435,1
1435,8
1436,12
1436,6
1436,2
1436,7
1436,10
1436,3
1436,4
1438,12
1438,5
1438,6
1438,2
1438,9
1439,7
1439,10
1439,4
1439,3
1439,6
1439,2
1441,7
1441,10
1441,4
1441,3
1441,6
1441,9
1442,6
1442,2
1442,3
1442,11
1442,7
1442,10
1447,7
1447,10
1447,3
1447,6
1447,11
1447,2
1448,14
1448,12
1448,3
1448,4
1448,5
1448,9
1451,14
1451,12
1451,16
1451,17
1451,9
1451,10
1453,1
1453,2
1453,3
1453,6
1453,20
1453,15
1454,9
1454,10
1454,3
1454,4
1454,1
1454,8
1454,5
1454,6
1455,13
1455,9
1455,10
1455,12
1455,3
1455,4
1456,5
1456,6
1456,3
1456,4
1456,1
1456,8
1456,9
1457,14
1457,1
1457,8
1457,12
1457,7
1457,4
1459,13
1459,3
1459,6
1459,4
1459,1
1459,8
1465,5
1465,6
1465,1
1465,8
1465,7
1465,4
1465,9
1465,10
1466,9
1466,10
1466,3
1466,4
1466,1
1466,8
1466,5
1466,6
1467,5
1467,6
1467,3
1467,9
1467,10
1468,1
1468,2
1468,7
1468,4
1468,8
1469,3
1469,4
1469,1
1469,2
1469,8
1471,14
1471,1
1471,8
1471,7
1471,4
1471,3
1471,6
1472,1
1472,8
1472,9
1472,10
1472,3
1472,6
1475,12
1475,6
1475,2
1475,7
1475,10
1475,3
1475,4
1476,14
1476,1
1476,2
1476,5
1476,6
1476,11
1477,13
1477,3
1477,4
1477,7
1477,10
1477,11
1478,13
1478,12
1478,6
1478,2
1478,3
1479,1
1479,2
1479,14
1479,12
1479,5
1479,9
1480,9
1480,10
1480,3
1480,4
1480,13
1480,1
1480,8
1483,1
1483,2
1483,5
1483,6
1483,9
1484,20
1484,15
1484,3
1484,4
1484,9
1484,10
1484,1
1484,2
1487,7
1487,10
1487,11
1487,1
1487,8
1487,3
1487,4
1490,9
1490,10
1490,16
1490,17
1490,7
1490,4
1492,6
1492,2
1492,13
1492,3
1492,14
1494,7
1494,4
1494,5
1494,6
1494,9
1494,2
1495,12
1495,6
1495,2
1495,3
1495,1
1495,8
1496,12
1496,1
1496,8
1496,7
1496,4
1496,13
1497,5
1497,9
1497,1
1497,2
1497,3
1497,4
1497,7
1498,7
1498,4
1498,9
1498,10
1498,14
1499,14
1499,3
1499,4
1499,9
1499,10
1499,7
1500,18
1500,19
1500,6
1500,2
1500,5
1500,1
1503,3
1503,6
1503,7
1503,10
1503,1
1503,8
1503,11
1504,12
1504,5
1504,6
1504,1
1504,2
1504,13
1506,5
1506,9
1506,7
1506,4
1506,1
1506,8
1507,11
1507,3
1507,4
1507,5
1507,9
1508,3
1508,4
1508,1
1508,8
1508,7
1508,5
1508,9
1509,1
1509,8
1509,5
1509,6
1509,12
1509,7
1509,4
1517,5
1517,9
1517,1
1517,2
1517,7
1517,10
1517,3
1517,4
1518,14
1518,3
1518,4
1518,7
1518,10
1518,6
1518,2
1519,1
1519,2
1519,14
1519,9
1519,10
1519,13
1520,13
1520,6
1520,2
1520,7
1520,4
1520,3
1521,5
1521,9
1521,1
1521,2
1521,7
1521,10
1521,11
1522,17
1522,18
1522,5
1522,6
1522,2
1522,3
1522,4
1523,1
1523,2
1523,5
1523,9
1523,6
1523,3
1523,4
1525,14
1525,9
1525,10
1525,1
1525,2
1525,3
1525,6
1526,6
1526,2
1526,14
1526,3
1526,4
1526,12
1527,7
1527,10
1527,9
1527,6
1527,2
1527,11
1528,13
1528,9
1528,10
1528,7
1528,4
1528,3
1528,6
1529,13
1529,1
1529,8
1529,7
1529,4
1529,5
1529,9
1532,13
1532,1
1532,8
1532,7
1532,4
1532,2
1533,12
1533,7
1533,4
1533,1
1533,2
1533,5
1533,6
1534,1
1534,8
1534,5
1534,6
1534,7
1534,4
1534,9
1534,10
1535,5
1535,9
1535,1
1535,2
1535,6
1535,3
1535,4
1537,1
1537,8
1537,14
1537,5
1537,6
1537,11
1538,12
1538,7
1538,10
1538,9
1538,3
1538,6
1539,5
1539,9
1539,3
1539,4
1539,6
1540,6
1540,2
1540,3
1540,5
1542,9
1542,10
1542,7
1542,4
1542,5
1542,6
1542,1
1542,8
1543,5
1543,6
1543,11
1543,7
1543,10
1543,3
1543,4
1545,1
1545,8
1545,9
1545,10
1545,5
1545,6
1547,1
1547,2
1547,3
1547,4
1547,8
1549,11
1549,6
1549,2
1549,1
1549,8
1549,5
1551,9
1551,10
1551,1
1551,2
1551,3
1551,6
1551,5
1552,6
1552,2
1552,1
1552,8
1552,11
1552,7
1552,10
1558,9
1558,10
1558,5
1558,6
1558,3
1558,1
1558,8
1559,3
1559,4
1559,1
1559,8
1559,5
1559,9
1559,2
1566,9
1566,10
1566,3
1566,4
1566,6
1566,2
1566,1
1574,15
1574,16
1574,13
1574,3
1574,6
1574,5
1581,6
1581,2
1581,13
1581,1
1581,8
1581,7
1581,4
